{"timestamp":"2026-07-28T07:17:26.014Z","level":"info","component":"HealthCheck","message":"[HealthCheck] Starting proactive token health-check (tick every 60s)"}
{"timestamp":"2026-07-28T07:17:26.022Z","level":"info","component":"Shutdown","message":"[Shutdown] Graceful shutdown handlers registered."}
{"timestamp":"2026-07-28T07:17:26.023Z","level":"info","component":"STARTUP","message":"[STARTUP] Spend batch writer started"}
{"timestamp":"2026-07-28T07:17:26.024Z","level":"info","component":"STARTUP","message":"[STARTUP] Guardrail registry initialized"}
{"timestamp":"2026-07-28T07:17:26.024Z","level":"info","component":"STARTUP","message":"[STARTUP] Builtin skill handlers registered"}
{"timestamp":"2026-07-28T07:17:26.025Z","level":"info","component":"STARTUP","message":"[STARTUP] Quota cache background refresh started"}
{"timestamp":"2026-07-28T07:17:26.026Z","level":"info","component":"ProviderLimitsSync","message":"[ProviderLimitsSync] Scheduler started — interval: 70m"}
{"timestamp":"2026-07-28T07:17:26.027Z","level":"info","component":"STARTUP","message":"[STARTUP] Provider limits sync scheduler started"}
{"timestamp":"2026-07-28T07:17:26.100Z","level":"info","component":"ModelSync","message":"[ModelSync] Scheduler started — interval: 24h"}
{"timestamp":"2026-07-28T07:17:26.103Z","level":"info","component":"STARTUP","message":"[STARTUP] Cloud/model sync background bootstrap initialized"}
{"timestamp":"2026-07-28T07:17:26.112Z","level":"info","component":"BATCH","message":"[BATCH] Initializing batch processor polling..."}
{"timestamp":"2026-07-28T07:17:26.113Z","level":"info","component":"STARTUP","message":"[STARTUP] Batch processor started"}
{"timestamp":"2026-07-28T07:17:26.442Z","level":"info","component":"AUTH","message":"[AUTH] Migrated INITIAL_PASSWORD to bcrypt hash during startup"}
{"timestamp":"2026-07-28T07:17:26.454Z","level":"info","component":"STARTUP","message":"[STARTUP] Runtime settings hydrated: payloadRules, modelAliases, backgroundDegradation, cliCompatProviders, cacheControl, usageTracking, healthCheckLogs, thoughtSignature, modelsDevSync, corsOrigins, ccBridgeTransforms, systemTransforms, authzBypass, bannedSignals"}
{"timestamp":"2026-07-28T07:17:26.458Z","level":"info","component":"STARTUP","message":"[STARTUP] Model alias seed: applied=6, skipped=0, failed=0"}
{"timestamp":"2026-07-28T07:17:26.461Z","level":"info","component":"STARTUP","message":"[STARTUP] Migrated Codex connection defaults for 0 connection(s)"}
{"timestamp":"2026-07-28T07:17:26.514Z","level":"info","component":"STARTUP","message":"[STARTUP] Synced migrated Codex connection defaults to cloud"}
{"timestamp":"2026-07-28T07:17:26.516Z","level":"info","component":"HOT_RELOAD","message":"[HOT_RELOAD] Runtime config hot-reload started (poll=5000ms, fsWatch=on)"}
{"timestamp":"2026-07-28T07:17:26.522Z","level":"info","component":"COMPLIANCE","message":"[COMPLIANCE] Audit log table initialized"}
{"timestamp":"2026-07-28T07:17:26.531Z","level":"info","component":"STARTUP","message":"[STARTUP] Scheduled VACUUM initialized (#4437)"}
{"timestamp":"2026-07-28T07:17:26.538Z","level":"info","component":"STARTUP","message":"[STARTUP] Embedded services bootstrap complete"}
{"timestamp":"2026-07-28T07:17:26.545Z","level":"info","component":"AutoRefreshDaemon","message":"[AutoRefreshDaemon] Started — checking 0 credentials every 900s"}
{"timestamp":"2026-07-28T07:17:26.553Z","level":"info","component":"ConnectionRecovery","message":"[ConnectionRecovery] Starting proactive cooldown recovery (tick every 60s)"}
{"timestamp":"2026-07-28T07:17:26.556Z","level":"info","component":"ARENA_ELO_SYNC","message":"[ARENA_ELO_SYNC] Starting periodic sync every 86400s"}
{"timestamp":"2026-07-28T07:17:26.562Z","level":"info","component":"STARTUP","message":"[STARTUP] Arena ELO sync initialized"}
{"timestamp":"2026-07-28T07:17:26.565Z","level":"info","component":"PRICING_SYNC","message":"[PRICING_SYNC] Disabled (set PRICING_SYNC_ENABLED=true to enable)"}
{"timestamp":"2026-07-28T07:17:26.571Z","level":"info","component":"MODELS_DEV","message":"[MODELS_DEV] Disabled (enable via Settings > AI)"}
{"timestamp":"2026-07-28T07:17:26.585Z","level":"info","component":"STARTUP","message":"[STARTUP] Live dashboard WebSocket daemon bootstrap invoked"}
{"timestamp":"2026-07-28T07:17:27.396Z","level":"info","component":"LocalHealthCheck","message":"[LocalHealthCheck] Starting local provider health check (initial delay 15s)"}
{"timestamp":"2026-07-28T07:17:28.314Z","level":"warn","component":"REDIS","message":"[REDIS] REDIS_URL is not set in production. Using in-memory rate limiting."}
{"timestamp":"2026-07-28T07:17:32.300Z","level":"info","component":"EmbedWsProxy","message":"[EmbedWsProxy] Listening on 127.0.0.1:20131"}
{"timestamp":"2026-07-28T07:17:32.301Z","level":"info","component":"LiveWS","message":"[LiveWS] Dashboard WebSocket server listening on %s:%d 127.0.0.1 20132"}
{"timestamp":"2026-07-28T07:17:32.309Z","level":"info","component":"ProviderLimitsSync","message":"[ProviderLimitsSync] Cycle complete: 0/0 synced in 2ms"}
{"timestamp":"2026-07-28T07:17:32.310Z","level":"info","component":"ModelSync","message":"[ModelSync] No connections with autoSync enabled — skipping cycle"}
{"timestamp":"2026-07-28T07:17:32.385Z","level":"info","component":"app","message":"kill deprecated models complete."}
{"timestamp":"2026-07-28T07:17:32.577Z","level":"info","component":"ARENA_ELO_SYNC","message":"[ARENA_ELO_SYNC] synced 204 model intelligence entries from Arena leaderboards"}
{"timestamp":"2026-07-28T07:17:32.578Z","level":"info","component":"ARENA_ELO_SYNC","message":"[ARENA_ELO_SYNC] Initial sync complete: 204 model intelligence entries"}
{"timestamp":"2026-07-28T07:18:26.036Z","level":"info","component":"ProxyHealth","message":"[ProxyHealth] Starting proxy health scheduler (interval: 600000ms)"}
{"timestamp":"2026-07-28T07:25:37.199Z","level":"info","component":"HealthCheck","message":"[HealthCheck] Starting proactive token health-check (tick every 60s)"}
{"timestamp":"2026-07-28T07:25:37.211Z","level":"info","component":"Shutdown","message":"[Shutdown] Graceful shutdown handlers registered."}
{"timestamp":"2026-07-28T07:25:37.212Z","level":"info","component":"STARTUP","message":"[STARTUP] Spend batch writer started"}
{"timestamp":"2026-07-28T07:25:37.213Z","level":"info","component":"STARTUP","message":"[STARTUP] Guardrail registry initialized"}
{"timestamp":"2026-07-28T07:25:37.214Z","level":"info","component":"STARTUP","message":"[STARTUP] Builtin skill handlers registered"}
{"timestamp":"2026-07-28T07:25:37.214Z","level":"info","component":"STARTUP","message":"[STARTUP] Quota cache background refresh started"}
{"timestamp":"2026-07-28T07:25:37.215Z","level":"info","component":"ProviderLimitsSync","message":"[ProviderLimitsSync] Scheduler started — interval: 70m"}
{"timestamp":"2026-07-28T07:25:37.215Z","level":"info","component":"STARTUP","message":"[STARTUP] Provider limits sync scheduler started"}
{"timestamp":"2026-07-28T07:25:37.264Z","level":"info","component":"ModelSync","message":"[ModelSync] Scheduler started — interval: 24h"}
{"timestamp":"2026-07-28T07:25:37.266Z","level":"info","component":"STARTUP","message":"[STARTUP] Cloud/model sync background bootstrap initialized"}
{"timestamp":"2026-07-28T07:25:37.272Z","level":"info","component":"BATCH","message":"[BATCH] Initializing batch processor polling..."}
{"timestamp":"2026-07-28T07:25:37.273Z","level":"info","component":"STARTUP","message":"[STARTUP] Batch processor started"}
{"timestamp":"2026-07-28T07:25:37.288Z","level":"info","component":"STARTUP","message":"[STARTUP] Runtime settings hydrated: payloadRules, modelAliases, backgroundDegradation, cliCompatProviders, cacheControl, usageTracking, healthCheckLogs, thoughtSignature, modelsDevSync, corsOrigins, ccBridgeTransforms, systemTransforms, authzBypass, bannedSignals"}
{"timestamp":"2026-07-28T07:25:37.290Z","level":"info","component":"STARTUP","message":"[STARTUP] Model alias seed: applied=0, skipped=6, failed=0"}
{"timestamp":"2026-07-28T07:25:37.292Z","level":"info","component":"HOT_RELOAD","message":"[HOT_RELOAD] Runtime config hot-reload started (poll=5000ms, fsWatch=on)"}
{"timestamp":"2026-07-28T07:25:37.303Z","level":"info","component":"COMPLIANCE","message":"[COMPLIANCE] Audit log table initialized"}
{"timestamp":"2026-07-28T07:25:37.309Z","level":"info","component":"STARTUP","message":"[STARTUP] Scheduled VACUUM initialized (#4437)"}
{"timestamp":"2026-07-28T07:25:37.314Z","level":"info","component":"STARTUP","message":"[STARTUP] Embedded services bootstrap complete"}
{"timestamp":"2026-07-28T07:25:37.320Z","level":"info","component":"AutoRefreshDaemon","message":"[AutoRefreshDaemon] Started — checking 0 credentials every 900s"}
{"timestamp":"2026-07-28T07:25:37.325Z","level":"info","component":"ConnectionRecovery","message":"[ConnectionRecovery] Starting proactive cooldown recovery (tick every 60s)"}
{"timestamp":"2026-07-28T07:25:37.328Z","level":"info","component":"ARENA_ELO_SYNC","message":"[ARENA_ELO_SYNC] Starting periodic sync every 86400s"}
{"timestamp":"2026-07-28T07:25:37.338Z","level":"info","component":"STARTUP","message":"[STARTUP] Arena ELO sync initialized"}
{"timestamp":"2026-07-28T07:25:37.341Z","level":"info","component":"PRICING_SYNC","message":"[PRICING_SYNC] Disabled (set PRICING_SYNC_ENABLED=true to enable)"}
{"timestamp":"2026-07-28T07:25:37.348Z","level":"info","component":"MODELS_DEV","message":"[MODELS_DEV] Disabled (enable via Settings > AI)"}
{"timestamp":"2026-07-28T07:25:37.360Z","level":"info","component":"STARTUP","message":"[STARTUP] Live dashboard WebSocket daemon bootstrap invoked"}
{"timestamp":"2026-07-28T07:25:38.467Z","level":"warn","component":"REDIS","message":"[REDIS] REDIS_URL is not set in production. Using in-memory rate limiting."}
{"timestamp":"2026-07-28T07:25:41.547Z","level":"info","component":"EmbedWsProxy","message":"[EmbedWsProxy] Listening on 127.0.0.1:20131"}
{"timestamp":"2026-07-28T07:25:41.547Z","level":"info","component":"LiveWS","message":"[LiveWS] Dashboard WebSocket server listening on %s:%d 127.0.0.1 20132"}
{"timestamp":"2026-07-28T07:25:41.801Z","level":"info","component":"ARENA_ELO_SYNC","message":"[ARENA_ELO_SYNC] synced 204 model intelligence entries from Arena leaderboards"}
{"timestamp":"2026-07-28T07:25:41.803Z","level":"info","component":"ARENA_ELO_SYNC","message":"[ARENA_ELO_SYNC] Initial sync complete: 204 model intelligence entries"}
{"timestamp":"2026-07-28T07:25:42.280Z","level":"info","component":"ModelSync","message":"[ModelSync] No connections with autoSync enabled — skipping cycle"}
{"timestamp":"2026-07-28T07:26:38.292Z","level":"info","component":"HealthCheck","message":"[HealthCheck] Starting proactive token health-check (tick every 60s)"}
{"timestamp":"2026-07-28T07:26:38.296Z","level":"info","component":"Shutdown","message":"[Shutdown] Graceful shutdown handlers registered."}
{"timestamp":"2026-07-28T07:26:38.298Z","level":"info","component":"STARTUP","message":"[STARTUP] Spend batch writer started"}
{"timestamp":"2026-07-28T07:26:38.298Z","level":"info","component":"STARTUP","message":"[STARTUP] Guardrail registry initialized"}
{"timestamp":"2026-07-28T07:26:38.299Z","level":"info","component":"STARTUP","message":"[STARTUP] Builtin skill handlers registered"}
{"timestamp":"2026-07-28T07:26:38.299Z","level":"info","component":"STARTUP","message":"[STARTUP] Quota cache background refresh started"}
{"timestamp":"2026-07-28T07:26:38.300Z","level":"info","component":"ProviderLimitsSync","message":"[ProviderLimitsSync] Scheduler started — interval: 70m"}
{"timestamp":"2026-07-28T07:26:38.301Z","level":"info","component":"STARTUP","message":"[STARTUP] Provider limits sync scheduler started"}
{"timestamp":"2026-07-28T07:26:38.352Z","level":"info","component":"ModelSync","message":"[ModelSync] Scheduler started — interval: 24h"}
{"timestamp":"2026-07-28T07:26:38.355Z","level":"info","component":"STARTUP","message":"[STARTUP] Cloud/model sync background bootstrap initialized"}
{"timestamp":"2026-07-28T07:26:38.360Z","level":"info","component":"BATCH","message":"[BATCH] Initializing batch processor polling..."}
{"timestamp":"2026-07-28T07:26:38.361Z","level":"info","component":"STARTUP","message":"[STARTUP] Batch processor started"}
{"timestamp":"2026-07-28T07:26:38.376Z","level":"info","component":"STARTUP","message":"[STARTUP] Runtime settings hydrated: payloadRules, modelAliases, backgroundDegradation, cliCompatProviders, cacheControl, usageTracking, healthCheckLogs, thoughtSignature, modelsDevSync, corsOrigins, ccBridgeTransforms, systemTransforms, authzBypass, bannedSignals"}
{"timestamp":"2026-07-28T07:26:38.378Z","level":"info","component":"STARTUP","message":"[STARTUP] Model alias seed: applied=0, skipped=6, failed=0"}
{"timestamp":"2026-07-28T07:26:38.380Z","level":"info","component":"HOT_RELOAD","message":"[HOT_RELOAD] Runtime config hot-reload started (poll=5000ms, fsWatch=on)"}
{"timestamp":"2026-07-28T07:26:38.389Z","level":"info","component":"COMPLIANCE","message":"[COMPLIANCE] Audit log table initialized"}
{"timestamp":"2026-07-28T07:26:38.395Z","level":"info","component":"STARTUP","message":"[STARTUP] Scheduled VACUUM initialized (#4437)"}
{"timestamp":"2026-07-28T07:26:38.401Z","level":"info","component":"STARTUP","message":"[STARTUP] Embedded services bootstrap complete"}
{"timestamp":"2026-07-28T07:26:38.406Z","level":"info","component":"AutoRefreshDaemon","message":"[AutoRefreshDaemon] Started — checking 0 credentials every 900s"}
{"timestamp":"2026-07-28T07:26:38.410Z","level":"info","component":"ConnectionRecovery","message":"[ConnectionRecovery] Starting proactive cooldown recovery (tick every 60s)"}
{"timestamp":"2026-07-28T07:26:38.413Z","level":"info","component":"ARENA_ELO_SYNC","message":"[ARENA_ELO_SYNC] Starting periodic sync every 86400s"}
{"timestamp":"2026-07-28T07:26:38.424Z","level":"info","component":"STARTUP","message":"[STARTUP] Arena ELO sync initialized"}
{"timestamp":"2026-07-28T07:26:38.426Z","level":"info","component":"PRICING_SYNC","message":"[PRICING_SYNC] Disabled (set PRICING_SYNC_ENABLED=true to enable)"}
{"timestamp":"2026-07-28T07:26:38.433Z","level":"info","component":"MODELS_DEV","message":"[MODELS_DEV] Disabled (enable via Settings > AI)"}
{"timestamp":"2026-07-28T07:26:38.445Z","level":"info","component":"STARTUP","message":"[STARTUP] Live dashboard WebSocket daemon bootstrap invoked"}
{"timestamp":"2026-07-28T07:26:39.575Z","level":"warn","component":"REDIS","message":"[REDIS] REDIS_URL is not set in production. Using in-memory rate limiting."}
{"timestamp":"2026-07-28T07:26:42.698Z","level":"info","component":"EmbedWsProxy","message":"[EmbedWsProxy] Listening on 127.0.0.1:20131"}
{"timestamp":"2026-07-28T07:26:42.699Z","level":"info","component":"LiveWS","message":"[LiveWS] Dashboard WebSocket server listening on %s:%d 127.0.0.1 20132"}
{"timestamp":"2026-07-28T07:26:42.935Z","level":"info","component":"ARENA_ELO_SYNC","message":"[ARENA_ELO_SYNC] synced 204 model intelligence entries from Arena leaderboards"}
{"timestamp":"2026-07-28T07:26:42.936Z","level":"info","component":"ARENA_ELO_SYNC","message":"[ARENA_ELO_SYNC] Initial sync complete: 204 model intelligence entries"}
{"timestamp":"2026-07-28T07:26:43.360Z","level":"info","component":"ModelSync","message":"[ModelSync] No connections with autoSync enabled — skipping cycle"}
{"timestamp":"2026-07-28T07:28:38.579Z","level":"info","component":"HealthCheck","message":"[HealthCheck] Starting proactive token health-check (tick every 60s)"}
{"timestamp":"2026-07-28T07:28:38.583Z","level":"info","component":"Shutdown","message":"[Shutdown] Graceful shutdown handlers registered."}
{"timestamp":"2026-07-28T07:28:38.584Z","level":"info","component":"STARTUP","message":"[STARTUP] Spend batch writer started"}
{"timestamp":"2026-07-28T07:28:38.584Z","level":"info","component":"STARTUP","message":"[STARTUP] Guardrail registry initialized"}
{"timestamp":"2026-07-28T07:28:38.585Z","level":"info","component":"STARTUP","message":"[STARTUP] Builtin skill handlers registered"}
{"timestamp":"2026-07-28T07:28:38.585Z","level":"info","component":"STARTUP","message":"[STARTUP] Quota cache background refresh started"}
{"timestamp":"2026-07-28T07:28:38.585Z","level":"info","component":"ProviderLimitsSync","message":"[ProviderLimitsSync] Scheduler started — interval: 70m"}
{"timestamp":"2026-07-28T07:28:38.586Z","level":"info","component":"STARTUP","message":"[STARTUP] Provider limits sync scheduler started"}
{"timestamp":"2026-07-28T07:28:38.627Z","level":"info","component":"ModelSync","message":"[ModelSync] Scheduler started — interval: 24h"}
{"timestamp":"2026-07-28T07:28:38.629Z","level":"info","component":"STARTUP","message":"[STARTUP] Cloud/model sync background bootstrap initialized"}
{"timestamp":"2026-07-28T07:28:38.635Z","level":"info","component":"BATCH","message":"[BATCH] Initializing batch processor polling..."}
{"timestamp":"2026-07-28T07:28:38.635Z","level":"info","component":"STARTUP","message":"[STARTUP] Batch processor started"}
{"timestamp":"2026-07-28T07:28:38.649Z","level":"info","component":"STARTUP","message":"[STARTUP] Runtime settings hydrated: payloadRules, modelAliases, backgroundDegradation, cliCompatProviders, cacheControl, usageTracking, healthCheckLogs, thoughtSignature, modelsDevSync, corsOrigins, ccBridgeTransforms, systemTransforms, authzBypass, bannedSignals"}
{"timestamp":"2026-07-28T07:28:38.651Z","level":"info","component":"STARTUP","message":"[STARTUP] Model alias seed: applied=0, skipped=6, failed=0"}
{"timestamp":"2026-07-28T07:28:38.652Z","level":"info","component":"HOT_RELOAD","message":"[HOT_RELOAD] Runtime config hot-reload started (poll=5000ms, fsWatch=on)"}
{"timestamp":"2026-07-28T07:28:38.661Z","level":"info","component":"COMPLIANCE","message":"[COMPLIANCE] Audit log table initialized"}
{"timestamp":"2026-07-28T07:28:38.667Z","level":"info","component":"STARTUP","message":"[STARTUP] Scheduled VACUUM initialized (#4437)"}
{"timestamp":"2026-07-28T07:28:38.671Z","level":"info","component":"STARTUP","message":"[STARTUP] Embedded services bootstrap complete"}
{"timestamp":"2026-07-28T07:28:38.676Z","level":"info","component":"AutoRefreshDaemon","message":"[AutoRefreshDaemon] Started — checking 0 credentials every 900s"}
{"timestamp":"2026-07-28T07:28:38.680Z","level":"info","component":"ConnectionRecovery","message":"[ConnectionRecovery] Starting proactive cooldown recovery (tick every 60s)"}
{"timestamp":"2026-07-28T07:28:38.684Z","level":"info","component":"ARENA_ELO_SYNC","message":"[ARENA_ELO_SYNC] Starting periodic sync every 86400s"}
{"timestamp":"2026-07-28T07:28:38.694Z","level":"info","component":"STARTUP","message":"[STARTUP] Arena ELO sync initialized"}
{"timestamp":"2026-07-28T07:28:38.696Z","level":"info","component":"PRICING_SYNC","message":"[PRICING_SYNC] Disabled (set PRICING_SYNC_ENABLED=true to enable)"}
{"timestamp":"2026-07-28T07:28:38.703Z","level":"info","component":"MODELS_DEV","message":"[MODELS_DEV] Disabled (enable via Settings > AI)"}
{"timestamp":"2026-07-28T07:28:38.715Z","level":"info","component":"STARTUP","message":"[STARTUP] Live dashboard WebSocket daemon bootstrap invoked"}
{"timestamp":"2026-07-28T07:28:39.855Z","level":"warn","component":"REDIS","message":"[REDIS] REDIS_URL is not set in production. Using in-memory rate limiting."}
{"timestamp":"2026-07-28T07:28:43.564Z","level":"info","component":"EmbedWsProxy","message":"[EmbedWsProxy] Listening on 127.0.0.1:20131"}
{"timestamp":"2026-07-28T07:28:43.565Z","level":"info","component":"LiveWS","message":"[LiveWS] Dashboard WebSocket server listening on %s:%d 127.0.0.1 20132"}
{"timestamp":"2026-07-28T07:28:43.826Z","level":"info","component":"LocalHealthCheck","message":"[LocalHealthCheck] Starting local provider health check (initial delay 15s)"}
{"timestamp":"2026-07-28T07:28:43.862Z","level":"info","component":"ModelSync","message":"[ModelSync] No connections with autoSync enabled — skipping cycle"}
{"timestamp":"2026-07-28T07:28:44.219Z","level":"info","component":"ARENA_ELO_SYNC","message":"[ARENA_ELO_SYNC] synced 204 model intelligence entries from Arena leaderboards"}
{"timestamp":"2026-07-28T07:28:44.221Z","level":"info","component":"ARENA_ELO_SYNC","message":"[ARENA_ELO_SYNC] Initial sync complete: 204 model intelligence entries"}
{"timestamp":"2026-07-28T07:29:38.590Z","level":"info","component":"ProxyHealth","message":"[ProxyHealth] Starting proxy health scheduler (interval: 600000ms)"}
{"timestamp":"2026-07-28T07:36:27.066Z","level":"info","component":"HealthCheck","message":"[HealthCheck] Starting proactive token health-check (tick every 60s)"}
{"timestamp":"2026-07-28T07:36:27.070Z","level":"info","component":"Shutdown","message":"[Shutdown] Graceful shutdown handlers registered."}
{"timestamp":"2026-07-28T07:36:27.071Z","level":"info","component":"STARTUP","message":"[STARTUP] Spend batch writer started"}
{"timestamp":"2026-07-28T07:36:27.071Z","level":"info","component":"STARTUP","message":"[STARTUP] Guardrail registry initialized"}
{"timestamp":"2026-07-28T07:36:27.072Z","level":"info","component":"STARTUP","message":"[STARTUP] Builtin skill handlers registered"}
{"timestamp":"2026-07-28T07:36:27.072Z","level":"info","component":"STARTUP","message":"[STARTUP] Quota cache background refresh started"}
{"timestamp":"2026-07-28T07:36:27.073Z","level":"info","component":"ProviderLimitsSync","message":"[ProviderLimitsSync] Scheduler started — interval: 70m"}
{"timestamp":"2026-07-28T07:36:27.074Z","level":"info","component":"STARTUP","message":"[STARTUP] Provider limits sync scheduler started"}
{"timestamp":"2026-07-28T07:36:27.125Z","level":"info","component":"ModelSync","message":"[ModelSync] Scheduler started — interval: 24h"}
{"timestamp":"2026-07-28T07:36:27.127Z","level":"info","component":"STARTUP","message":"[STARTUP] Cloud/model sync background bootstrap initialized"}
{"timestamp":"2026-07-28T07:36:27.133Z","level":"info","component":"BATCH","message":"[BATCH] Initializing batch processor polling..."}
{"timestamp":"2026-07-28T07:36:27.133Z","level":"info","component":"STARTUP","message":"[STARTUP] Batch processor started"}
{"timestamp":"2026-07-28T07:36:27.147Z","level":"info","component":"STARTUP","message":"[STARTUP] Runtime settings hydrated: payloadRules, modelAliases, backgroundDegradation, cliCompatProviders, cacheControl, usageTracking, healthCheckLogs, thoughtSignature, modelsDevSync, corsOrigins, ccBridgeTransforms, systemTransforms, authzBypass, bannedSignals"}
{"timestamp":"2026-07-28T07:36:27.149Z","level":"info","component":"STARTUP","message":"[STARTUP] Model alias seed: applied=0, skipped=6, failed=0"}
{"timestamp":"2026-07-28T07:36:27.151Z","level":"info","component":"HOT_RELOAD","message":"[HOT_RELOAD] Runtime config hot-reload started (poll=5000ms, fsWatch=on)"}
{"timestamp":"2026-07-28T07:36:27.160Z","level":"info","component":"COMPLIANCE","message":"[COMPLIANCE] Audit log table initialized"}
{"timestamp":"2026-07-28T07:36:27.165Z","level":"info","component":"STARTUP","message":"[STARTUP] Scheduled VACUUM initialized (#4437)"}
{"timestamp":"2026-07-28T07:36:27.169Z","level":"info","component":"STARTUP","message":"[STARTUP] Embedded services bootstrap complete"}
{"timestamp":"2026-07-28T07:36:27.174Z","level":"info","component":"AutoRefreshDaemon","message":"[AutoRefreshDaemon] Started — checking 0 credentials every 900s"}
{"timestamp":"2026-07-28T07:36:27.180Z","level":"info","component":"ConnectionRecovery","message":"[ConnectionRecovery] Starting proactive cooldown recovery (tick every 60s)"}
{"timestamp":"2026-07-28T07:36:27.182Z","level":"info","component":"ARENA_ELO_SYNC","message":"[ARENA_ELO_SYNC] Starting periodic sync every 86400s"}
{"timestamp":"2026-07-28T07:36:27.194Z","level":"info","component":"STARTUP","message":"[STARTUP] Arena ELO sync initialized"}
{"timestamp":"2026-07-28T07:36:27.197Z","level":"info","component":"PRICING_SYNC","message":"[PRICING_SYNC] Disabled (set PRICING_SYNC_ENABLED=true to enable)"}
{"timestamp":"2026-07-28T07:36:27.203Z","level":"info","component":"MODELS_DEV","message":"[MODELS_DEV] Disabled (enable via Settings > AI)"}
{"timestamp":"2026-07-28T07:36:27.215Z","level":"info","component":"STARTUP","message":"[STARTUP] Live dashboard WebSocket daemon bootstrap invoked"}
{"timestamp":"2026-07-28T07:36:28.339Z","level":"warn","component":"REDIS","message":"[REDIS] REDIS_URL is not set in production. Using in-memory rate limiting."}
{"timestamp":"2026-07-28T07:36:31.457Z","level":"info","component":"EmbedWsProxy","message":"[EmbedWsProxy] Listening on 127.0.0.1:20131"}
{"timestamp":"2026-07-28T07:36:31.457Z","level":"info","component":"LiveWS","message":"[LiveWS] Dashboard WebSocket server listening on %s:%d 127.0.0.1 20132"}
{"timestamp":"2026-07-28T07:36:31.653Z","level":"info","component":"LocalHealthCheck","message":"[LocalHealthCheck] Starting local provider health check (initial delay 15s)"}
{"timestamp":"2026-07-28T07:36:31.899Z","level":"info","component":"ARENA_ELO_SYNC","message":"[ARENA_ELO_SYNC] synced 204 model intelligence entries from Arena leaderboards"}
{"timestamp":"2026-07-28T07:36:31.900Z","level":"info","component":"ARENA_ELO_SYNC","message":"[ARENA_ELO_SYNC] Initial sync complete: 204 model intelligence entries"}
{"timestamp":"2026-07-28T07:36:32.127Z","level":"info","component":"ModelSync","message":"[ModelSync] No connections with autoSync enabled — skipping cycle"}
{"timestamp":"2026-07-28T07:37:27.087Z","level":"info","component":"ProxyHealth","message":"[ProxyHealth] Starting proxy health scheduler (interval: 600000ms)"}
{"timestamp":"2026-07-28T07:37:50.935Z","level":"warn","component":"app","message":"07:37:50.934 [AUTO] auto/coding:pro matched no connected models; returning an empty pool. Set OMNIROUTE_AUTO_FREE_FALLBACK_TO_FULL_POOL=true to restore the legacy \"use full pool\" behavior."}
{"timestamp":"2026-07-28T07:37:50.959Z","level":"warn","component":"app","message":"07:37:50.959 [AUTO] auto/reasoning:pro matched no connected models; returning an empty pool. Set OMNIROUTE_AUTO_FREE_FALLBACK_TO_FULL_POOL=true to restore the legacy \"use full pool\" behavior."}
{"timestamp":"2026-07-28T07:37:50.972Z","level":"warn","component":"app","message":"07:37:50.972 [AUTO] auto/glm matched no connected models; returning an empty pool."}
{"timestamp":"2026-07-28T07:37:50.975Z","level":"warn","component":"app","message":"07:37:50.975 [AUTO] auto/zai matched no connected models; returning an empty pool."}
{"timestamp":"2026-07-28T07:37:50.976Z","level":"warn","component":"app","message":"07:37:50.976 [AUTO] auto/gemma matched no connected models; returning an empty pool."}
{"timestamp":"2026-07-28T07:44:54.515Z","level":"info","component":"HealthCheck","message":"[HealthCheck] Starting proactive token health-check (tick every 60s)"}
{"timestamp":"2026-07-28T07:44:54.519Z","level":"info","component":"Shutdown","message":"[Shutdown] Graceful shutdown handlers registered."}
{"timestamp":"2026-07-28T07:44:54.520Z","level":"info","component":"STARTUP","message":"[STARTUP] Spend batch writer started"}
{"timestamp":"2026-07-28T07:44:54.521Z","level":"info","component":"STARTUP","message":"[STARTUP] Guardrail registry initialized"}
{"timestamp":"2026-07-28T07:44:54.522Z","level":"info","component":"STARTUP","message":"[STARTUP] Builtin skill handlers registered"}
{"timestamp":"2026-07-28T07:44:54.523Z","level":"info","component":"STARTUP","message":"[STARTUP] Quota cache background refresh started"}
{"timestamp":"2026-07-28T07:44:54.523Z","level":"info","component":"ProviderLimitsSync","message":"[ProviderLimitsSync] Scheduler started — interval: 70m"}
{"timestamp":"2026-07-28T07:44:54.524Z","level":"info","component":"STARTUP","message":"[STARTUP] Provider limits sync scheduler started"}
{"timestamp":"2026-07-28T07:44:54.573Z","level":"info","component":"ModelSync","message":"[ModelSync] Scheduler started — interval: 24h"}
{"timestamp":"2026-07-28T07:44:54.576Z","level":"info","component":"STARTUP","message":"[STARTUP] Cloud/model sync background bootstrap initialized"}
{"timestamp":"2026-07-28T07:44:54.581Z","level":"info","component":"BATCH","message":"[BATCH] Initializing batch processor polling..."}
{"timestamp":"2026-07-28T07:44:54.582Z","level":"info","component":"STARTUP","message":"[STARTUP] Batch processor started"}
{"timestamp":"2026-07-28T07:44:54.596Z","level":"info","component":"STARTUP","message":"[STARTUP] Runtime settings hydrated: payloadRules, modelAliases, backgroundDegradation, cliCompatProviders, cacheControl, usageTracking, healthCheckLogs, thoughtSignature, modelsDevSync, corsOrigins, ccBridgeTransforms, systemTransforms, authzBypass, bannedSignals"}
{"timestamp":"2026-07-28T07:44:54.598Z","level":"info","component":"STARTUP","message":"[STARTUP] Model alias seed: applied=0, skipped=6, failed=0"}
{"timestamp":"2026-07-28T07:44:54.600Z","level":"info","component":"HOT_RELOAD","message":"[HOT_RELOAD] Runtime config hot-reload started (poll=5000ms, fsWatch=on)"}
{"timestamp":"2026-07-28T07:44:54.610Z","level":"info","component":"COMPLIANCE","message":"[COMPLIANCE] Audit log table initialized"}
{"timestamp":"2026-07-28T07:44:54.616Z","level":"info","component":"STARTUP","message":"[STARTUP] Scheduled VACUUM initialized (#4437)"}
{"timestamp":"2026-07-28T07:44:54.620Z","level":"info","component":"STARTUP","message":"[STARTUP] Embedded services bootstrap complete"}
{"timestamp":"2026-07-28T07:44:54.625Z","level":"info","component":"AutoRefreshDaemon","message":"[AutoRefreshDaemon] Started — checking 0 credentials every 900s"}
{"timestamp":"2026-07-28T07:44:54.630Z","level":"info","component":"ConnectionRecovery","message":"[ConnectionRecovery] Starting proactive cooldown recovery (tick every 60s)"}
{"timestamp":"2026-07-28T07:44:54.633Z","level":"info","component":"ARENA_ELO_SYNC","message":"[ARENA_ELO_SYNC] Starting periodic sync every 86400s"}
{"timestamp":"2026-07-28T07:44:54.643Z","level":"info","component":"STARTUP","message":"[STARTUP] Arena ELO sync initialized"}
{"timestamp":"2026-07-28T07:44:54.645Z","level":"info","component":"PRICING_SYNC","message":"[PRICING_SYNC] Disabled (set PRICING_SYNC_ENABLED=true to enable)"}
{"timestamp":"2026-07-28T07:44:54.651Z","level":"info","component":"MODELS_DEV","message":"[MODELS_DEV] Disabled (enable via Settings > AI)"}
{"timestamp":"2026-07-28T07:44:54.662Z","level":"info","component":"STARTUP","message":"[STARTUP] Live dashboard WebSocket daemon bootstrap invoked"}
{"timestamp":"2026-07-28T07:44:55.764Z","level":"warn","component":"REDIS","message":"[REDIS] REDIS_URL is not set in production. Using in-memory rate limiting."}
{"timestamp":"2026-07-28T07:44:58.870Z","level":"info","component":"EmbedWsProxy","message":"[EmbedWsProxy] Listening on 127.0.0.1:20131"}
{"timestamp":"2026-07-28T07:44:58.871Z","level":"info","component":"LiveWS","message":"[LiveWS] Dashboard WebSocket server listening on %s:%d 127.0.0.1 20132"}
{"timestamp":"2026-07-28T07:44:59.063Z","level":"info","component":"LocalHealthCheck","message":"[LocalHealthCheck] Starting local provider health check (initial delay 15s)"}
{"timestamp":"2026-07-28T07:44:59.476Z","level":"info","component":"ARENA_ELO_SYNC","message":"[ARENA_ELO_SYNC] synced 204 model intelligence entries from Arena leaderboards"}
{"timestamp":"2026-07-28T07:44:59.477Z","level":"info","component":"ARENA_ELO_SYNC","message":"[ARENA_ELO_SYNC] Initial sync complete: 204 model intelligence entries"}
{"timestamp":"2026-07-28T07:44:59.586Z","level":"info","component":"ModelSync","message":"[ModelSync] No connections with autoSync enabled — skipping cycle"}
{"timestamp":"2026-07-28T07:45:54.524Z","level":"info","component":"ProxyHealth","message":"[ProxyHealth] Starting proxy health scheduler (interval: 600000ms)"}
{"timestamp":"2026-07-28T08:15:48.296Z","level":"info","component":"HealthCheck","message":"[HealthCheck] Starting proactive token health-check (tick every 60s)"}
{"timestamp":"2026-07-28T08:15:48.302Z","level":"info","component":"Shutdown","message":"[Shutdown] Graceful shutdown handlers registered."}
{"timestamp":"2026-07-28T08:15:48.303Z","level":"info","component":"STARTUP","message":"[STARTUP] Spend batch writer started"}
{"timestamp":"2026-07-28T08:15:48.304Z","level":"info","component":"STARTUP","message":"[STARTUP] Guardrail registry initialized"}
{"timestamp":"2026-07-28T08:15:48.304Z","level":"info","component":"STARTUP","message":"[STARTUP] Builtin skill handlers registered"}
{"timestamp":"2026-07-28T08:15:48.305Z","level":"info","component":"STARTUP","message":"[STARTUP] Quota cache background refresh started"}
{"timestamp":"2026-07-28T08:15:48.305Z","level":"info","component":"ProviderLimitsSync","message":"[ProviderLimitsSync] Scheduler started — interval: 70m"}
{"timestamp":"2026-07-28T08:15:48.306Z","level":"info","component":"STARTUP","message":"[STARTUP] Provider limits sync scheduler started"}
{"timestamp":"2026-07-28T08:15:48.409Z","level":"info","component":"ModelSync","message":"[ModelSync] Scheduler started — interval: 24h"}
{"timestamp":"2026-07-28T08:15:48.412Z","level":"info","component":"STARTUP","message":"[STARTUP] Cloud/model sync background bootstrap initialized"}
{"timestamp":"2026-07-28T08:15:48.420Z","level":"info","component":"BATCH","message":"[BATCH] Initializing batch processor polling..."}
{"timestamp":"2026-07-28T08:15:48.421Z","level":"info","component":"STARTUP","message":"[STARTUP] Batch processor started"}
{"timestamp":"2026-07-28T08:15:48.445Z","level":"info","component":"STARTUP","message":"[STARTUP] Runtime settings hydrated: payloadRules, modelAliases, backgroundDegradation, cliCompatProviders, cacheControl, usageTracking, healthCheckLogs, thoughtSignature, modelsDevSync, corsOrigins, ccBridgeTransforms, systemTransforms, authzBypass, bannedSignals"}
{"timestamp":"2026-07-28T08:15:48.449Z","level":"info","component":"STARTUP","message":"[STARTUP] Model alias seed: applied=0, skipped=6, failed=0"}
{"timestamp":"2026-07-28T08:15:48.450Z","level":"info","component":"HOT_RELOAD","message":"[HOT_RELOAD] Runtime config hot-reload started (poll=5000ms, fsWatch=on)"}
{"timestamp":"2026-07-28T08:15:48.461Z","level":"info","component":"COMPLIANCE","message":"[COMPLIANCE] Audit log table initialized"}
{"timestamp":"2026-07-28T08:15:48.469Z","level":"info","component":"STARTUP","message":"[STARTUP] Scheduled VACUUM initialized (#4437)"}
{"timestamp":"2026-07-28T08:15:48.475Z","level":"info","component":"STARTUP","message":"[STARTUP] Embedded services bootstrap complete"}
{"timestamp":"2026-07-28T08:15:48.482Z","level":"info","component":"AutoRefreshDaemon","message":"[AutoRefreshDaemon] Started — checking 0 credentials every 900s"}
{"timestamp":"2026-07-28T08:15:48.490Z","level":"info","component":"ConnectionRecovery","message":"[ConnectionRecovery] Starting proactive cooldown recovery (tick every 60s)"}
{"timestamp":"2026-07-28T08:15:48.493Z","level":"info","component":"ARENA_ELO_SYNC","message":"[ARENA_ELO_SYNC] Starting periodic sync every 86400s"}
{"timestamp":"2026-07-28T08:15:48.504Z","level":"info","component":"STARTUP","message":"[STARTUP] Arena ELO sync initialized"}
{"timestamp":"2026-07-28T08:15:48.508Z","level":"info","component":"PRICING_SYNC","message":"[PRICING_SYNC] Disabled (set PRICING_SYNC_ENABLED=true to enable)"}
{"timestamp":"2026-07-28T08:15:48.516Z","level":"info","component":"MODELS_DEV","message":"[MODELS_DEV] Disabled (enable via Settings > AI)"}
{"timestamp":"2026-07-28T08:15:48.533Z","level":"info","component":"STARTUP","message":"[STARTUP] Live dashboard WebSocket daemon bootstrap invoked"}
{"timestamp":"2026-07-28T08:15:49.976Z","level":"warn","component":"REDIS","message":"[REDIS] REDIS_URL is not set in production. Using in-memory rate limiting."}
{"timestamp":"2026-07-28T08:15:54.046Z","level":"info","component":"EmbedWsProxy","message":"[EmbedWsProxy] Listening on 127.0.0.1:20131"}
{"timestamp":"2026-07-28T08:15:54.047Z","level":"info","component":"LiveWS","message":"[LiveWS] Dashboard WebSocket server listening on %s:%d 127.0.0.1 20132"}
{"timestamp":"2026-07-28T08:15:54.049Z","level":"info","component":"ModelSync","message":"[ModelSync] No connections with autoSync enabled — skipping cycle"}
{"timestamp":"2026-07-28T08:15:54.226Z","level":"info","component":"LocalHealthCheck","message":"[LocalHealthCheck] Starting local provider health check (initial delay 15s)"}
{"timestamp":"2026-07-28T08:15:54.363Z","level":"info","component":"ARENA_ELO_SYNC","message":"[ARENA_ELO_SYNC] synced 204 model intelligence entries from Arena leaderboards"}
{"timestamp":"2026-07-28T08:15:54.363Z","level":"info","component":"ARENA_ELO_SYNC","message":"[ARENA_ELO_SYNC] Initial sync complete: 204 model intelligence entries"}
{"timestamp":"2026-07-28T08:16:02.193Z","level":"info","component":"DB","message":"[DB] Added api_keys.blocked_models column"}
{"timestamp":"2026-07-28T08:16:02.196Z","level":"info","component":"DB","message":"[DB] Added api_keys.allowed_connections column"}
{"timestamp":"2026-07-28T08:16:02.199Z","level":"info","component":"DB","message":"[DB] Added api_keys.auto_resolve column"}
{"timestamp":"2026-07-28T08:16:02.201Z","level":"info","component":"DB","message":"[DB] Added api_keys.is_active column"}
{"timestamp":"2026-07-28T08:16:02.204Z","level":"info","component":"DB","message":"[DB] Added api_keys.access_schedule column"}
{"timestamp":"2026-07-28T08:16:02.207Z","level":"info","component":"DB","message":"[DB] Added api_keys.max_requests_per_day column"}
{"timestamp":"2026-07-28T08:16:02.210Z","level":"info","component":"DB","message":"[DB] Added api_keys.max_requests_per_minute column"}
{"timestamp":"2026-07-28T08:16:02.213Z","level":"info","component":"DB","message":"[DB] Added api_keys.max_sessions column"}
{"timestamp":"2026-07-28T08:16:02.216Z","level":"info","component":"DB","message":"[DB] Added api_keys.rate_limits column"}
{"timestamp":"2026-07-28T08:16:02.218Z","level":"info","component":"DB","message":"[DB] Added api_keys.is_banned column"}
{"timestamp":"2026-07-28T08:16:02.221Z","level":"info","component":"DB","message":"[DB] Added api_keys.key_hash column"}
{"timestamp":"2026-07-28T08:16:02.223Z","level":"info","component":"DB","message":"[DB] Added api_keys.proxy_id column"}
{"timestamp":"2026-07-28T08:16:02.225Z","level":"info","component":"DB","message":"[DB] Added api_keys.allowed_endpoints column"}
{"timestamp":"2026-07-28T08:16:02.229Z","level":"info","component":"DB","message":"[DB] Added api_keys.allow_usage_command column"}
{"timestamp":"2026-07-28T08:16:02.232Z","level":"info","component":"DB","message":"[DB] Added api_keys.chaos_mode_enabled column"}
{"timestamp":"2026-07-28T08:16:02.584Z","level":"error","component":"app","message":"(node:17816) [DEP0190] DeprecationWarning: Passing args to a child process with shell option true can lead to security vulnerabilities, as the arguments are not escaped, only concatenated.\n(Use `node --trace-deprecation ...` to show where the warning was created)"}
{"timestamp":"2026-07-28T08:16:03.832Z","level":"info","component":"LiveWS","message":"[LiveWS] Client connected: %s (%s) [%d total] e7b13a19 127.0.0.1 1"}
{"timestamp":"2026-07-28T08:16:45.742Z","level":"info","component":"LiveWS","message":"[LiveWS] Client disconnected: %s [%d remaining] e7b13a19 0"}
{"timestamp":"2026-07-28T08:16:46.206Z","level":"warn","component":"app","message":"08:16:46.206 [AUTO] auto/coding:pro matched no connected models; returning an empty pool. Set OMNIROUTE_AUTO_FREE_FALLBACK_TO_FULL_POOL=true to restore the legacy \"use full pool\" behavior."}
{"timestamp":"2026-07-28T08:16:46.241Z","level":"warn","component":"app","message":"08:16:46.241 [AUTO] auto/reasoning:pro matched no connected models; returning an empty pool. Set OMNIROUTE_AUTO_FREE_FALLBACK_TO_FULL_POOL=true to restore the legacy \"use full pool\" behavior."}
{"timestamp":"2026-07-28T08:16:46.262Z","level":"warn","component":"app","message":"08:16:46.262 [AUTO] auto/glm matched no connected models; returning an empty pool."}
{"timestamp":"2026-07-28T08:16:46.264Z","level":"warn","component":"app","message":"08:16:46.264 [AUTO] auto/zai matched no connected models; returning an empty pool."}
{"timestamp":"2026-07-28T08:16:46.265Z","level":"warn","component":"app","message":"08:16:46.265 [AUTO] auto/gemma matched no connected models; returning an empty pool."}
{"timestamp":"2026-07-28T08:16:48.311Z","level":"info","component":"ProxyHealth","message":"[ProxyHealth] Starting proxy health scheduler (interval: 600000ms)"}
{"timestamp":"2026-07-28T08:19:42.952Z","level":"warn","component":"app","message":"08:19:42.952 [AUTO] auto/coding:pro matched no connected models; returning an empty pool. Set OMNIROUTE_AUTO_FREE_FALLBACK_TO_FULL_POOL=true to restore the legacy \"use full pool\" behavior."}
{"timestamp":"2026-07-28T08:19:42.995Z","level":"warn","component":"app","message":"08:19:42.995 [AUTO] auto/reasoning:pro matched no connected models; returning an empty pool. Set OMNIROUTE_AUTO_FREE_FALLBACK_TO_FULL_POOL=true to restore the legacy \"use full pool\" behavior."}
{"timestamp":"2026-07-28T08:19:43.019Z","level":"warn","component":"app","message":"08:19:43.019 [AUTO] auto/glm matched no connected models; returning an empty pool."}
{"timestamp":"2026-07-28T08:19:43.022Z","level":"warn","component":"app","message":"08:19:43.022 [AUTO] auto/zai matched no connected models; returning an empty pool."}
{"timestamp":"2026-07-28T08:19:43.024Z","level":"warn","component":"app","message":"08:19:43.024 [AUTO] auto/gemma matched no connected models; returning an empty pool."}
{"timestamp":"2026-07-28T08:21:51.343Z","level":"warn","component":"app","message":"08:21:51.343 [AUTO] auto/coding:pro matched no connected models; returning an empty pool. Set OMNIROUTE_AUTO_FREE_FALLBACK_TO_FULL_POOL=true to restore the legacy \"use full pool\" behavior."}
{"timestamp":"2026-07-28T08:21:51.387Z","level":"warn","component":"app","message":"08:21:51.387 [AUTO] auto/reasoning:pro matched no connected models; returning an empty pool. Set OMNIROUTE_AUTO_FREE_FALLBACK_TO_FULL_POOL=true to restore the legacy \"use full pool\" behavior."}
{"timestamp":"2026-07-28T08:21:51.410Z","level":"warn","component":"app","message":"08:21:51.410 [AUTO] auto/glm matched no connected models; returning an empty pool."}
{"timestamp":"2026-07-28T08:21:51.413Z","level":"warn","component":"app","message":"08:21:51.413 [AUTO] auto/zai matched no connected models; returning an empty pool."}
{"timestamp":"2026-07-28T08:21:51.414Z","level":"warn","component":"app","message":"08:21:51.414 [AUTO] auto/gemma matched no connected models; returning an empty pool."}
{"level":40,"time":"2026-07-28T08:21:51.525Z","service":"omniroute","module":"sse","tag":"AUTH","msg":"No credentials for serper-search"}
{"level":40,"time":"2026-07-28T08:21:51.525Z","service":"omniroute","module":"sse","tag":"AUTH","msg":"No credentials for brave-search"}
{"level":40,"time":"2026-07-28T08:21:51.525Z","service":"omniroute","module":"sse","tag":"AUTH","msg":"No credentials for perplexity-search"}
{"level":40,"time":"2026-07-28T08:21:51.525Z","service":"omniroute","module":"sse","tag":"AUTH","msg":"No credentials for exa-search"}
{"level":40,"time":"2026-07-28T08:21:51.525Z","service":"omniroute","module":"sse","tag":"AUTH","msg":"No credentials for tavily-search"}
{"level":40,"time":"2026-07-28T08:21:51.525Z","service":"omniroute","module":"sse","tag":"AUTH","msg":"No credentials for google-pse-search"}
{"level":40,"time":"2026-07-28T08:21:51.525Z","service":"omniroute","module":"sse","tag":"AUTH","msg":"No credentials for linkup-search"}
{"level":40,"time":"2026-07-28T08:21:51.525Z","service":"omniroute","module":"sse","tag":"AUTH","msg":"No credentials for searchapi-search"}
{"level":40,"time":"2026-07-28T08:21:51.525Z","service":"omniroute","module":"sse","tag":"AUTH","msg":"No credentials for youcom-search"}
{"level":40,"time":"2026-07-28T08:21:51.525Z","service":"omniroute","module":"sse","tag":"AUTH","msg":"No credentials for searxng-search"}
{"level":40,"time":"2026-07-28T08:21:51.525Z","service":"omniroute","module":"sse","tag":"AUTH","msg":"No credentials for ollama-search"}
{"level":40,"time":"2026-07-28T08:21:51.525Z","service":"omniroute","module":"sse","tag":"AUTH","msg":"No credentials for zai-search"}
{"level":40,"time":"2026-07-28T08:21:51.525Z","service":"omniroute","module":"sse","tag":"AUTH","msg":"No credentials for duckduckgo-free"}
{"level":40,"time":"2026-07-28T08:21:51.526Z","service":"omniroute","module":"sse","tag":"AUTH","msg":"No credentials for perplexity"}
{"level":40,"time":"2026-07-28T08:21:51.526Z","service":"omniroute","module":"sse","tag":"AUTH","msg":"No credentials for ollama-cloud"}
{"level":40,"time":"2026-07-28T08:21:51.527Z","service":"omniroute","module":"sse","tag":"AUTH","msg":"No credentials for zai"}
{"level":40,"time":"2026-07-28T08:21:51.528Z","service":"omniroute","module":"sse","tag":"AUTH","msg":"No credentials for firecrawl"}
{"level":40,"time":"2026-07-28T08:21:51.528Z","service":"omniroute","module":"sse","tag":"AUTH","msg":"No credentials for jina-reader"}
{"level":40,"time":"2026-07-28T08:21:51.528Z","service":"omniroute","module":"sse","tag":"AUTH","msg":"No credentials for tavily-search"}
{"level":40,"time":"2026-07-28T08:21:51.528Z","service":"omniroute","module":"sse","tag":"AUTH","msg":"No credentials for tinyfish"}
{"timestamp":"2026-07-28T08:22:21.464Z","level":"warn","component":"app","message":"08:22:21.464 [AUTO] auto/coding:pro matched no connected models; returning an empty pool. Set OMNIROUTE_AUTO_FREE_FALLBACK_TO_FULL_POOL=true to restore the legacy \"use full pool\" behavior."}
{"timestamp":"2026-07-28T08:22:21.493Z","level":"warn","component":"app","message":"08:22:21.493 [AUTO] auto/reasoning:pro matched no connected models; returning an empty pool. Set OMNIROUTE_AUTO_FREE_FALLBACK_TO_FULL_POOL=true to restore the legacy \"use full pool\" behavior."}
{"timestamp":"2026-07-28T08:22:21.509Z","level":"warn","component":"app","message":"08:22:21.509 [AUTO] auto/glm matched no connected models; returning an empty pool."}
{"timestamp":"2026-07-28T08:22:21.512Z","level":"warn","component":"app","message":"08:22:21.512 [AUTO] auto/zai matched no connected models; returning an empty pool."}
{"timestamp":"2026-07-28T08:22:21.513Z","level":"warn","component":"app","message":"08:22:21.513 [AUTO] auto/gemma matched no connected models; returning an empty pool."}
{"timestamp":"2026-07-28T08:23:25.522Z","level":"warn","component":"app","message":"08:23:25.522 [AUTO] auto/coding:pro matched no connected models; returning an empty pool. Set OMNIROUTE_AUTO_FREE_FALLBACK_TO_FULL_POOL=true to restore the legacy \"use full pool\" behavior."}
{"timestamp":"2026-07-28T08:23:25.550Z","level":"warn","component":"app","message":"08:23:25.550 [AUTO] auto/reasoning:pro matched no connected models; returning an empty pool. Set OMNIROUTE_AUTO_FREE_FALLBACK_TO_FULL_POOL=true to restore the legacy \"use full pool\" behavior."}
{"timestamp":"2026-07-28T08:23:25.563Z","level":"warn","component":"app","message":"08:23:25.563 [AUTO] auto/glm matched no connected models; returning an empty pool."}
{"timestamp":"2026-07-28T08:23:25.566Z","level":"warn","component":"app","message":"08:23:25.566 [AUTO] auto/zai matched no connected models; returning an empty pool."}
{"timestamp":"2026-07-28T08:23:25.568Z","level":"warn","component":"app","message":"08:23:25.568 [AUTO] auto/gemma matched no connected models; returning an empty pool."}
{"timestamp":"2026-07-28T08:24:34.761Z","level":"warn","component":"app","message":"08:24:34.761 [AUTO] auto/coding:pro matched no connected models; returning an empty pool. Set OMNIROUTE_AUTO_FREE_FALLBACK_TO_FULL_POOL=true to restore the legacy \"use full pool\" behavior."}
{"timestamp":"2026-07-28T08:24:34.808Z","level":"warn","component":"app","message":"08:24:34.808 [AUTO] auto/reasoning:pro matched no connected models; returning an empty pool. Set OMNIROUTE_AUTO_FREE_FALLBACK_TO_FULL_POOL=true to restore the legacy \"use full pool\" behavior."}
{"timestamp":"2026-07-28T08:24:34.835Z","level":"warn","component":"app","message":"08:24:34.835 [AUTO] auto/glm matched no connected models; returning an empty pool."}
{"timestamp":"2026-07-28T08:24:34.839Z","level":"warn","component":"app","message":"08:24:34.839 [AUTO] auto/zai matched no connected models; returning an empty pool."}
{"timestamp":"2026-07-28T08:24:34.841Z","level":"warn","component":"app","message":"08:24:34.841 [AUTO] auto/gemma matched no connected models; returning an empty pool."}
{"level":40,"time":"2026-07-28T08:24:34.913Z","service":"omniroute","module":"sse","tag":"AUTH","msg":"No credentials for serper-search"}
{"level":40,"time":"2026-07-28T08:24:34.913Z","service":"omniroute","module":"sse","tag":"AUTH","msg":"No credentials for brave-search"}
{"level":40,"time":"2026-07-28T08:24:34.913Z","service":"omniroute","module":"sse","tag":"AUTH","msg":"No credentials for perplexity-search"}
{"level":40,"time":"2026-07-28T08:24:34.913Z","service":"omniroute","module":"sse","tag":"AUTH","msg":"No credentials for exa-search"}
{"level":40,"time":"2026-07-28T08:24:34.913Z","service":"omniroute","module":"sse","tag":"AUTH","msg":"No credentials for tavily-search"}
{"level":40,"time":"2026-07-28T08:24:34.913Z","service":"omniroute","module":"sse","tag":"AUTH","msg":"No credentials for google-pse-search"}
{"level":40,"time":"2026-07-28T08:24:34.913Z","service":"omniroute","module":"sse","tag":"AUTH","msg":"No credentials for linkup-search"}
{"level":40,"time":"2026-07-28T08:24:34.913Z","service":"omniroute","module":"sse","tag":"AUTH","msg":"No credentials for searchapi-search"}
{"level":40,"time":"2026-07-28T08:24:34.913Z","service":"omniroute","module":"sse","tag":"AUTH","msg":"No credentials for youcom-search"}
{"level":40,"time":"2026-07-28T08:24:34.913Z","service":"omniroute","module":"sse","tag":"AUTH","msg":"No credentials for searxng-search"}
{"level":40,"time":"2026-07-28T08:24:34.913Z","service":"omniroute","module":"sse","tag":"AUTH","msg":"No credentials for ollama-search"}
{"level":40,"time":"2026-07-28T08:24:34.913Z","service":"omniroute","module":"sse","tag":"AUTH","msg":"No credentials for zai-search"}
{"level":40,"time":"2026-07-28T08:24:34.914Z","service":"omniroute","module":"sse","tag":"AUTH","msg":"No credentials for duckduckgo-free"}
{"level":40,"time":"2026-07-28T08:24:34.915Z","service":"omniroute","module":"sse","tag":"AUTH","msg":"No credentials for perplexity"}
{"level":40,"time":"2026-07-28T08:24:34.915Z","service":"omniroute","module":"sse","tag":"AUTH","msg":"No credentials for ollama-cloud"}
{"level":40,"time":"2026-07-28T08:24:34.915Z","service":"omniroute","module":"sse","tag":"AUTH","msg":"No credentials for zai"}
{"level":40,"time":"2026-07-28T08:24:34.918Z","service":"omniroute","module":"sse","tag":"AUTH","msg":"No credentials for firecrawl"}
{"level":40,"time":"2026-07-28T08:24:34.918Z","service":"omniroute","module":"sse","tag":"AUTH","msg":"No credentials for jina-reader"}
{"level":40,"time":"2026-07-28T08:24:34.918Z","service":"omniroute","module":"sse","tag":"AUTH","msg":"No credentials for tavily-search"}
{"level":40,"time":"2026-07-28T08:24:34.918Z","service":"omniroute","module":"sse","tag":"AUTH","msg":"No credentials for tinyfish"}
{"timestamp":"2026-07-28T08:27:32.312Z","level":"info","component":"ProviderLimitsSync","message":"[ProviderLimitsSync] Cycle complete: 0/0 synced in 2ms"}
{"timestamp":"2026-07-28T08:28:41.432Z","level":"info","component":"LiveWS","message":"[LiveWS] Client connected: %s (%s) [%d total] 2d984a1c 127.0.0.1 1"}
{"timestamp":"2026-07-28T08:29:19.100Z","level":"info","component":"LiveWS","message":"[LiveWS] Client disconnected: %s [%d remaining] 2d984a1c 0"}
{"timestamp":"2026-07-28T08:29:20.542Z","level":"info","component":"LiveWS","message":"[LiveWS] Client connected: %s (%s) [%d total] eea3c20d 127.0.0.1 1"}
{"timestamp":"2026-07-28T08:29:20.544Z","level":"info","component":"LiveWS","message":"[LiveWS] Client disconnected: %s [%d remaining] eea3c20d 0"}
{"timestamp":"2026-07-28T08:29:20.860Z","level":"info","component":"LiveWS","message":"[LiveWS] Client connected: %s (%s) [%d total] 28e2da17 127.0.0.1 1"}
{"timestamp":"2026-07-28T08:29:23.545Z","level":"info","component":"LiveWS","message":"[LiveWS] Client connected: %s (%s) [%d total] 070dca2f 127.0.0.1 2"}
{"timestamp":"2026-07-28T08:29:23.547Z","level":"info","component":"LiveWS","message":"[LiveWS] Client disconnected: %s [%d remaining] 070dca2f 1"}
{"timestamp":"2026-07-28T08:29:23.856Z","level":"info","component":"LiveWS","message":"[LiveWS] Client connected: %s (%s) [%d total] 3c95213f 127.0.0.1 2"}
{"timestamp":"2026-07-28T08:29:26.539Z","level":"info","component":"LiveWS","message":"[LiveWS] Client connected: %s (%s) [%d total] 2b4cd6f9 127.0.0.1 3"}
{"timestamp":"2026-07-28T08:29:26.541Z","level":"info","component":"LiveWS","message":"[LiveWS] Client disconnected: %s [%d remaining] 2b4cd6f9 2"}
{"timestamp":"2026-07-28T08:29:26.852Z","level":"info","component":"LiveWS","message":"[LiveWS] Client connected: %s (%s) [%d total] c5451b26 127.0.0.1 3"}
{"timestamp":"2026-07-28T08:29:29.543Z","level":"info","component":"LiveWS","message":"[LiveWS] Client connected: %s (%s) [%d total] 5df3773d 127.0.0.1 4"}
{"timestamp":"2026-07-28T08:29:29.546Z","level":"info","component":"LiveWS","message":"[LiveWS] Client disconnected: %s [%d remaining] 5df3773d 3"}
{"timestamp":"2026-07-28T08:29:29.854Z","level":"info","component":"LiveWS","message":"[LiveWS] Client connected: %s (%s) [%d total] 16448d95 127.0.0.1 4"}
{"timestamp":"2026-07-28T08:29:32.539Z","level":"info","component":"LiveWS","message":"[LiveWS] Client connected: %s (%s) [%d total] ac8fd5e7 127.0.0.1 5"}
{"timestamp":"2026-07-28T08:29:32.540Z","level":"info","component":"LiveWS","message":"[LiveWS] Client disconnected: %s [%d remaining] ac8fd5e7 4"}
{"timestamp":"2026-07-28T08:29:32.850Z","level":"info","component":"LiveWS","message":"[LiveWS] Client connected: %s (%s) [%d total] 77a86d3f 127.0.0.1 5"}
{"timestamp":"2026-07-28T08:29:35.539Z","level":"info","component":"LiveWS","message":"[LiveWS] Client connected: %s (%s) [%d total] 99f06015 127.0.0.1 6"}
{"timestamp":"2026-07-28T08:29:35.541Z","level":"info","component":"LiveWS","message":"[LiveWS] Client disconnected: %s [%d remaining] 99f06015 5"}
{"timestamp":"2026-07-28T08:29:35.853Z","level":"info","component":"LiveWS","message":"[LiveWS] Client connected: %s (%s) [%d total] ebfc77cb 127.0.0.1 6"}
{"timestamp":"2026-07-28T08:29:38.541Z","level":"info","component":"LiveWS","message":"[LiveWS] Client connected: %s (%s) [%d total] e3435a57 127.0.0.1 7"}
{"timestamp":"2026-07-28T08:29:38.543Z","level":"info","component":"LiveWS","message":"[LiveWS] Client disconnected: %s [%d remaining] e3435a57 6"}
{"timestamp":"2026-07-28T08:29:38.851Z","level":"info","component":"LiveWS","message":"[LiveWS] Client connected: %s (%s) [%d total] 68278675 127.0.0.1 7"}
{"timestamp":"2026-07-28T08:29:41.551Z","level":"info","component":"LiveWS","message":"[LiveWS] Client connected: %s (%s) [%d total] ef44db85 127.0.0.1 8"}
{"timestamp":"2026-07-28T08:29:41.553Z","level":"info","component":"LiveWS","message":"[LiveWS] Client disconnected: %s [%d remaining] ef44db85 7"}
{"timestamp":"2026-07-28T08:29:41.868Z","level":"info","component":"LiveWS","message":"[LiveWS] Client connected: %s (%s) [%d total] 39082b13 127.0.0.1 8"}
{"timestamp":"2026-07-28T08:29:44.553Z","level":"info","component":"LiveWS","message":"[LiveWS] Client connected: %s (%s) [%d total] 5b412ef2 127.0.0.1 9"}
{"timestamp":"2026-07-28T08:29:44.555Z","level":"info","component":"LiveWS","message":"[LiveWS] Client disconnected: %s [%d remaining] 5b412ef2 8"}
{"timestamp":"2026-07-28T08:29:44.866Z","level":"info","component":"LiveWS","message":"[LiveWS] Client connected: %s (%s) [%d total] e0582535 127.0.0.1 9"}
{"timestamp":"2026-07-28T08:29:47.549Z","level":"info","component":"LiveWS","message":"[LiveWS] Client connected: %s (%s) [%d total] 045091ac 127.0.0.1 10"}
{"timestamp":"2026-07-28T08:29:47.550Z","level":"info","component":"LiveWS","message":"[LiveWS] Client disconnected: %s [%d remaining] 045091ac 9"}
{"timestamp":"2026-07-28T08:29:47.861Z","level":"info","component":"LiveWS","message":"[LiveWS] Client connected: %s (%s) [%d total] e7b65c82 127.0.0.1 10"}
{"timestamp":"2026-07-28T08:29:50.553Z","level":"info","component":"LiveWS","message":"[LiveWS] Client connected: %s (%s) [%d total] 9665fc6e 127.0.0.1 11"}
{"timestamp":"2026-07-28T08:29:50.555Z","level":"info","component":"LiveWS","message":"[LiveWS] Client disconnected: %s [%d remaining] 9665fc6e 10"}
{"timestamp":"2026-07-28T08:29:50.869Z","level":"info","component":"LiveWS","message":"[LiveWS] Client connected: %s (%s) [%d total] 212c9f4e 127.0.0.1 11"}
{"timestamp":"2026-07-28T08:29:53.540Z","level":"info","component":"LiveWS","message":"[LiveWS] Client connected: %s (%s) [%d total] d17cea52 127.0.0.1 12"}
{"timestamp":"2026-07-28T08:29:53.544Z","level":"info","component":"LiveWS","message":"[LiveWS] Client disconnected: %s [%d remaining] d17cea52 11"}
{"timestamp":"2026-07-28T08:29:53.855Z","level":"info","component":"LiveWS","message":"[LiveWS] Client connected: %s (%s) [%d total] 810b2108 127.0.0.1 12"}
{"timestamp":"2026-07-28T08:29:56.542Z","level":"info","component":"LiveWS","message":"[LiveWS] Client connected: %s (%s) [%d total] bb612797 127.0.0.1 13"}
{"timestamp":"2026-07-28T08:29:56.544Z","level":"info","component":"LiveWS","message":"[LiveWS] Client disconnected: %s [%d remaining] bb612797 12"}
{"timestamp":"2026-07-28T08:29:56.858Z","level":"info","component":"LiveWS","message":"[LiveWS] Client connected: %s (%s) [%d total] f29f8c5f 127.0.0.1 13"}
{"timestamp":"2026-07-28T08:29:59.553Z","level":"info","component":"LiveWS","message":"[LiveWS] Client connected: %s (%s) [%d total] c35fa11a 127.0.0.1 14"}
{"timestamp":"2026-07-28T08:29:59.555Z","level":"info","component":"LiveWS","message":"[LiveWS] Client disconnected: %s [%d remaining] c35fa11a 13"}
{"timestamp":"2026-07-28T08:29:59.872Z","level":"info","component":"LiveWS","message":"[LiveWS] Client connected: %s (%s) [%d total] f17c492d 127.0.0.1 14"}
{"timestamp":"2026-07-28T08:30:02.549Z","level":"info","component":"LiveWS","message":"[LiveWS] Client connected: %s (%s) [%d total] 812b9075 127.0.0.1 15"}
{"timestamp":"2026-07-28T08:30:02.551Z","level":"info","component":"LiveWS","message":"[LiveWS] Client disconnected: %s [%d remaining] 812b9075 14"}
{"timestamp":"2026-07-28T08:30:02.868Z","level":"info","component":"LiveWS","message":"[LiveWS] Client connected: %s (%s) [%d total] d9cfd38b 127.0.0.1 15"}
{"timestamp":"2026-07-28T08:30:04.119Z","level":"info","component":"LiveWS","message":"[LiveWS] Client disconnected: %s [%d remaining] c5451b26 12"}
{"timestamp":"2026-07-28T08:30:04.120Z","level":"info","component":"LiveWS","message":"[LiveWS] Client disconnected: %s [%d remaining] 3c95213f 12"}
{"timestamp":"2026-07-28T08:30:04.121Z","level":"info","component":"LiveWS","message":"[LiveWS] Client disconnected: %s [%d remaining] 28e2da17 12"}
{"timestamp":"2026-07-28T08:30:05.545Z","level":"info","component":"LiveWS","message":"[LiveWS] Client connected: %s (%s) [%d total] be2e2113 127.0.0.1 13"}
{"timestamp":"2026-07-28T08:30:05.863Z","level":"info","component":"LiveWS","message":"[LiveWS] Client connected: %s (%s) [%d total] 3d85f787 127.0.0.1 14"}
{"timestamp":"2026-07-28T08:30:19.124Z","level":"info","component":"LiveWS","message":"[LiveWS] Client disconnected: %s [%d remaining] 39082b13 9"}
{"timestamp":"2026-07-28T08:30:19.125Z","level":"info","component":"LiveWS","message":"[LiveWS] Client disconnected: %s [%d remaining] 68278675 9"}
{"timestamp":"2026-07-28T08:30:19.126Z","level":"info","component":"LiveWS","message":"[LiveWS] Client disconnected: %s [%d remaining] ebfc77cb 9"}
{"timestamp":"2026-07-28T08:30:19.127Z","level":"info","component":"LiveWS","message":"[LiveWS] Client disconnected: %s [%d remaining] 77a86d3f 9"}
{"timestamp":"2026-07-28T08:30:19.127Z","level":"info","component":"LiveWS","message":"[LiveWS] Client disconnected: %s [%d remaining] 16448d95 9"}
{"timestamp":"2026-07-28T08:30:20.545Z","level":"info","component":"LiveWS","message":"[LiveWS] Client connected: %s (%s) [%d total] 434a7c4f 127.0.0.1 10"}
{"timestamp":"2026-07-28T08:30:20.861Z","level":"info","component":"LiveWS","message":"[LiveWS] Client connected: %s (%s) [%d total] 6c381de0 127.0.0.1 11"}
{"timestamp":"2026-07-28T08:30:34.128Z","level":"info","component":"LiveWS","message":"[LiveWS] Client disconnected: %s [%d remaining] f29f8c5f 6"}
{"timestamp":"2026-07-28T08:30:34.129Z","level":"info","component":"LiveWS","message":"[LiveWS] Client disconnected: %s [%d remaining] 810b2108 6"}
{"timestamp":"2026-07-28T08:30:34.129Z","level":"info","component":"LiveWS","message":"[LiveWS] Client disconnected: %s [%d remaining] 212c9f4e 6"}
{"timestamp":"2026-07-28T08:30:34.130Z","level":"info","component":"LiveWS","message":"[LiveWS] Client disconnected: %s [%d remaining] e7b65c82 6"}
{"timestamp":"2026-07-28T08:30:34.130Z","level":"info","component":"LiveWS","message":"[LiveWS] Client disconnected: %s [%d remaining] e0582535 6"}
{"timestamp":"2026-07-28T08:30:35.550Z","level":"info","component":"LiveWS","message":"[LiveWS] Client connected: %s (%s) [%d total] 30d1d660 127.0.0.1 7"}
{"timestamp":"2026-07-28T08:30:35.865Z","level":"info","component":"LiveWS","message":"[LiveWS] Client connected: %s (%s) [%d total] f11934fa 127.0.0.1 8"}
{"timestamp":"2026-07-28T08:30:49.134Z","level":"info","component":"LiveWS","message":"[LiveWS] Client disconnected: %s [%d remaining] 3d85f787 4"}
{"timestamp":"2026-07-28T08:30:49.135Z","level":"info","component":"LiveWS","message":"[LiveWS] Client disconnected: %s [%d remaining] be2e2113 4"}
{"timestamp":"2026-07-28T08:30:49.135Z","level":"info","component":"LiveWS","message":"[LiveWS] Client disconnected: %s [%d remaining] d9cfd38b 4"}
{"timestamp":"2026-07-28T08:30:49.136Z","level":"info","component":"LiveWS","message":"[LiveWS] Client disconnected: %s [%d remaining] f17c492d 4"}
{"timestamp":"2026-07-28T08:30:50.544Z","level":"info","component":"LiveWS","message":"[LiveWS] Client connected: %s (%s) [%d total] 70c0a2ac 127.0.0.1 5"}
{"timestamp":"2026-07-28T08:30:50.546Z","level":"info","component":"LiveWS","message":"[LiveWS] Client disconnected: %s [%d remaining] 70c0a2ac 4"}
{"timestamp":"2026-07-28T08:30:50.860Z","level":"info","component":"LiveWS","message":"[LiveWS] Client connected: %s (%s) [%d total] e604836a 127.0.0.1 5"}
{"timestamp":"2026-07-28T08:30:59.554Z","level":"info","component":"LiveWS","message":"[LiveWS] Client connected: %s (%s) [%d total] 0dce427a 127.0.0.1 6"}
{"timestamp":"2026-07-28T08:30:59.556Z","level":"info","component":"LiveWS","message":"[LiveWS] Client disconnected: %s [%d remaining] 0dce427a 5"}
{"timestamp":"2026-07-28T08:30:59.872Z","level":"info","component":"LiveWS","message":"[LiveWS] Client connected: %s (%s) [%d total] 501d0d3f 127.0.0.1 6"}
{"timestamp":"2026-07-28T08:31:02.544Z","level":"info","component":"LiveWS","message":"[LiveWS] Client connected: %s (%s) [%d total] 4bd3af56 127.0.0.1 7"}
{"timestamp":"2026-07-28T08:31:02.545Z","level":"info","component":"LiveWS","message":"[LiveWS] Client disconnected: %s [%d remaining] 4bd3af56 6"}
{"timestamp":"2026-07-28T08:31:02.860Z","level":"info","component":"LiveWS","message":"[LiveWS] Client connected: %s (%s) [%d total] 3f8adf23 127.0.0.1 7"}
{"timestamp":"2026-07-28T08:31:04.140Z","level":"info","component":"LiveWS","message":"[LiveWS] Client disconnected: %s [%d remaining] 6c381de0 5"}
{"timestamp":"2026-07-28T08:31:04.141Z","level":"info","component":"LiveWS","message":"[LiveWS] Client disconnected: %s [%d remaining] 434a7c4f 5"}
{"timestamp":"2026-07-28T08:31:05.537Z","level":"info","component":"LiveWS","message":"[LiveWS] Client connected: %s (%s) [%d total] 1ca1a2de 127.0.0.1 6"}
{"timestamp":"2026-07-28T08:31:05.539Z","level":"info","component":"LiveWS","message":"[LiveWS] Client disconnected: %s [%d remaining] 1ca1a2de 5"}
{"timestamp":"2026-07-28T08:31:05.853Z","level":"info","component":"LiveWS","message":"[LiveWS] Client connected: %s (%s) [%d total] ffda9063 127.0.0.1 6"}
{"timestamp":"2026-07-28T08:31:14.555Z","level":"info","component":"LiveWS","message":"[LiveWS] Client connected: %s (%s) [%d total] aef66253 127.0.0.1 7"}
{"timestamp":"2026-07-28T08:31:14.557Z","level":"info","component":"LiveWS","message":"[LiveWS] Client disconnected: %s [%d remaining] aef66253 6"}
{"timestamp":"2026-07-28T08:31:14.870Z","level":"info","component":"LiveWS","message":"[LiveWS] Client connected: %s (%s) [%d total] 7546cb2a 127.0.0.1 7"}
{"timestamp":"2026-07-28T08:31:17.546Z","level":"info","component":"LiveWS","message":"[LiveWS] Client connected: %s (%s) [%d total] c9d6c08e 127.0.0.1 8"}
{"timestamp":"2026-07-28T08:31:17.547Z","level":"info","component":"LiveWS","message":"[LiveWS] Client disconnected: %s [%d remaining] c9d6c08e 7"}
{"timestamp":"2026-07-28T08:31:17.862Z","level":"info","component":"LiveWS","message":"[LiveWS] Client connected: %s (%s) [%d total] 02a1f4d3 127.0.0.1 8"}
{"timestamp":"2026-07-28T08:31:19.143Z","level":"info","component":"LiveWS","message":"[LiveWS] Client disconnected: %s [%d remaining] f11934fa 6"}
{"timestamp":"2026-07-28T08:31:19.145Z","level":"info","component":"LiveWS","message":"[LiveWS] Client disconnected: %s [%d remaining] 30d1d660 6"}
{"timestamp":"2026-07-28T08:31:20.555Z","level":"info","component":"LiveWS","message":"[LiveWS] Client connected: %s (%s) [%d total] 1669fff8 127.0.0.1 7"}
{"timestamp":"2026-07-28T08:31:20.557Z","level":"info","component":"LiveWS","message":"[LiveWS] Client disconnected: %s [%d remaining] 1669fff8 6"}
{"timestamp":"2026-07-28T08:31:20.871Z","level":"info","component":"LiveWS","message":"[LiveWS] Client connected: %s (%s) [%d total] c7aeb00b 127.0.0.1 7"}
{"timestamp":"2026-07-28T08:31:25.545Z","level":"info","component":"LiveWS","message":"[LiveWS] Client connected: %s (%s) [%d total] b4f0b391 127.0.0.1 8"}
{"timestamp":"2026-07-28T08:31:25.547Z","level":"info","component":"LiveWS","message":"[LiveWS] Client disconnected: %s [%d remaining] b4f0b391 7"}
{"timestamp":"2026-07-28T08:31:25.853Z","level":"info","component":"LiveWS","message":"[LiveWS] Client connected: %s (%s) [%d total] 5b9874e6 127.0.0.1 8"}
{"timestamp":"2026-07-28T08:31:28.549Z","level":"info","component":"LiveWS","message":"[LiveWS] Client connected: %s (%s) [%d total] ad0f5f50 127.0.0.1 9"}
{"timestamp":"2026-07-28T08:31:28.550Z","level":"info","component":"LiveWS","message":"[LiveWS] Client disconnected: %s [%d remaining] ad0f5f50 8"}
{"timestamp":"2026-07-28T08:31:28.860Z","level":"info","component":"LiveWS","message":"[LiveWS] Client connected: %s (%s) [%d total] b8701be8 127.0.0.1 9"}
{"timestamp":"2026-07-28T08:31:31.529Z","level":"info","component":"LiveWS","message":"[LiveWS] Client connected: %s (%s) [%d total] 8d6db5e2 127.0.0.1 10"}
{"timestamp":"2026-07-28T08:31:31.531Z","level":"info","component":"LiveWS","message":"[LiveWS] Client disconnected: %s [%d remaining] 8d6db5e2 9"}
{"timestamp":"2026-07-28T08:31:31.834Z","level":"info","component":"LiveWS","message":"[LiveWS] Client connected: %s (%s) [%d total] 3cb0a553 127.0.0.1 10"}
{"timestamp":"2026-07-28T08:31:34.151Z","level":"info","component":"LiveWS","message":"[LiveWS] Client disconnected: %s [%d remaining] e604836a 9"}
{"timestamp":"2026-07-28T08:31:34.539Z","level":"info","component":"LiveWS","message":"[LiveWS] Client connected: %s (%s) [%d total] 48f421b2 127.0.0.1 10"}
{"timestamp":"2026-07-28T08:31:34.541Z","level":"info","component":"LiveWS","message":"[LiveWS] Client disconnected: %s [%d remaining] 48f421b2 9"}
{"timestamp":"2026-07-28T08:31:34.854Z","level":"info","component":"LiveWS","message":"[LiveWS] Client connected: %s (%s) [%d total] 6e9dcf4e 127.0.0.1 10"}
{"timestamp":"2026-07-28T08:31:39.551Z","level":"info","component":"LiveWS","message":"[LiveWS] Client connected: %s (%s) [%d total] 2572ae3c 127.0.0.1 11"}
{"timestamp":"2026-07-28T08:31:39.553Z","level":"info","component":"LiveWS","message":"[LiveWS] Client disconnected: %s [%d remaining] 2572ae3c 10"}
{"timestamp":"2026-07-28T08:31:39.868Z","level":"info","component":"LiveWS","message":"[LiveWS] Client connected: %s (%s) [%d total] 7c888b84 127.0.0.1 11"}
{"timestamp":"2026-07-28T08:31:42.548Z","level":"info","component":"LiveWS","message":"[LiveWS] Client connected: %s (%s) [%d total] 6d693a06 127.0.0.1 12"}
{"timestamp":"2026-07-28T08:31:42.549Z","level":"info","component":"LiveWS","message":"[LiveWS] Client disconnected: %s [%d remaining] 6d693a06 11"}
{"timestamp":"2026-07-28T08:31:42.864Z","level":"info","component":"LiveWS","message":"[LiveWS] Client connected: %s (%s) [%d total] 7397314c 127.0.0.1 12"}
{"timestamp":"2026-07-28T08:31:45.544Z","level":"info","component":"LiveWS","message":"[LiveWS] Client connected: %s (%s) [%d total] 89f4d500 127.0.0.1 13"}
{"timestamp":"2026-07-28T08:31:45.546Z","level":"info","component":"LiveWS","message":"[LiveWS] Client disconnected: %s [%d remaining] 89f4d500 12"}
{"timestamp":"2026-07-28T08:31:45.857Z","level":"info","component":"LiveWS","message":"[LiveWS] Client connected: %s (%s) [%d total] 40f371e2 127.0.0.1 13"}
{"timestamp":"2026-07-28T08:31:48.546Z","level":"info","component":"LiveWS","message":"[LiveWS] Client connected: %s (%s) [%d total] 286b0b3e 127.0.0.1 14"}
{"timestamp":"2026-07-28T08:31:48.548Z","level":"info","component":"LiveWS","message":"[LiveWS] Client disconnected: %s [%d remaining] 286b0b3e 13"}
{"timestamp":"2026-07-28T08:31:48.855Z","level":"info","component":"LiveWS","message":"[LiveWS] Client connected: %s (%s) [%d total] be6018c2 127.0.0.1 14"}
{"timestamp":"2026-07-28T08:31:49.163Z","level":"info","component":"LiveWS","message":"[LiveWS] Client disconnected: %s [%d remaining] ffda9063 11"}
{"timestamp":"2026-07-28T08:31:49.164Z","level":"info","component":"LiveWS","message":"[LiveWS] Client disconnected: %s [%d remaining] 3f8adf23 11"}
{"timestamp":"2026-07-28T08:31:49.165Z","level":"info","component":"LiveWS","message":"[LiveWS] Client disconnected: %s [%d remaining] 501d0d3f 11"}
{"timestamp":"2026-07-28T08:31:49.539Z","level":"info","component":"LiveWS","message":"[LiveWS] Client connected: %s (%s) [%d total] 38df3174 127.0.0.1 12"}
{"timestamp":"2026-07-28T08:31:49.541Z","level":"info","component":"LiveWS","message":"[LiveWS] Client disconnected: %s [%d remaining] 38df3174 11"}
{"timestamp":"2026-07-28T08:31:49.845Z","level":"info","component":"LiveWS","message":"[LiveWS] Client connected: %s (%s) [%d total] 30daa71b 127.0.0.1 12"}
{"timestamp":"2026-07-28T08:31:50.535Z","level":"info","component":"LiveWS","message":"[LiveWS] Client connected: %s (%s) [%d total] 8d2a5d47 127.0.0.1 13"}
{"timestamp":"2026-07-28T08:31:50.537Z","level":"info","component":"LiveWS","message":"[LiveWS] Client disconnected: %s [%d remaining] 8d2a5d47 12"}
{"timestamp":"2026-07-28T08:31:50.840Z","level":"info","component":"LiveWS","message":"[LiveWS] Client connected: %s (%s) [%d total] e2bddefa 127.0.0.1 13"}
{"timestamp":"2026-07-28T08:31:51.536Z","level":"info","component":"LiveWS","message":"[LiveWS] Client connected: %s (%s) [%d total] ed575794 127.0.0.1 14"}
{"timestamp":"2026-07-28T08:31:51.538Z","level":"info","component":"LiveWS","message":"[LiveWS] Client disconnected: %s [%d remaining] ed575794 13"}
{"timestamp":"2026-07-28T08:31:51.852Z","level":"info","component":"LiveWS","message":"[LiveWS] Client connected: %s (%s) [%d total] 0f8417cc 127.0.0.1 14"}
{"timestamp":"2026-07-28T08:31:54.543Z","level":"info","component":"LiveWS","message":"[LiveWS] Client connected: %s (%s) [%d total] 334feece 127.0.0.1 15"}
{"timestamp":"2026-07-28T08:31:54.545Z","level":"info","component":"LiveWS","message":"[LiveWS] Client disconnected: %s [%d remaining] 334feece 14"}
{"timestamp":"2026-07-28T08:31:54.860Z","level":"info","component":"LiveWS","message":"[LiveWS] Client connected: %s (%s) [%d total] f18b8b69 127.0.0.1 15"}
{"timestamp":"2026-07-28T08:31:57.538Z","level":"info","component":"LiveWS","message":"[LiveWS] Client connected: %s (%s) [%d total] 778ffdfe 127.0.0.1 16"}
{"timestamp":"2026-07-28T08:31:57.540Z","level":"info","component":"LiveWS","message":"[LiveWS] Client disconnected: %s [%d remaining] 778ffdfe 15"}
{"timestamp":"2026-07-28T08:31:57.845Z","level":"info","component":"LiveWS","message":"[LiveWS] Client connected: %s (%s) [%d total] 03a6bd0d 127.0.0.1 16"}
{"timestamp":"2026-07-28T08:32:00.539Z","level":"info","component":"LiveWS","message":"[LiveWS] Client connected: %s (%s) [%d total] 8b189d8c 127.0.0.1 17"}
{"timestamp":"2026-07-28T08:32:00.542Z","level":"info","component":"LiveWS","message":"[LiveWS] Client disconnected: %s [%d remaining] 8b189d8c 16"}
{"timestamp":"2026-07-28T08:32:00.848Z","level":"info","component":"LiveWS","message":"[LiveWS] Client connected: %s (%s) [%d total] a90f7078 127.0.0.1 17"}
{"timestamp":"2026-07-28T08:32:03.555Z","level":"info","component":"LiveWS","message":"[LiveWS] Client connected: %s (%s) [%d total] 92a75915 127.0.0.1 18"}
{"timestamp":"2026-07-28T08:32:03.557Z","level":"info","component":"LiveWS","message":"[LiveWS] Client disconnected: %s [%d remaining] 92a75915 17"}
{"timestamp":"2026-07-28T08:32:03.869Z","level":"info","component":"LiveWS","message":"[LiveWS] Client connected: %s (%s) [%d total] 36b6c347 127.0.0.1 18"}
{"timestamp":"2026-07-28T08:32:04.169Z","level":"info","component":"LiveWS","message":"[LiveWS] Client disconnected: %s [%d remaining] b8701be8 13"}
{"timestamp":"2026-07-28T08:32:04.171Z","level":"info","component":"LiveWS","message":"[LiveWS] Client disconnected: %s [%d remaining] 5b9874e6 13"}
{"timestamp":"2026-07-28T08:32:04.172Z","level":"info","component":"LiveWS","message":"[LiveWS] Client disconnected: %s [%d remaining] c7aeb00b 13"}
{"timestamp":"2026-07-28T08:32:04.172Z","level":"info","component":"LiveWS","message":"[LiveWS] Client disconnected: %s [%d remaining] 02a1f4d3 13"}
{"timestamp":"2026-07-28T08:32:04.173Z","level":"info","component":"LiveWS","message":"[LiveWS] Client disconnected: %s [%d remaining] 7546cb2a 13"}
{"timestamp":"2026-07-28T08:32:05.545Z","level":"info","component":"LiveWS","message":"[LiveWS] Client connected: %s (%s) [%d total] c27003e8 127.0.0.1 14"}
{"timestamp":"2026-07-28T08:32:05.861Z","level":"info","component":"LiveWS","message":"[LiveWS] Client connected: %s (%s) [%d total] 058d6249 127.0.0.1 15"}
{"timestamp":"2026-07-28T08:32:06.228Z","level":"info","component":"LiveWS","message":"[LiveWS] Client disconnected: %s [%d remaining] 058d6249 14"}
{"timestamp":"2026-07-28T08:32:06.545Z","level":"info","component":"LiveWS","message":"[LiveWS] Client connected: %s (%s) [%d total] 3346e5c5 127.0.0.1 15"}
{"timestamp":"2026-07-28T08:32:06.851Z","level":"info","component":"LiveWS","message":"[LiveWS] Client connected: %s (%s) [%d total] 4b322c96 127.0.0.1 16"}
{"timestamp":"2026-07-28T08:32:19.172Z","level":"info","component":"LiveWS","message":"[LiveWS] Client disconnected: %s [%d remaining] 7397314c 12"}
{"timestamp":"2026-07-28T08:32:19.173Z","level":"info","component":"LiveWS","message":"[LiveWS] Client disconnected: %s [%d remaining] 7c888b84 12"}
{"timestamp":"2026-07-28T08:32:19.174Z","level":"info","component":"LiveWS","message":"[LiveWS] Client disconnected: %s [%d remaining] 6e9dcf4e 12"}
{"timestamp":"2026-07-28T08:32:19.175Z","level":"info","component":"LiveWS","message":"[LiveWS] Client disconnected: %s [%d remaining] 3cb0a553 12"}
{"timestamp":"2026-07-28T08:32:20.528Z","level":"info","component":"LiveWS","message":"[LiveWS] Client connected: %s (%s) [%d total] 06a8714d 127.0.0.1 13"}
{"timestamp":"2026-07-28T08:32:20.529Z","level":"info","component":"LiveWS","message":"[LiveWS] Client disconnected: %s [%d remaining] 06a8714d 12"}
{"timestamp":"2026-07-28T08:32:20.843Z","level":"info","component":"LiveWS","message":"[LiveWS] Client connected: %s (%s) [%d total] 3727dd6a 127.0.0.1 13"}
{"timestamp":"2026-07-28T08:32:34.174Z","level":"info","component":"LiveWS","message":"[LiveWS] Client disconnected: %s [%d remaining] 03a6bd0d 6"}
{"timestamp":"2026-07-28T08:32:34.175Z","level":"info","component":"LiveWS","message":"[LiveWS] Client disconnected: %s [%d remaining] f18b8b69 6"}
{"timestamp":"2026-07-28T08:32:34.176Z","level":"info","component":"LiveWS","message":"[LiveWS] Client disconnected: %s [%d remaining] 0f8417cc 6"}
{"timestamp":"2026-07-28T08:32:34.177Z","level":"info","component":"LiveWS","message":"[LiveWS] Client disconnected: %s [%d remaining] e2bddefa 6"}
{"timestamp":"2026-07-28T08:32:34.178Z","level":"info","component":"LiveWS","message":"[LiveWS] Client disconnected: %s [%d remaining] 30daa71b 6"}
{"timestamp":"2026-07-28T08:32:34.178Z","level":"info","component":"LiveWS","message":"[LiveWS] Client disconnected: %s [%d remaining] be6018c2 6"}
{"timestamp":"2026-07-28T08:32:34.179Z","level":"info","component":"LiveWS","message":"[LiveWS] Client disconnected: %s [%d remaining] 40f371e2 6"}
{"timestamp":"2026-07-28T08:32:35.537Z","level":"info","component":"LiveWS","message":"[LiveWS] Client connected: %s (%s) [%d total] 13d97bdc 127.0.0.1 7"}
{"timestamp":"2026-07-28T08:32:35.856Z","level":"info","component":"LiveWS","message":"[LiveWS] Client connected: %s (%s) [%d total] 10a9528d 127.0.0.1 8"}
{"timestamp":"2026-07-28T08:32:37.232Z","level":"info","component":"LiveWS","message":"[LiveWS] Client disconnected: %s [%d remaining] 10a9528d 7"}
{"timestamp":"2026-07-28T08:32:37.534Z","level":"info","component":"LiveWS","message":"[LiveWS] Client connected: %s (%s) [%d total] 496346ef 127.0.0.1 8"}
{"timestamp":"2026-07-28T08:32:37.852Z","level":"info","component":"LiveWS","message":"[LiveWS] Client connected: %s (%s) [%d total] 2c2c14e5 127.0.0.1 9"}
{"timestamp":"2026-07-28T08:32:49.174Z","level":"info","component":"LiveWS","message":"[LiveWS] Client disconnected: %s [%d remaining] 4b322c96 4"}
{"timestamp":"2026-07-28T08:32:49.175Z","level":"info","component":"LiveWS","message":"[LiveWS] Client disconnected: %s [%d remaining] 3346e5c5 4"}
{"timestamp":"2026-07-28T08:32:49.176Z","level":"info","component":"LiveWS","message":"[LiveWS] Client disconnected: %s [%d remaining] c27003e8 4"}
{"timestamp":"2026-07-28T08:32:49.177Z","level":"info","component":"LiveWS","message":"[LiveWS] Client disconnected: %s [%d remaining] 36b6c347 4"}
{"timestamp":"2026-07-28T08:32:49.177Z","level":"info","component":"LiveWS","message":"[LiveWS] Client disconnected: %s [%d remaining] a90f7078 4"}
{"timestamp":"2026-07-28T08:32:50.528Z","level":"info","component":"LiveWS","message":"[LiveWS] Client connected: %s (%s) [%d total] 87ca8cf0 127.0.0.1 5"}
{"timestamp":"2026-07-28T08:32:50.530Z","level":"info","component":"LiveWS","message":"[LiveWS] Client disconnected: %s [%d remaining] 87ca8cf0 4"}
{"timestamp":"2026-07-28T08:32:50.834Z","level":"info","component":"LiveWS","message":"[LiveWS] Client connected: %s (%s) [%d total] c3db4ca1 127.0.0.1 5"}
{"timestamp":"2026-07-28T08:32:51.534Z","level":"info","component":"LiveWS","message":"[LiveWS] Client connected: %s (%s) [%d total] 560d2495 127.0.0.1 6"}
{"timestamp":"2026-07-28T08:32:51.536Z","level":"info","component":"LiveWS","message":"[LiveWS] Client disconnected: %s [%d remaining] 560d2495 5"}
{"timestamp":"2026-07-28T08:32:51.845Z","level":"info","component":"LiveWS","message":"[LiveWS] Client connected: %s (%s) [%d total] af8fd143 127.0.0.1 6"}
{"timestamp":"2026-07-28T08:32:54.537Z","level":"info","component":"LiveWS","message":"[LiveWS] Client connected: %s (%s) [%d total] ef966068 127.0.0.1 7"}
{"timestamp":"2026-07-28T08:32:54.539Z","level":"info","component":"LiveWS","message":"[LiveWS] Client disconnected: %s [%d remaining] ef966068 6"}
{"timestamp":"2026-07-28T08:32:54.853Z","level":"info","component":"LiveWS","message":"[LiveWS] Client connected: %s (%s) [%d total] 09f844f8 127.0.0.1 7"}
{"timestamp":"2026-07-28T08:32:57.543Z","level":"info","component":"LiveWS","message":"[LiveWS] Client connected: %s (%s) [%d total] 62f68ba8 127.0.0.1 8"}
{"timestamp":"2026-07-28T08:32:57.545Z","level":"info","component":"LiveWS","message":"[LiveWS] Client disconnected: %s [%d remaining] 62f68ba8 7"}
{"timestamp":"2026-07-28T08:32:57.855Z","level":"info","component":"LiveWS","message":"[LiveWS] Client connected: %s (%s) [%d total] 472cf0c8 127.0.0.1 8"}
{"timestamp":"2026-07-28T08:33:00.532Z","level":"info","component":"LiveWS","message":"[LiveWS] Client connected: %s (%s) [%d total] 7d4a7b3d 127.0.0.1 9"}
{"timestamp":"2026-07-28T08:33:00.534Z","level":"info","component":"LiveWS","message":"[LiveWS] Client disconnected: %s [%d remaining] 7d4a7b3d 8"}
{"timestamp":"2026-07-28T08:33:00.842Z","level":"info","component":"LiveWS","message":"[LiveWS] Client connected: %s (%s) [%d total] 06e9b150 127.0.0.1 9"}
{"timestamp":"2026-07-28T08:33:03.528Z","level":"info","component":"LiveWS","message":"[LiveWS] Client connected: %s (%s) [%d total] 061f143a 127.0.0.1 10"}
{"timestamp":"2026-07-28T08:33:03.530Z","level":"info","component":"LiveWS","message":"[LiveWS] Client disconnected: %s [%d remaining] 061f143a 9"}
{"timestamp":"2026-07-28T08:33:03.843Z","level":"info","component":"LiveWS","message":"[LiveWS] Client connected: %s (%s) [%d total] 230e6f9e 127.0.0.1 10"}
{"timestamp":"2026-07-28T08:33:04.176Z","level":"info","component":"LiveWS","message":"[LiveWS] Client disconnected: %s [%d remaining] 3727dd6a 9"}
{"timestamp":"2026-07-28T08:33:05.545Z","level":"info","component":"LiveWS","message":"[LiveWS] Client connected: %s (%s) [%d total] eec5d851 127.0.0.1 10"}
{"timestamp":"2026-07-28T08:33:05.546Z","level":"info","component":"LiveWS","message":"[LiveWS] Client disconnected: %s [%d remaining] eec5d851 9"}
{"timestamp":"2026-07-28T08:33:05.862Z","level":"info","component":"LiveWS","message":"[LiveWS] Client connected: %s (%s) [%d total] c004ffec 127.0.0.1 10"}
{"timestamp":"2026-07-28T08:33:06.543Z","level":"info","component":"LiveWS","message":"[LiveWS] Client connected: %s (%s) [%d total] 888c0225 127.0.0.1 11"}
{"timestamp":"2026-07-28T08:33:06.544Z","level":"info","component":"LiveWS","message":"[LiveWS] Client disconnected: %s [%d remaining] 888c0225 10"}
{"timestamp":"2026-07-28T08:33:06.847Z","level":"info","component":"LiveWS","message":"[LiveWS] Client connected: %s (%s) [%d total] b5b98acb 127.0.0.1 11"}
{"timestamp":"2026-07-28T08:33:09.536Z","level":"info","component":"LiveWS","message":"[LiveWS] Client connected: %s (%s) [%d total] 3a54bbba 127.0.0.1 12"}
{"timestamp":"2026-07-28T08:33:09.537Z","level":"info","component":"LiveWS","message":"[LiveWS] Client disconnected: %s [%d remaining] 3a54bbba 11"}
{"timestamp":"2026-07-28T08:33:09.840Z","level":"info","component":"LiveWS","message":"[LiveWS] Client connected: %s (%s) [%d total] b0d60452 127.0.0.1 12"}
{"timestamp":"2026-07-28T08:33:12.544Z","level":"info","component":"LiveWS","message":"[LiveWS] Client connected: %s (%s) [%d total] 92ef3ccf 127.0.0.1 13"}
{"timestamp":"2026-07-28T08:33:12.546Z","level":"info","component":"LiveWS","message":"[LiveWS] Client disconnected: %s [%d remaining] 92ef3ccf 12"}
{"timestamp":"2026-07-28T08:33:12.848Z","level":"info","component":"LiveWS","message":"[LiveWS] Client connected: %s (%s) [%d total] a59eaaf3 127.0.0.1 13"}
{"timestamp":"2026-07-28T08:33:15.551Z","level":"info","component":"LiveWS","message":"[LiveWS] Client connected: %s (%s) [%d total] 920c6aa8 127.0.0.1 14"}
{"timestamp":"2026-07-28T08:33:15.553Z","level":"info","component":"LiveWS","message":"[LiveWS] Client disconnected: %s [%d remaining] 920c6aa8 13"}
{"timestamp":"2026-07-28T08:33:15.855Z","level":"info","component":"LiveWS","message":"[LiveWS] Client connected: %s (%s) [%d total] 1c541fe7 127.0.0.1 14"}
{"timestamp":"2026-07-28T08:33:18.544Z","level":"info","component":"LiveWS","message":"[LiveWS] Client connected: %s (%s) [%d total] 55eaebd5 127.0.0.1 15"}
{"timestamp":"2026-07-28T08:33:18.546Z","level":"info","component":"LiveWS","message":"[LiveWS] Client disconnected: %s [%d remaining] 55eaebd5 14"}
{"timestamp":"2026-07-28T08:33:18.856Z","level":"info","component":"LiveWS","message":"[LiveWS] Client connected: %s (%s) [%d total] 2e2717f1 127.0.0.1 15"}
{"timestamp":"2026-07-28T08:33:19.189Z","level":"info","component":"LiveWS","message":"[LiveWS] Client disconnected: %s [%d remaining] 2c2c14e5 12"}
{"timestamp":"2026-07-28T08:33:19.190Z","level":"info","component":"LiveWS","message":"[LiveWS] Client disconnected: %s [%d remaining] 496346ef 12"}
{"timestamp":"2026-07-28T08:33:19.191Z","level":"info","component":"LiveWS","message":"[LiveWS] Client disconnected: %s [%d remaining] 13d97bdc 12"}
{"timestamp":"2026-07-28T08:33:19.542Z","level":"info","component":"LiveWS","message":"[LiveWS] Client connected: %s (%s) [%d total] 70c248c5 127.0.0.1 13"}
{"timestamp":"2026-07-28T08:33:19.544Z","level":"info","component":"LiveWS","message":"[LiveWS] Client disconnected: %s [%d remaining] 70c248c5 12"}
{"timestamp":"2026-07-28T08:33:19.848Z","level":"info","component":"LiveWS","message":"[LiveWS] Client connected: %s (%s) [%d total] 6f3c487e 127.0.0.1 13"}
{"timestamp":"2026-07-28T08:33:20.539Z","level":"info","component":"LiveWS","message":"[LiveWS] Client connected: %s (%s) [%d total] d871809f 127.0.0.1 14"}
{"timestamp":"2026-07-28T08:33:20.541Z","level":"info","component":"LiveWS","message":"[LiveWS] Client disconnected: %s [%d remaining] d871809f 13"}
{"timestamp":"2026-07-28T08:33:20.846Z","level":"info","component":"LiveWS","message":"[LiveWS] Client connected: %s (%s) [%d total] c6248d10 127.0.0.1 14"}
{"timestamp":"2026-07-28T08:33:21.533Z","level":"info","component":"LiveWS","message":"[LiveWS] Client connected: %s (%s) [%d total] cb4b7041 127.0.0.1 15"}
{"timestamp":"2026-07-28T08:33:21.535Z","level":"info","component":"LiveWS","message":"[LiveWS] Client disconnected: %s [%d remaining] cb4b7041 14"}
{"timestamp":"2026-07-28T08:33:21.841Z","level":"info","component":"LiveWS","message":"[LiveWS] Client connected: %s (%s) [%d total] a85d4d94 127.0.0.1 15"}
{"timestamp":"2026-07-28T08:33:26.546Z","level":"info","component":"LiveWS","message":"[LiveWS] Client connected: %s (%s) [%d total] 0c1cc024 127.0.0.1 16"}
{"timestamp":"2026-07-28T08:33:26.548Z","level":"info","component":"LiveWS","message":"[LiveWS] Client disconnected: %s [%d remaining] 0c1cc024 15"}
{"timestamp":"2026-07-28T08:33:26.853Z","level":"info","component":"LiveWS","message":"[LiveWS] Client connected: %s (%s) [%d total] ebe29c52 127.0.0.1 16"}
{"timestamp":"2026-07-28T08:33:29.547Z","level":"info","component":"LiveWS","message":"[LiveWS] Client connected: %s (%s) [%d total] f14d5166 127.0.0.1 17"}
{"timestamp":"2026-07-28T08:33:29.550Z","level":"info","component":"LiveWS","message":"[LiveWS] Client disconnected: %s [%d remaining] f14d5166 16"}
{"timestamp":"2026-07-28T08:33:29.865Z","level":"info","component":"LiveWS","message":"[LiveWS] Client connected: %s (%s) [%d total] 8a98ea4f 127.0.0.1 17"}
{"timestamp":"2026-07-28T08:33:32.548Z","level":"info","component":"LiveWS","message":"[LiveWS] Client connected: %s (%s) [%d total] 73d6acd3 127.0.0.1 18"}
{"timestamp":"2026-07-28T08:33:32.549Z","level":"info","component":"LiveWS","message":"[LiveWS] Client disconnected: %s [%d remaining] 73d6acd3 17"}
{"timestamp":"2026-07-28T08:33:32.867Z","level":"info","component":"LiveWS","message":"[LiveWS] Client connected: %s (%s) [%d total] 75798f49 127.0.0.1 18"}
{"timestamp":"2026-07-28T08:33:34.204Z","level":"info","component":"LiveWS","message":"[LiveWS] Client disconnected: %s [%d remaining] 472cf0c8 14"}
{"timestamp":"2026-07-28T08:33:34.205Z","level":"info","component":"LiveWS","message":"[LiveWS] Client disconnected: %s [%d remaining] 09f844f8 14"}
{"timestamp":"2026-07-28T08:33:34.206Z","level":"info","component":"LiveWS","message":"[LiveWS] Client disconnected: %s [%d remaining] af8fd143 14"}
{"timestamp":"2026-07-28T08:33:34.207Z","level":"info","component":"LiveWS","message":"[LiveWS] Client disconnected: %s [%d remaining] c3db4ca1 14"}
{"timestamp":"2026-07-28T08:33:35.542Z","level":"info","component":"LiveWS","message":"[LiveWS] Client connected: %s (%s) [%d total] 7999f0a9 127.0.0.1 15"}
{"timestamp":"2026-07-28T08:33:35.861Z","level":"info","component":"LiveWS","message":"[LiveWS] Client connected: %s (%s) [%d total] 5cc2fe03 127.0.0.1 16"}
{"timestamp":"2026-07-28T08:33:49.207Z","level":"info","component":"LiveWS","message":"[LiveWS] Client disconnected: %s [%d remaining] a59eaaf3 10"}
{"timestamp":"2026-07-28T08:33:49.208Z","level":"info","component":"LiveWS","message":"[LiveWS] Client disconnected: %s [%d remaining] b0d60452 10"}
{"timestamp":"2026-07-28T08:33:49.209Z","level":"info","component":"LiveWS","message":"[LiveWS] Client disconnected: %s [%d remaining] b5b98acb 10"}
{"timestamp":"2026-07-28T08:33:49.209Z","level":"info","component":"LiveWS","message":"[LiveWS] Client disconnected: %s [%d remaining] c004ffec 10"}
{"timestamp":"2026-07-28T08:33:49.209Z","level":"info","component":"LiveWS","message":"[LiveWS] Client disconnected: %s [%d remaining] 230e6f9e 10"}
{"timestamp":"2026-07-28T08:33:49.210Z","level":"info","component":"LiveWS","message":"[LiveWS] Client disconnected: %s [%d remaining] 06e9b150 10"}
{"timestamp":"2026-07-28T08:33:50.537Z","level":"info","component":"LiveWS","message":"[LiveWS] Client connected: %s (%s) [%d total] 62bb8e7d 127.0.0.1 11"}
{"timestamp":"2026-07-28T08:33:50.539Z","level":"info","component":"LiveWS","message":"[LiveWS] Client disconnected: %s [%d remaining] 62bb8e7d 10"}
{"timestamp":"2026-07-28T08:33:50.841Z","level":"info","component":"LiveWS","message":"[LiveWS] Client connected: %s (%s) [%d total] 7444fb73 127.0.0.1 11"}
{"timestamp":"2026-07-28T08:34:04.220Z","level":"info","component":"LiveWS","message":"[LiveWS] Client disconnected: %s [%d remaining] ebe29c52 5"}
{"timestamp":"2026-07-28T08:34:04.221Z","level":"info","component":"LiveWS","message":"[LiveWS] Client disconnected: %s [%d remaining] a85d4d94 5"}
{"timestamp":"2026-07-28T08:34:04.222Z","level":"info","component":"LiveWS","message":"[LiveWS] Client disconnected: %s [%d remaining] c6248d10 5"}
{"timestamp":"2026-07-28T08:34:04.223Z","level":"info","component":"LiveWS","message":"[LiveWS] Client disconnected: %s [%d remaining] 6f3c487e 5"}
{"timestamp":"2026-07-28T08:34:04.224Z","level":"info","component":"LiveWS","message":"[LiveWS] Client disconnected: %s [%d remaining] 2e2717f1 5"}
{"timestamp":"2026-07-28T08:34:04.224Z","level":"info","component":"LiveWS","message":"[LiveWS] Client disconnected: %s [%d remaining] 1c541fe7 5"}
{"timestamp":"2026-07-28T08:34:05.539Z","level":"info","component":"LiveWS","message":"[LiveWS] Client connected: %s (%s) [%d total] 111c8cf1 127.0.0.1 6"}
{"timestamp":"2026-07-28T08:34:05.854Z","level":"info","component":"LiveWS","message":"[LiveWS] Client connected: %s (%s) [%d total] f423a7b7 127.0.0.1 7"}
{"timestamp":"2026-07-28T08:34:19.221Z","level":"info","component":"LiveWS","message":"[LiveWS] Client disconnected: %s [%d remaining] 5cc2fe03 3"}
{"timestamp":"2026-07-28T08:34:19.222Z","level":"info","component":"LiveWS","message":"[LiveWS] Client disconnected: %s [%d remaining] 7999f0a9 3"}
{"timestamp":"2026-07-28T08:34:19.223Z","level":"info","component":"LiveWS","message":"[LiveWS] Client disconnected: %s [%d remaining] 75798f49 3"}
{"timestamp":"2026-07-28T08:34:19.224Z","level":"info","component":"LiveWS","message":"[LiveWS] Client disconnected: %s [%d remaining] 8a98ea4f 3"}
{"timestamp":"2026-07-28T08:34:20.547Z","level":"info","component":"LiveWS","message":"[LiveWS] Client connected: %s (%s) [%d total] e20f7ec7 127.0.0.1 4"}
{"timestamp":"2026-07-28T08:34:20.550Z","level":"info","component":"LiveWS","message":"[LiveWS] Client disconnected: %s [%d remaining] e20f7ec7 3"}
{"timestamp":"2026-07-28T08:34:20.853Z","level":"info","component":"LiveWS","message":"[LiveWS] Client connected: %s (%s) [%d total] 133f2530 127.0.0.1 4"}
{"timestamp":"2026-07-28T08:34:21.556Z","level":"info","component":"LiveWS","message":"[LiveWS] Client connected: %s (%s) [%d total] e0ce614c 127.0.0.1 5"}
{"timestamp":"2026-07-28T08:34:21.558Z","level":"info","component":"LiveWS","message":"[LiveWS] Client disconnected: %s [%d remaining] e0ce614c 4"}
{"timestamp":"2026-07-28T08:34:21.871Z","level":"info","component":"LiveWS","message":"[LiveWS] Client connected: %s (%s) [%d total] 50b0e628 127.0.0.1 5"}
{"timestamp":"2026-07-28T08:34:24.554Z","level":"info","component":"LiveWS","message":"[LiveWS] Client connected: %s (%s) [%d total] 644f6ddc 127.0.0.1 6"}
{"timestamp":"2026-07-28T08:34:24.555Z","level":"info","component":"LiveWS","message":"[LiveWS] Client disconnected: %s [%d remaining] 644f6ddc 5"}
{"timestamp":"2026-07-28T08:34:24.871Z","level":"info","component":"LiveWS","message":"[LiveWS] Client connected: %s (%s) [%d total] 4886b532 127.0.0.1 6"}
{"timestamp":"2026-07-28T08:34:27.542Z","level":"info","component":"LiveWS","message":"[LiveWS] Client connected: %s (%s) [%d total] fea14c3a 127.0.0.1 7"}
{"timestamp":"2026-07-28T08:34:27.545Z","level":"info","component":"LiveWS","message":"[LiveWS] Client disconnected: %s [%d remaining] fea14c3a 6"}
{"timestamp":"2026-07-28T08:34:27.860Z","level":"info","component":"LiveWS","message":"[LiveWS] Client connected: %s (%s) [%d total] 61e68a63 127.0.0.1 7"}
{"timestamp":"2026-07-28T08:34:30.549Z","level":"info","component":"LiveWS","message":"[LiveWS] Client connected: %s (%s) [%d total] 51860149 127.0.0.1 8"}
{"timestamp":"2026-07-28T08:34:30.551Z","level":"info","component":"LiveWS","message":"[LiveWS] Client disconnected: %s [%d remaining] 51860149 7"}
{"timestamp":"2026-07-28T08:34:30.866Z","level":"info","component":"LiveWS","message":"[LiveWS] Client connected: %s (%s) [%d total] 5acff67b 127.0.0.1 8"}
{"timestamp":"2026-07-28T08:34:33.544Z","level":"info","component":"LiveWS","message":"[LiveWS] Client connected: %s (%s) [%d total] a41dc3b7 127.0.0.1 9"}
{"timestamp":"2026-07-28T08:34:33.546Z","level":"info","component":"LiveWS","message":"[LiveWS] Client disconnected: %s [%d remaining] a41dc3b7 8"}
{"timestamp":"2026-07-28T08:34:33.858Z","level":"info","component":"LiveWS","message":"[LiveWS] Client connected: %s (%s) [%d total] 13e5ea01 127.0.0.1 9"}
{"timestamp":"2026-07-28T08:34:34.225Z","level":"info","component":"LiveWS","message":"[LiveWS] Client disconnected: %s [%d remaining] 7444fb73 8"}
{"timestamp":"2026-07-28T08:34:36.550Z","level":"info","component":"LiveWS","message":"[LiveWS] Client connected: %s (%s) [%d total] 21401e13 127.0.0.1 9"}
{"timestamp":"2026-07-28T08:34:36.552Z","level":"info","component":"LiveWS","message":"[LiveWS] Client disconnected: %s [%d remaining] 21401e13 8"}
{"timestamp":"2026-07-28T08:34:36.865Z","level":"info","component":"LiveWS","message":"[LiveWS] Client connected: %s (%s) [%d total] 88e5760b 127.0.0.1 9"}
{"timestamp":"2026-07-28T08:34:41.539Z","level":"info","component":"LiveWS","message":"[LiveWS] Client connected: %s (%s) [%d total] b4456e50 127.0.0.1 10"}
{"timestamp":"2026-07-28T08:34:41.542Z","level":"info","component":"LiveWS","message":"[LiveWS] Client disconnected: %s [%d remaining] b4456e50 9"}
{"timestamp":"2026-07-28T08:34:41.855Z","level":"info","component":"LiveWS","message":"[LiveWS] Client connected: %s (%s) [%d total] f0e57f11 127.0.0.1 10"}
{"timestamp":"2026-07-28T08:34:44.541Z","level":"info","component":"LiveWS","message":"[LiveWS] Client connected: %s (%s) [%d total] 6fe403a8 127.0.0.1 11"}
{"timestamp":"2026-07-28T08:34:44.544Z","level":"info","component":"LiveWS","message":"[LiveWS] Client disconnected: %s [%d remaining] 6fe403a8 10"}
{"timestamp":"2026-07-28T08:34:44.859Z","level":"info","component":"LiveWS","message":"[LiveWS] Client connected: %s (%s) [%d total] ad9cbcef 127.0.0.1 11"}
{"timestamp":"2026-07-28T08:34:47.552Z","level":"info","component":"LiveWS","message":"[LiveWS] Client connected: %s (%s) [%d total] 634d94a2 127.0.0.1 12"}
{"timestamp":"2026-07-28T08:34:47.554Z","level":"info","component":"LiveWS","message":"[LiveWS] Client disconnected: %s [%d remaining] 634d94a2 11"}
{"timestamp":"2026-07-28T08:34:47.867Z","level":"info","component":"LiveWS","message":"[LiveWS] Client connected: %s (%s) [%d total] d1715a3c 127.0.0.1 12"}
{"timestamp":"2026-07-28T08:34:49.228Z","level":"info","component":"LiveWS","message":"[LiveWS] Client disconnected: %s [%d remaining] f423a7b7 10"}
{"timestamp":"2026-07-28T08:34:49.230Z","level":"info","component":"LiveWS","message":"[LiveWS] Client disconnected: %s [%d remaining] 111c8cf1 10"}
{"timestamp":"2026-07-28T08:34:49.546Z","level":"info","component":"LiveWS","message":"[LiveWS] Client connected: %s (%s) [%d total] 77ba86b5 127.0.0.1 11"}
{"timestamp":"2026-07-28T08:34:49.863Z","level":"info","component":"LiveWS","message":"[LiveWS] Client connected: %s (%s) [%d total] 9ccaef1d 127.0.0.1 12"}
{"timestamp":"2026-07-28T08:35:04.239Z","level":"info","component":"LiveWS","message":"[LiveWS] Client disconnected: %s [%d remaining] 61e68a63 8"}
{"timestamp":"2026-07-28T08:35:04.240Z","level":"info","component":"LiveWS","message":"[LiveWS] Client disconnected: %s [%d remaining] 4886b532 8"}
{"timestamp":"2026-07-28T08:35:04.241Z","level":"info","component":"LiveWS","message":"[LiveWS] Client disconnected: %s [%d remaining] 50b0e628 8"}
{"timestamp":"2026-07-28T08:35:04.243Z","level":"info","component":"LiveWS","message":"[LiveWS] Client disconnected: %s [%d remaining] 133f2530 8"}
{"timestamp":"2026-07-28T08:35:06.555Z","level":"info","component":"LiveWS","message":"[LiveWS] Client connected: %s (%s) [%d total] 78d72acc 127.0.0.1 9"}
{"timestamp":"2026-07-28T08:35:06.558Z","level":"info","component":"LiveWS","message":"[LiveWS] Client disconnected: %s [%d remaining] 78d72acc 8"}
{"timestamp":"2026-07-28T08:35:06.871Z","level":"info","component":"LiveWS","message":"[LiveWS] Client connected: %s (%s) [%d total] 1f85d8ca 127.0.0.1 9"}
{"timestamp":"2026-07-28T08:35:19.244Z","level":"info","component":"LiveWS","message":"[LiveWS] Client disconnected: %s [%d remaining] f0e57f11 5"}
{"timestamp":"2026-07-28T08:35:19.246Z","level":"info","component":"LiveWS","message":"[LiveWS] Client disconnected: %s [%d remaining] 88e5760b 5"}
{"timestamp":"2026-07-28T08:35:19.247Z","level":"info","component":"LiveWS","message":"[LiveWS] Client disconnected: %s [%d remaining] 13e5ea01 5"}
{"timestamp":"2026-07-28T08:35:19.247Z","level":"info","component":"LiveWS","message":"[LiveWS] Client disconnected: %s [%d remaining] 5acff67b 5"}
{"timestamp":"2026-07-28T08:35:20.545Z","level":"info","component":"LiveWS","message":"[LiveWS] Client connected: %s (%s) [%d total] deda6ecf 127.0.0.1 6"}
{"timestamp":"2026-07-28T08:35:20.547Z","level":"info","component":"LiveWS","message":"[LiveWS] Client disconnected: %s [%d remaining] deda6ecf 5"}
{"timestamp":"2026-07-28T08:35:20.863Z","level":"info","component":"LiveWS","message":"[LiveWS] Client connected: %s (%s) [%d total] e3235175 127.0.0.1 6"}
{"timestamp":"2026-07-28T08:35:21.543Z","level":"info","component":"LiveWS","message":"[LiveWS] Client connected: %s (%s) [%d total] 64c07013 127.0.0.1 7"}
{"timestamp":"2026-07-28T08:35:21.545Z","level":"info","component":"LiveWS","message":"[LiveWS] Client disconnected: %s [%d remaining] 64c07013 6"}
{"timestamp":"2026-07-28T08:35:21.861Z","level":"info","component":"LiveWS","message":"[LiveWS] Client connected: %s (%s) [%d total] f8206170 127.0.0.1 7"}
{"timestamp":"2026-07-28T08:35:23.554Z","level":"info","component":"LiveWS","message":"[LiveWS] Client connected: %s (%s) [%d total] 938c7db2 127.0.0.1 8"}
{"timestamp":"2026-07-28T08:35:23.555Z","level":"info","component":"LiveWS","message":"[LiveWS] Client disconnected: %s [%d remaining] 938c7db2 7"}
{"timestamp":"2026-07-28T08:35:23.869Z","level":"info","component":"LiveWS","message":"[LiveWS] Client connected: %s (%s) [%d total] 20917af6 127.0.0.1 8"}
{"timestamp":"2026-07-28T08:35:26.549Z","level":"info","component":"LiveWS","message":"[LiveWS] Client connected: %s (%s) [%d total] 09c4e554 127.0.0.1 9"}
{"timestamp":"2026-07-28T08:35:26.551Z","level":"info","component":"LiveWS","message":"[LiveWS] Client disconnected: %s [%d remaining] 09c4e554 8"}
{"timestamp":"2026-07-28T08:35:26.866Z","level":"info","component":"LiveWS","message":"[LiveWS] Client connected: %s (%s) [%d total] 1b39a6b5 127.0.0.1 9"}
{"timestamp":"2026-07-28T08:35:29.545Z","level":"info","component":"LiveWS","message":"[LiveWS] Client connected: %s (%s) [%d total] 112bad10 127.0.0.1 10"}
{"timestamp":"2026-07-28T08:35:29.547Z","level":"info","component":"LiveWS","message":"[LiveWS] Client disconnected: %s [%d remaining] 112bad10 9"}
{"timestamp":"2026-07-28T08:35:29.863Z","level":"info","component":"LiveWS","message":"[LiveWS] Client connected: %s (%s) [%d total] cb5800ba 127.0.0.1 10"}
{"timestamp":"2026-07-28T08:35:32.543Z","level":"info","component":"LiveWS","message":"[LiveWS] Client connected: %s (%s) [%d total] 2a09fae6 127.0.0.1 11"}
{"timestamp":"2026-07-28T08:35:32.546Z","level":"info","component":"LiveWS","message":"[LiveWS] Client disconnected: %s [%d remaining] 2a09fae6 10"}
{"timestamp":"2026-07-28T08:35:32.860Z","level":"info","component":"LiveWS","message":"[LiveWS] Client connected: %s (%s) [%d total] 23069256 127.0.0.1 11"}
{"timestamp":"2026-07-28T08:35:34.256Z","level":"info","component":"LiveWS","message":"[LiveWS] Client disconnected: %s [%d remaining] 9ccaef1d 7"}
{"timestamp":"2026-07-28T08:35:34.257Z","level":"info","component":"LiveWS","message":"[LiveWS] Client disconnected: %s [%d remaining] 77ba86b5 7"}
{"timestamp":"2026-07-28T08:35:34.258Z","level":"info","component":"LiveWS","message":"[LiveWS] Client disconnected: %s [%d remaining] d1715a3c 7"}
{"timestamp":"2026-07-28T08:35:34.259Z","level":"info","component":"LiveWS","message":"[LiveWS] Client disconnected: %s [%d remaining] ad9cbcef 7"}
{"timestamp":"2026-07-28T08:35:35.547Z","level":"info","component":"LiveWS","message":"[LiveWS] Client connected: %s (%s) [%d total] 16145d04 127.0.0.1 8"}
{"timestamp":"2026-07-28T08:35:35.549Z","level":"info","component":"LiveWS","message":"[LiveWS] Client disconnected: %s [%d remaining] 16145d04 7"}
{"timestamp":"2026-07-28T08:35:35.866Z","level":"info","component":"LiveWS","message":"[LiveWS] Client connected: %s (%s) [%d total] c7ba1177 127.0.0.1 8"}
{"timestamp":"2026-07-28T08:35:36.544Z","level":"info","component":"LiveWS","message":"[LiveWS] Client connected: %s (%s) [%d total] b8d333e6 127.0.0.1 9"}
{"timestamp":"2026-07-28T08:35:36.546Z","level":"info","component":"LiveWS","message":"[LiveWS] Client disconnected: %s [%d remaining] b8d333e6 8"}
{"timestamp":"2026-07-28T08:35:36.860Z","level":"info","component":"LiveWS","message":"[LiveWS] Client connected: %s (%s) [%d total] 04bd1d36 127.0.0.1 9"}
{"timestamp":"2026-07-28T08:35:37.541Z","level":"info","component":"LiveWS","message":"[LiveWS] Client connected: %s (%s) [%d total] 9e6189f8 127.0.0.1 10"}
{"timestamp":"2026-07-28T08:35:37.543Z","level":"info","component":"LiveWS","message":"[LiveWS] Client disconnected: %s [%d remaining] 9e6189f8 9"}
{"timestamp":"2026-07-28T08:35:37.858Z","level":"info","component":"LiveWS","message":"[LiveWS] Client connected: %s (%s) [%d total] ec65ac8f 127.0.0.1 10"}
{"timestamp":"2026-07-28T08:35:40.553Z","level":"info","component":"LiveWS","message":"[LiveWS] Client connected: %s (%s) [%d total] ccb68cd1 127.0.0.1 11"}
{"timestamp":"2026-07-28T08:35:40.554Z","level":"info","component":"LiveWS","message":"[LiveWS] Client disconnected: %s [%d remaining] ccb68cd1 10"}
{"timestamp":"2026-07-28T08:35:40.870Z","level":"info","component":"LiveWS","message":"[LiveWS] Client connected: %s (%s) [%d total] 718057f9 127.0.0.1 11"}
{"timestamp":"2026-07-28T08:35:43.553Z","level":"info","component":"LiveWS","message":"[LiveWS] Client connected: %s (%s) [%d total] 12aafa71 127.0.0.1 12"}
{"timestamp":"2026-07-28T08:35:43.555Z","level":"info","component":"LiveWS","message":"[LiveWS] Client disconnected: %s [%d remaining] 12aafa71 11"}
{"timestamp":"2026-07-28T08:35:43.871Z","level":"info","component":"LiveWS","message":"[LiveWS] Client connected: %s (%s) [%d total] 47d2712d 127.0.0.1 12"}
{"timestamp":"2026-07-28T08:35:46.551Z","level":"info","component":"LiveWS","message":"[LiveWS] Client connected: %s (%s) [%d total] 4c43a252 127.0.0.1 13"}
{"timestamp":"2026-07-28T08:35:46.553Z","level":"info","component":"LiveWS","message":"[LiveWS] Client disconnected: %s [%d remaining] 4c43a252 12"}
{"timestamp":"2026-07-28T08:35:46.869Z","level":"info","component":"LiveWS","message":"[LiveWS] Client connected: %s (%s) [%d total] b57c2b2c 127.0.0.1 13"}
{"timestamp":"2026-07-28T08:35:49.258Z","level":"info","component":"LiveWS","message":"[LiveWS] Client disconnected: %s [%d remaining] 1f85d8ca 12"}
{"timestamp":"2026-07-28T08:35:49.543Z","level":"info","component":"LiveWS","message":"[LiveWS] Client connected: %s (%s) [%d total] 24f30d50 127.0.0.1 13"}
{"timestamp":"2026-07-28T08:35:49.860Z","level":"info","component":"LiveWS","message":"[LiveWS] Client connected: %s (%s) [%d total] 2a0fdc05 127.0.0.1 14"}
{"timestamp":"2026-07-28T08:36:04.259Z","level":"info","component":"LiveWS","message":"[LiveWS] Client disconnected: %s [%d remaining] 1b39a6b5 10"}
{"timestamp":"2026-07-28T08:36:04.260Z","level":"info","component":"LiveWS","message":"[LiveWS] Client disconnected: %s [%d remaining] 20917af6 10"}
{"timestamp":"2026-07-28T08:36:04.261Z","level":"info","component":"LiveWS","message":"[LiveWS] Client disconnected: %s [%d remaining] f8206170 10"}
{"timestamp":"2026-07-28T08:36:04.262Z","level":"info","component":"LiveWS","message":"[LiveWS] Client disconnected: %s [%d remaining] e3235175 10"}
{"timestamp":"2026-07-28T08:36:06.548Z","level":"info","component":"LiveWS","message":"[LiveWS] Client connected: %s (%s) [%d total] daf2c1c0 127.0.0.1 11"}
{"timestamp":"2026-07-28T08:36:06.549Z","level":"info","component":"LiveWS","message":"[LiveWS] Client disconnected: %s [%d remaining] daf2c1c0 10"}
{"timestamp":"2026-07-28T08:36:06.864Z","level":"info","component":"LiveWS","message":"[LiveWS] Client connected: %s (%s) [%d total] d5d509a3 127.0.0.1 11"}
{"timestamp":"2026-07-28T08:36:19.259Z","level":"info","component":"LiveWS","message":"[LiveWS] Client disconnected: %s [%d remaining] 47d2712d 4"}
{"timestamp":"2026-07-28T08:36:19.261Z","level":"info","component":"LiveWS","message":"[LiveWS] Client disconnected: %s [%d remaining] 718057f9 4"}
{"timestamp":"2026-07-28T08:36:19.262Z","level":"info","component":"LiveWS","message":"[LiveWS] Client disconnected: %s [%d remaining] ec65ac8f 4"}
{"timestamp":"2026-07-28T08:36:19.262Z","level":"info","component":"LiveWS","message":"[LiveWS] Client disconnected: %s [%d remaining] 04bd1d36 4"}
{"timestamp":"2026-07-28T08:36:19.263Z","level":"info","component":"LiveWS","message":"[LiveWS] Client disconnected: %s [%d remaining] c7ba1177 4"}
{"timestamp":"2026-07-28T08:36:19.263Z","level":"info","component":"LiveWS","message":"[LiveWS] Client disconnected: %s [%d remaining] 23069256 4"}
{"timestamp":"2026-07-28T08:36:19.263Z","level":"info","component":"LiveWS","message":"[LiveWS] Client disconnected: %s [%d remaining] cb5800ba 4"}
{"timestamp":"2026-07-28T08:36:21.543Z","level":"info","component":"LiveWS","message":"[LiveWS] Client connected: %s (%s) [%d total] ea420413 127.0.0.1 5"}
{"timestamp":"2026-07-28T08:36:21.860Z","level":"info","component":"LiveWS","message":"[LiveWS] Client connected: %s (%s) [%d total] 9b935f2e 127.0.0.1 6"}
{"timestamp":"2026-07-28T08:36:23.237Z","level":"info","component":"LiveWS","message":"[LiveWS] Client disconnected: %s [%d remaining] 9b935f2e 5"}
{"timestamp":"2026-07-28T08:36:23.554Z","level":"info","component":"LiveWS","message":"[LiveWS] Client connected: %s (%s) [%d total] 17cb312d 127.0.0.1 6"}
{"timestamp":"2026-07-28T08:36:23.872Z","level":"info","component":"LiveWS","message":"[LiveWS] Client connected: %s (%s) [%d total] 9e8ec5bf 127.0.0.1 7"}
{"timestamp":"2026-07-28T08:36:34.261Z","level":"info","component":"LiveWS","message":"[LiveWS] Client disconnected: %s [%d remaining] 2a0fdc05 4"}
{"timestamp":"2026-07-28T08:36:34.262Z","level":"info","component":"LiveWS","message":"[LiveWS] Client disconnected: %s [%d remaining] 24f30d50 4"}
{"timestamp":"2026-07-28T08:36:34.263Z","level":"info","component":"LiveWS","message":"[LiveWS] Client disconnected: %s [%d remaining] b57c2b2c 4"}
{"timestamp":"2026-07-28T08:36:36.551Z","level":"info","component":"LiveWS","message":"[LiveWS] Client connected: %s (%s) [%d total] 2313f74a 127.0.0.1 5"}
{"timestamp":"2026-07-28T08:36:36.554Z","level":"info","component":"LiveWS","message":"[LiveWS] Client disconnected: %s [%d remaining] 2313f74a 4"}
{"timestamp":"2026-07-28T08:36:36.867Z","level":"info","component":"LiveWS","message":"[LiveWS] Client connected: %s (%s) [%d total] 9f211789 127.0.0.1 5"}
{"timestamp":"2026-07-28T08:36:37.548Z","level":"info","component":"LiveWS","message":"[LiveWS] Client connected: %s (%s) [%d total] ab5f208f 127.0.0.1 6"}
{"timestamp":"2026-07-28T08:36:37.550Z","level":"info","component":"LiveWS","message":"[LiveWS] Client disconnected: %s [%d remaining] ab5f208f 5"}
{"timestamp":"2026-07-28T08:36:37.865Z","level":"info","component":"LiveWS","message":"[LiveWS] Client connected: %s (%s) [%d total] d3eb4eb9 127.0.0.1 6"}
{"timestamp":"2026-07-28T08:36:40.558Z","level":"info","component":"LiveWS","message":"[LiveWS] Client connected: %s (%s) [%d total] 260feebe 127.0.0.1 7"}
{"timestamp":"2026-07-28T08:36:40.560Z","level":"info","component":"LiveWS","message":"[LiveWS] Client disconnected: %s [%d remaining] 260feebe 6"}
{"timestamp":"2026-07-28T08:36:40.876Z","level":"info","component":"LiveWS","message":"[LiveWS] Client connected: %s (%s) [%d total] b2294f1d 127.0.0.1 7"}
{"timestamp":"2026-07-28T08:36:43.550Z","level":"info","component":"LiveWS","message":"[LiveWS] Client connected: %s (%s) [%d total] 2b844f7d 127.0.0.1 8"}
{"timestamp":"2026-07-28T08:36:43.551Z","level":"info","component":"LiveWS","message":"[LiveWS] Client disconnected: %s [%d remaining] 2b844f7d 7"}
{"timestamp":"2026-07-28T08:36:43.865Z","level":"info","component":"LiveWS","message":"[LiveWS] Client connected: %s (%s) [%d total] c6a4e3cf 127.0.0.1 8"}
{"timestamp":"2026-07-28T08:36:46.552Z","level":"info","component":"LiveWS","message":"[LiveWS] Client connected: %s (%s) [%d total] e668f3d3 127.0.0.1 9"}
{"timestamp":"2026-07-28T08:36:46.554Z","level":"info","component":"LiveWS","message":"[LiveWS] Client disconnected: %s [%d remaining] e668f3d3 8"}
{"timestamp":"2026-07-28T08:36:46.870Z","level":"info","component":"LiveWS","message":"[LiveWS] Client connected: %s (%s) [%d total] c7b5f4cd 127.0.0.1 9"}
{"timestamp":"2026-07-28T08:36:49.262Z","level":"info","component":"LiveWS","message":"[LiveWS] Client disconnected: %s [%d remaining] d5d509a3 8"}
{"timestamp":"2026-07-28T08:36:49.547Z","level":"info","component":"LiveWS","message":"[LiveWS] Client connected: %s (%s) [%d total] 7b121b13 127.0.0.1 9"}
{"timestamp":"2026-07-28T08:36:49.864Z","level":"info","component":"LiveWS","message":"[LiveWS] Client connected: %s (%s) [%d total] cdb441fa 127.0.0.1 10"}
{"timestamp":"2026-07-28T08:37:04.266Z","level":"info","component":"LiveWS","message":"[LiveWS] Client disconnected: %s [%d remaining] 9e8ec5bf 7"}
{"timestamp":"2026-07-28T08:37:04.267Z","level":"info","component":"LiveWS","message":"[LiveWS] Client disconnected: %s [%d remaining] 17cb312d 7"}
{"timestamp":"2026-07-28T08:37:04.268Z","level":"info","component":"LiveWS","message":"[LiveWS] Client disconnected: %s [%d remaining] ea420413 7"}
{"timestamp":"2026-07-28T08:37:06.551Z","level":"info","component":"LiveWS","message":"[LiveWS] Client connected: %s (%s) [%d total] 9a3755ab 127.0.0.1 8"}
{"timestamp":"2026-07-28T08:37:06.552Z","level":"info","component":"LiveWS","message":"[LiveWS] Client disconnected: %s [%d remaining] 9a3755ab 7"}
{"timestamp":"2026-07-28T08:37:06.863Z","level":"info","component":"LiveWS","message":"[LiveWS] Client connected: %s (%s) [%d total] 19fcb9a5 127.0.0.1 8"}
{"timestamp":"2026-07-28T08:37:07.546Z","level":"info","component":"LiveWS","message":"[LiveWS] Client connected: %s (%s) [%d total] c3495fe2 127.0.0.1 9"}
{"timestamp":"2026-07-28T08:37:07.548Z","level":"info","component":"LiveWS","message":"[LiveWS] Client disconnected: %s [%d remaining] c3495fe2 8"}
{"timestamp":"2026-07-28T08:37:07.858Z","level":"info","component":"LiveWS","message":"[LiveWS] Client connected: %s (%s) [%d total] 5423961e 127.0.0.1 9"}
{"timestamp":"2026-07-28T08:37:10.549Z","level":"info","component":"LiveWS","message":"[LiveWS] Client connected: %s (%s) [%d total] a4fca8b2 127.0.0.1 10"}
{"timestamp":"2026-07-28T08:37:10.551Z","level":"info","component":"LiveWS","message":"[LiveWS] Client disconnected: %s [%d remaining] a4fca8b2 9"}
{"timestamp":"2026-07-28T08:37:10.862Z","level":"info","component":"LiveWS","message":"[LiveWS] Client connected: %s (%s) [%d total] c96ab211 127.0.0.1 10"}
{"timestamp":"2026-07-28T08:37:13.540Z","level":"info","component":"LiveWS","message":"[LiveWS] Client connected: %s (%s) [%d total] 1a18a61c 127.0.0.1 11"}
{"timestamp":"2026-07-28T08:37:13.542Z","level":"info","component":"LiveWS","message":"[LiveWS] Client disconnected: %s [%d remaining] 1a18a61c 10"}
{"timestamp":"2026-07-28T08:37:13.853Z","level":"info","component":"LiveWS","message":"[LiveWS] Client connected: %s (%s) [%d total] 104b6062 127.0.0.1 11"}
{"timestamp":"2026-07-28T08:37:16.542Z","level":"info","component":"LiveWS","message":"[LiveWS] Client connected: %s (%s) [%d total] 365660f1 127.0.0.1 12"}
{"timestamp":"2026-07-28T08:37:16.545Z","level":"info","component":"LiveWS","message":"[LiveWS] Client disconnected: %s [%d remaining] 365660f1 11"}
{"timestamp":"2026-07-28T08:37:16.860Z","level":"info","component":"LiveWS","message":"[LiveWS] Client connected: %s (%s) [%d total] 4137614b 127.0.0.1 12"}
{"timestamp":"2026-07-28T08:37:19.274Z","level":"info","component":"LiveWS","message":"[LiveWS] Client disconnected: %s [%d remaining] c6a4e3cf 8"}
{"timestamp":"2026-07-28T08:37:19.275Z","level":"info","component":"LiveWS","message":"[LiveWS] Client disconnected: %s [%d remaining] b2294f1d 8"}
{"timestamp":"2026-07-28T08:37:19.276Z","level":"info","component":"LiveWS","message":"[LiveWS] Client disconnected: %s [%d remaining] d3eb4eb9 8"}
{"timestamp":"2026-07-28T08:37:19.277Z","level":"info","component":"LiveWS","message":"[LiveWS] Client disconnected: %s [%d remaining] 9f211789 8"}
{"timestamp":"2026-07-28T08:37:19.537Z","level":"info","component":"LiveWS","message":"[LiveWS] Client connected: %s (%s) [%d total] 2880a5b4 127.0.0.1 9"}
{"timestamp":"2026-07-28T08:37:19.852Z","level":"info","component":"LiveWS","message":"[LiveWS] Client connected: %s (%s) [%d total] 4b94a253 127.0.0.1 10"}
{"timestamp":"2026-07-28T08:37:21.228Z","level":"info","component":"LiveWS","message":"[LiveWS] Client disconnected: %s [%d remaining] 4b94a253 9"}
{"timestamp":"2026-07-28T08:37:21.539Z","level":"info","component":"LiveWS","message":"[LiveWS] Client connected: %s (%s) [%d total] bd488176 127.0.0.1 10"}
{"timestamp":"2026-07-28T08:37:21.850Z","level":"info","component":"LiveWS","message":"[LiveWS] Client connected: %s (%s) [%d total] f6039cdd 127.0.0.1 11"}
{"timestamp":"2026-07-28T08:37:34.290Z","level":"info","component":"LiveWS","message":"[LiveWS] Client disconnected: %s [%d remaining] cdb441fa 8"}
{"timestamp":"2026-07-28T08:37:34.295Z","level":"info","component":"LiveWS","message":"[LiveWS] Client disconnected: %s [%d remaining] 7b121b13 8"}
{"timestamp":"2026-07-28T08:37:34.298Z","level":"info","component":"LiveWS","message":"[LiveWS] Client disconnected: %s [%d remaining] c7b5f4cd 8"}
{"timestamp":"2026-07-28T08:37:35.541Z","level":"info","component":"LiveWS","message":"[LiveWS] Client connected: %s (%s) [%d total] 8de8b718 127.0.0.1 9"}
{"timestamp":"2026-07-28T08:37:35.543Z","level":"info","component":"LiveWS","message":"[LiveWS] Client disconnected: %s [%d remaining] 8de8b718 8"}
{"timestamp":"2026-07-28T08:37:35.853Z","level":"info","component":"LiveWS","message":"[LiveWS] Client connected: %s (%s) [%d total] b583a422 127.0.0.1 9"}
{"timestamp":"2026-07-28T08:37:36.535Z","level":"info","component":"LiveWS","message":"[LiveWS] Client connected: %s (%s) [%d total] b841c3ee 127.0.0.1 10"}
{"timestamp":"2026-07-28T08:37:36.538Z","level":"info","component":"LiveWS","message":"[LiveWS] Client disconnected: %s [%d remaining] b841c3ee 9"}
{"timestamp":"2026-07-28T08:37:36.844Z","level":"info","component":"LiveWS","message":"[LiveWS] Client connected: %s (%s) [%d total] c6c6b5ba 127.0.0.1 10"}
{"timestamp":"2026-07-28T08:37:37.541Z","level":"info","component":"LiveWS","message":"[LiveWS] Client connected: %s (%s) [%d total] 04190706 127.0.0.1 11"}
{"timestamp":"2026-07-28T08:37:37.544Z","level":"info","component":"LiveWS","message":"[LiveWS] Client disconnected: %s [%d remaining] 04190706 10"}
{"timestamp":"2026-07-28T08:37:37.852Z","level":"info","component":"LiveWS","message":"[LiveWS] Client connected: %s (%s) [%d total] 5e051c4f 127.0.0.1 11"}
{"timestamp":"2026-07-28T08:37:40.532Z","level":"info","component":"LiveWS","message":"[LiveWS] Client connected: %s (%s) [%d total] da6b801f 127.0.0.1 12"}
{"timestamp":"2026-07-28T08:37:40.534Z","level":"info","component":"LiveWS","message":"[LiveWS] Client disconnected: %s [%d remaining] da6b801f 11"}
{"timestamp":"2026-07-28T08:37:40.849Z","level":"info","component":"LiveWS","message":"[LiveWS] Client connected: %s (%s) [%d total] 16f033c1 127.0.0.1 12"}
{"timestamp":"2026-07-28T08:37:43.547Z","level":"info","component":"LiveWS","message":"[LiveWS] Client connected: %s (%s) [%d total] 473aac3a 127.0.0.1 13"}
{"timestamp":"2026-07-28T08:37:43.549Z","level":"info","component":"LiveWS","message":"[LiveWS] Client disconnected: %s [%d remaining] 473aac3a 12"}
{"timestamp":"2026-07-28T08:37:43.856Z","level":"info","component":"LiveWS","message":"[LiveWS] Client connected: %s (%s) [%d total] dde9810e 127.0.0.1 13"}
{"timestamp":"2026-07-28T08:37:46.542Z","level":"info","component":"LiveWS","message":"[LiveWS] Client connected: %s (%s) [%d total] 5641847d 127.0.0.1 14"}
{"timestamp":"2026-07-28T08:37:46.544Z","level":"info","component":"LiveWS","message":"[LiveWS] Client disconnected: %s [%d remaining] 5641847d 13"}
{"timestamp":"2026-07-28T08:37:46.850Z","level":"info","component":"LiveWS","message":"[LiveWS] Client connected: %s (%s) [%d total] f8069cb2 127.0.0.1 14"}
{"timestamp":"2026-07-28T08:37:49.301Z","level":"info","component":"LiveWS","message":"[LiveWS] Client disconnected: %s [%d remaining] 104b6062 10"}
{"timestamp":"2026-07-28T08:37:49.303Z","level":"info","component":"LiveWS","message":"[LiveWS] Client disconnected: %s [%d remaining] c96ab211 10"}
{"timestamp":"2026-07-28T08:37:49.304Z","level":"info","component":"LiveWS","message":"[LiveWS] Client disconnected: %s [%d remaining] 5423961e 10"}
{"timestamp":"2026-07-28T08:37:49.305Z","level":"info","component":"LiveWS","message":"[LiveWS] Client disconnected: %s [%d remaining] 19fcb9a5 10"}
{"timestamp":"2026-07-28T08:37:49.536Z","level":"info","component":"LiveWS","message":"[LiveWS] Client connected: %s (%s) [%d total] 86bda36b 127.0.0.1 11"}
{"timestamp":"2026-07-28T08:37:49.848Z","level":"info","component":"LiveWS","message":"[LiveWS] Client connected: %s (%s) [%d total] da1126c3 127.0.0.1 12"}
{"timestamp":"2026-07-28T08:37:51.232Z","level":"info","component":"LiveWS","message":"[LiveWS] Client disconnected: %s [%d remaining] da1126c3 11"}
{"timestamp":"2026-07-28T08:37:51.542Z","level":"info","component":"LiveWS","message":"[LiveWS] Client connected: %s (%s) [%d total] ee7ed4c0 127.0.0.1 12"}
{"timestamp":"2026-07-28T08:37:51.853Z","level":"info","component":"LiveWS","message":"[LiveWS] Client connected: %s (%s) [%d total] 8a0b5932 127.0.0.1 13"}
{"timestamp":"2026-07-28T08:38:04.311Z","level":"info","component":"LiveWS","message":"[LiveWS] Client disconnected: %s [%d remaining] f6039cdd 9"}
{"timestamp":"2026-07-28T08:38:04.312Z","level":"info","component":"LiveWS","message":"[LiveWS] Client disconnected: %s [%d remaining] bd488176 9"}
{"timestamp":"2026-07-28T08:38:04.313Z","level":"info","component":"LiveWS","message":"[LiveWS] Client disconnected: %s [%d remaining] 2880a5b4 9"}
{"timestamp":"2026-07-28T08:38:04.314Z","level":"info","component":"LiveWS","message":"[LiveWS] Client disconnected: %s [%d remaining] 4137614b 9"}
{"timestamp":"2026-07-28T08:38:06.535Z","level":"info","component":"LiveWS","message":"[LiveWS] Client connected: %s (%s) [%d total] a0f22703 127.0.0.1 10"}
{"timestamp":"2026-07-28T08:38:06.538Z","level":"info","component":"LiveWS","message":"[LiveWS] Client disconnected: %s [%d remaining] a0f22703 9"}
{"timestamp":"2026-07-28T08:38:06.840Z","level":"info","component":"LiveWS","message":"[LiveWS] Client connected: %s (%s) [%d total] c92913a6 127.0.0.1 10"}
{"timestamp":"2026-07-28T08:38:07.540Z","level":"info","component":"LiveWS","message":"[LiveWS] Client connected: %s (%s) [%d total] 7df77e6c 127.0.0.1 11"}
{"timestamp":"2026-07-28T08:38:07.541Z","level":"info","component":"LiveWS","message":"[LiveWS] Client disconnected: %s [%d remaining] 7df77e6c 10"}
{"timestamp":"2026-07-28T08:38:07.851Z","level":"info","component":"LiveWS","message":"[LiveWS] Client connected: %s (%s) [%d total] cb2f8e03 127.0.0.1 11"}
{"timestamp":"2026-07-28T08:38:10.544Z","level":"info","component":"LiveWS","message":"[LiveWS] Client connected: %s (%s) [%d total] 670dbbf2 127.0.0.1 12"}
{"timestamp":"2026-07-28T08:38:10.546Z","level":"info","component":"LiveWS","message":"[LiveWS] Client disconnected: %s [%d remaining] 670dbbf2 11"}
{"timestamp":"2026-07-28T08:38:10.856Z","level":"info","component":"LiveWS","message":"[LiveWS] Client connected: %s (%s) [%d total] 66b414ee 127.0.0.1 12"}
{"timestamp":"2026-07-28T08:38:13.549Z","level":"info","component":"LiveWS","message":"[LiveWS] Client connected: %s (%s) [%d total] ebf373e8 127.0.0.1 13"}
{"timestamp":"2026-07-28T08:38:13.551Z","level":"info","component":"LiveWS","message":"[LiveWS] Client disconnected: %s [%d remaining] ebf373e8 12"}
{"timestamp":"2026-07-28T08:38:13.858Z","level":"info","component":"LiveWS","message":"[LiveWS] Client connected: %s (%s) [%d total] 05825c6b 127.0.0.1 13"}
{"timestamp":"2026-07-28T08:38:18.543Z","level":"info","component":"LiveWS","message":"[LiveWS] Client connected: %s (%s) [%d total] 1d022809 127.0.0.1 14"}
{"timestamp":"2026-07-28T08:38:18.545Z","level":"info","component":"LiveWS","message":"[LiveWS] Client disconnected: %s [%d remaining] 1d022809 13"}
{"timestamp":"2026-07-28T08:38:18.853Z","level":"info","component":"LiveWS","message":"[LiveWS] Client connected: %s (%s) [%d total] 7e363688 127.0.0.1 14"}
{"timestamp":"2026-07-28T08:38:19.320Z","level":"info","component":"LiveWS","message":"[LiveWS] Client disconnected: %s [%d remaining] dde9810e 9"}
{"timestamp":"2026-07-28T08:38:19.322Z","level":"info","component":"LiveWS","message":"[LiveWS] Client disconnected: %s [%d remaining] 16f033c1 9"}
{"timestamp":"2026-07-28T08:38:19.323Z","level":"info","component":"LiveWS","message":"[LiveWS] Client disconnected: %s [%d remaining] 5e051c4f 9"}
{"timestamp":"2026-07-28T08:38:19.324Z","level":"info","component":"LiveWS","message":"[LiveWS] Client disconnected: %s [%d remaining] c6c6b5ba 9"}
{"timestamp":"2026-07-28T08:38:19.325Z","level":"info","component":"LiveWS","message":"[LiveWS] Client disconnected: %s [%d remaining] b583a422 9"}
{"timestamp":"2026-07-28T08:38:21.542Z","level":"info","component":"LiveWS","message":"[LiveWS] Client connected: %s (%s) [%d total] 137bde58 127.0.0.1 10"}
{"timestamp":"2026-07-28T08:38:21.856Z","level":"info","component":"LiveWS","message":"[LiveWS] Client connected: %s (%s) [%d total] 2830ef22 127.0.0.1 11"}
{"timestamp":"2026-07-28T08:38:34.323Z","level":"info","component":"LiveWS","message":"[LiveWS] Client disconnected: %s [%d remaining] 8a0b5932 7"}
{"timestamp":"2026-07-28T08:38:34.324Z","level":"info","component":"LiveWS","message":"[LiveWS] Client disconnected: %s [%d remaining] ee7ed4c0 7"}
{"timestamp":"2026-07-28T08:38:34.325Z","level":"info","component":"LiveWS","message":"[LiveWS] Client disconnected: %s [%d remaining] 86bda36b 7"}
{"timestamp":"2026-07-28T08:38:34.325Z","level":"info","component":"LiveWS","message":"[LiveWS] Client disconnected: %s [%d remaining] f8069cb2 7"}
{"timestamp":"2026-07-28T08:38:36.546Z","level":"info","component":"LiveWS","message":"[LiveWS] Client connected: %s (%s) [%d total] 837e622d 127.0.0.1 8"}
{"timestamp":"2026-07-28T08:38:36.548Z","level":"info","component":"LiveWS","message":"[LiveWS] Client disconnected: %s [%d remaining] 837e622d 7"}
{"timestamp":"2026-07-28T08:38:36.860Z","level":"info","component":"LiveWS","message":"[LiveWS] Client connected: %s (%s) [%d total] 19346055 127.0.0.1 8"}
{"timestamp":"2026-07-28T08:38:37.548Z","level":"info","component":"LiveWS","message":"[LiveWS] Client connected: %s (%s) [%d total] dee389ca 127.0.0.1 9"}
{"timestamp":"2026-07-28T08:38:37.550Z","level":"info","component":"LiveWS","message":"[LiveWS] Client disconnected: %s [%d remaining] dee389ca 8"}
{"timestamp":"2026-07-28T08:38:37.860Z","level":"info","component":"LiveWS","message":"[LiveWS] Client connected: %s (%s) [%d total] 16df5988 127.0.0.1 9"}
{"timestamp":"2026-07-28T08:38:40.546Z","level":"info","component":"LiveWS","message":"[LiveWS] Client connected: %s (%s) [%d total] fa9b3898 127.0.0.1 10"}
{"timestamp":"2026-07-28T08:38:40.548Z","level":"info","component":"LiveWS","message":"[LiveWS] Client disconnected: %s [%d remaining] fa9b3898 9"}
{"timestamp":"2026-07-28T08:38:40.859Z","level":"info","component":"LiveWS","message":"[LiveWS] Client connected: %s (%s) [%d total] e5e7397d 127.0.0.1 10"}
{"timestamp":"2026-07-28T08:38:43.541Z","level":"info","component":"LiveWS","message":"[LiveWS] Client connected: %s (%s) [%d total] a11802dc 127.0.0.1 11"}
{"timestamp":"2026-07-28T08:38:43.543Z","level":"info","component":"LiveWS","message":"[LiveWS] Client disconnected: %s [%d remaining] a11802dc 10"}
{"timestamp":"2026-07-28T08:38:43.853Z","level":"info","component":"LiveWS","message":"[LiveWS] Client connected: %s (%s) [%d total] 0815d8f7 127.0.0.1 11"}
{"timestamp":"2026-07-28T08:38:48.549Z","level":"info","component":"LiveWS","message":"[LiveWS] Client connected: %s (%s) [%d total] 1fe8a1f8 127.0.0.1 12"}
{"timestamp":"2026-07-28T08:38:48.550Z","level":"info","component":"LiveWS","message":"[LiveWS] Client disconnected: %s [%d remaining] 1fe8a1f8 11"}
{"timestamp":"2026-07-28T08:38:48.863Z","level":"info","component":"LiveWS","message":"[LiveWS] Client connected: %s (%s) [%d total] ea204b08 127.0.0.1 12"}
{"timestamp":"2026-07-28T08:38:49.332Z","level":"info","component":"LiveWS","message":"[LiveWS] Client disconnected: %s [%d remaining] 05825c6b 8"}
{"timestamp":"2026-07-28T08:38:49.333Z","level":"info","component":"LiveWS","message":"[LiveWS] Client disconnected: %s [%d remaining] 66b414ee 8"}
{"timestamp":"2026-07-28T08:38:49.334Z","level":"info","component":"LiveWS","message":"[LiveWS] Client disconnected: %s [%d remaining] cb2f8e03 8"}
{"timestamp":"2026-07-28T08:38:49.335Z","level":"info","component":"LiveWS","message":"[LiveWS] Client disconnected: %s [%d remaining] c92913a6 8"}
{"timestamp":"2026-07-28T08:38:51.545Z","level":"info","component":"LiveWS","message":"[LiveWS] Client connected: %s (%s) [%d total] 5a0e3ecd 127.0.0.1 9"}
{"timestamp":"2026-07-28T08:38:51.856Z","level":"info","component":"LiveWS","message":"[LiveWS] Client connected: %s (%s) [%d total] 9634ffcd 127.0.0.1 10"}
{"timestamp":"2026-07-28T08:39:04.347Z","level":"info","component":"LiveWS","message":"[LiveWS] Client disconnected: %s [%d remaining] 2830ef22 7"}
{"timestamp":"2026-07-28T08:39:04.348Z","level":"info","component":"LiveWS","message":"[LiveWS] Client disconnected: %s [%d remaining] 137bde58 7"}
{"timestamp":"2026-07-28T08:39:04.349Z","level":"info","component":"LiveWS","message":"[LiveWS] Client disconnected: %s [%d remaining] 7e363688 7"}
{"timestamp":"2026-07-28T08:39:06.545Z","level":"info","component":"LiveWS","message":"[LiveWS] Client connected: %s (%s) [%d total] 91fdd28a 127.0.0.1 8"}
{"timestamp":"2026-07-28T08:39:06.547Z","level":"info","component":"LiveWS","message":"[LiveWS] Client disconnected: %s [%d remaining] 91fdd28a 7"}
{"timestamp":"2026-07-28T08:39:06.856Z","level":"info","component":"LiveWS","message":"[LiveWS] Client connected: %s (%s) [%d total] 63c2c56e 127.0.0.1 8"}
{"timestamp":"2026-07-28T08:39:11.544Z","level":"info","component":"LiveWS","message":"[LiveWS] Client connected: %s (%s) [%d total] 217178ce 127.0.0.1 9"}
{"timestamp":"2026-07-28T08:39:11.547Z","level":"info","component":"LiveWS","message":"[LiveWS] Client disconnected: %s [%d remaining] 217178ce 8"}
{"timestamp":"2026-07-28T08:39:11.859Z","level":"info","component":"LiveWS","message":"[LiveWS] Client connected: %s (%s) [%d total] 8b6825fb 127.0.0.1 9"}
{"timestamp":"2026-07-28T08:39:14.543Z","level":"info","component":"LiveWS","message":"[LiveWS] Client connected: %s (%s) [%d total] ce72d075 127.0.0.1 10"}
{"timestamp":"2026-07-28T08:39:14.545Z","level":"info","component":"LiveWS","message":"[LiveWS] Client disconnected: %s [%d remaining] ce72d075 9"}
{"timestamp":"2026-07-28T08:39:14.860Z","level":"info","component":"LiveWS","message":"[LiveWS] Client connected: %s (%s) [%d total] e3dc0145 127.0.0.1 10"}
{"timestamp":"2026-07-28T08:39:17.546Z","level":"info","component":"LiveWS","message":"[LiveWS] Client connected: %s (%s) [%d total] deb87747 127.0.0.1 11"}
{"timestamp":"2026-07-28T08:39:17.548Z","level":"info","component":"LiveWS","message":"[LiveWS] Client disconnected: %s [%d remaining] deb87747 10"}
{"timestamp":"2026-07-28T08:39:17.861Z","level":"info","component":"LiveWS","message":"[LiveWS] Client connected: %s (%s) [%d total] 625dcf16 127.0.0.1 11"}
{"timestamp":"2026-07-28T08:39:19.362Z","level":"info","component":"LiveWS","message":"[LiveWS] Client disconnected: %s [%d remaining] 0815d8f7 7"}
{"timestamp":"2026-07-28T08:39:19.363Z","level":"info","component":"LiveWS","message":"[LiveWS] Client disconnected: %s [%d remaining] e5e7397d 7"}
{"timestamp":"2026-07-28T08:39:19.364Z","level":"info","component":"LiveWS","message":"[LiveWS] Client disconnected: %s [%d remaining] 16df5988 7"}
{"timestamp":"2026-07-28T08:39:19.365Z","level":"info","component":"LiveWS","message":"[LiveWS] Client disconnected: %s [%d remaining] 19346055 7"}
{"timestamp":"2026-07-28T08:39:20.547Z","level":"info","component":"LiveWS","message":"[LiveWS] Client connected: %s (%s) [%d total] 6b2f3718 127.0.0.1 8"}
{"timestamp":"2026-07-28T08:39:20.548Z","level":"info","component":"LiveWS","message":"[LiveWS] Client disconnected: %s [%d remaining] 6b2f3718 7"}
{"timestamp":"2026-07-28T08:39:20.859Z","level":"info","component":"LiveWS","message":"[LiveWS] Client connected: %s (%s) [%d total] f376c711 127.0.0.1 8"}
{"timestamp":"2026-07-28T08:39:21.544Z","level":"info","component":"LiveWS","message":"[LiveWS] Client connected: %s (%s) [%d total] 285c7680 127.0.0.1 9"}
{"timestamp":"2026-07-28T08:39:21.546Z","level":"info","component":"LiveWS","message":"[LiveWS] Client disconnected: %s [%d remaining] 285c7680 8"}
{"timestamp":"2026-07-28T08:39:21.856Z","level":"info","component":"LiveWS","message":"[LiveWS] Client connected: %s (%s) [%d total] 0e0fad4a 127.0.0.1 9"}
{"timestamp":"2026-07-28T08:39:30.535Z","level":"info","component":"LiveWS","message":"[LiveWS] Client connected: %s (%s) [%d total] 999d5a2e 127.0.0.1 10"}
{"timestamp":"2026-07-28T08:39:30.538Z","level":"info","component":"LiveWS","message":"[LiveWS] Client disconnected: %s [%d remaining] 999d5a2e 9"}
{"timestamp":"2026-07-28T08:39:30.847Z","level":"info","component":"LiveWS","message":"[LiveWS] Client connected: %s (%s) [%d total] 7ba38c9e 127.0.0.1 10"}
{"timestamp":"2026-07-28T08:39:33.536Z","level":"info","component":"LiveWS","message":"[LiveWS] Client connected: %s (%s) [%d total] ca79fe8a 127.0.0.1 11"}
{"timestamp":"2026-07-28T08:39:33.538Z","level":"info","component":"LiveWS","message":"[LiveWS] Client disconnected: %s [%d remaining] ca79fe8a 10"}
{"timestamp":"2026-07-28T08:39:33.848Z","level":"info","component":"LiveWS","message":"[LiveWS] Client connected: %s (%s) [%d total] 41efac01 127.0.0.1 11"}
{"timestamp":"2026-07-28T08:39:34.366Z","level":"info","component":"LiveWS","message":"[LiveWS] Client disconnected: %s [%d remaining] 9634ffcd 8"}
{"timestamp":"2026-07-28T08:39:34.367Z","level":"info","component":"LiveWS","message":"[LiveWS] Client disconnected: %s [%d remaining] 5a0e3ecd 8"}
{"timestamp":"2026-07-28T08:39:34.368Z","level":"info","component":"LiveWS","message":"[LiveWS] Client disconnected: %s [%d remaining] ea204b08 8"}
{"timestamp":"2026-07-28T08:39:35.550Z","level":"info","component":"LiveWS","message":"[LiveWS] Client connected: %s (%s) [%d total] b6575225 127.0.0.1 9"}
{"timestamp":"2026-07-28T08:39:35.552Z","level":"info","component":"LiveWS","message":"[LiveWS] Client disconnected: %s [%d remaining] b6575225 8"}
{"timestamp":"2026-07-28T08:39:35.866Z","level":"info","component":"LiveWS","message":"[LiveWS] Client connected: %s (%s) [%d total] 26934149 127.0.0.1 9"}
{"timestamp":"2026-07-28T08:39:36.538Z","level":"info","component":"LiveWS","message":"[LiveWS] Client connected: %s (%s) [%d total] b8a02cd6 127.0.0.1 10"}
{"timestamp":"2026-07-28T08:39:36.540Z","level":"info","component":"LiveWS","message":"[LiveWS] Client disconnected: %s [%d remaining] b8a02cd6 9"}
{"timestamp":"2026-07-28T08:39:36.853Z","level":"info","component":"LiveWS","message":"[LiveWS] Client connected: %s (%s) [%d total] 1bdefee9 127.0.0.1 10"}
{"timestamp":"2026-07-28T08:39:41.552Z","level":"info","component":"LiveWS","message":"[LiveWS] Client connected: %s (%s) [%d total] cfaddd47 127.0.0.1 11"}
{"timestamp":"2026-07-28T08:39:41.554Z","level":"info","component":"LiveWS","message":"[LiveWS] Client disconnected: %s [%d remaining] cfaddd47 10"}
{"timestamp":"2026-07-28T08:39:41.865Z","level":"info","component":"LiveWS","message":"[LiveWS] Client connected: %s (%s) [%d total] 4fff3fa3 127.0.0.1 11"}
{"timestamp":"2026-07-28T08:39:44.550Z","level":"info","component":"LiveWS","message":"[LiveWS] Client connected: %s (%s) [%d total] 3a9140b9 127.0.0.1 12"}
{"timestamp":"2026-07-28T08:39:44.552Z","level":"info","component":"LiveWS","message":"[LiveWS] Client disconnected: %s [%d remaining] 3a9140b9 11"}
{"timestamp":"2026-07-28T08:39:44.862Z","level":"info","component":"LiveWS","message":"[LiveWS] Client connected: %s (%s) [%d total] 1657344a 127.0.0.1 12"}
{"timestamp":"2026-07-28T08:39:47.541Z","level":"info","component":"LiveWS","message":"[LiveWS] Client connected: %s (%s) [%d total] d7d28589 127.0.0.1 13"}
{"timestamp":"2026-07-28T08:39:47.543Z","level":"info","component":"LiveWS","message":"[LiveWS] Client disconnected: %s [%d remaining] d7d28589 12"}
{"timestamp":"2026-07-28T08:39:47.857Z","level":"info","component":"LiveWS","message":"[LiveWS] Client connected: %s (%s) [%d total] d6d2215b 127.0.0.1 13"}
{"timestamp":"2026-07-28T08:39:49.370Z","level":"info","component":"LiveWS","message":"[LiveWS] Client disconnected: %s [%d remaining] 8b6825fb 11"}
{"timestamp":"2026-07-28T08:39:49.371Z","level":"info","component":"LiveWS","message":"[LiveWS] Client disconnected: %s [%d remaining] 63c2c56e 11"}
{"timestamp":"2026-07-28T08:39:50.550Z","level":"info","component":"LiveWS","message":"[LiveWS] Client connected: %s (%s) [%d total] 7cd13486 127.0.0.1 12"}
{"timestamp":"2026-07-28T08:39:50.551Z","level":"info","component":"LiveWS","message":"[LiveWS] Client disconnected: %s [%d remaining] 7cd13486 11"}
{"timestamp":"2026-07-28T08:39:50.865Z","level":"info","component":"LiveWS","message":"[LiveWS] Client connected: %s (%s) [%d total] 786108c0 127.0.0.1 12"}
{"timestamp":"2026-07-28T08:39:51.543Z","level":"info","component":"LiveWS","message":"[LiveWS] Client connected: %s (%s) [%d total] 20b6d01c 127.0.0.1 13"}
{"timestamp":"2026-07-28T08:39:51.545Z","level":"info","component":"LiveWS","message":"[LiveWS] Client disconnected: %s [%d remaining] 20b6d01c 12"}
{"timestamp":"2026-07-28T08:39:51.857Z","level":"info","component":"LiveWS","message":"[LiveWS] Client connected: %s (%s) [%d total] 035755b9 127.0.0.1 13"}
{"timestamp":"2026-07-28T08:39:54.548Z","level":"info","component":"LiveWS","message":"[LiveWS] Client connected: %s (%s) [%d total] 3301dac1 127.0.0.1 14"}
{"timestamp":"2026-07-28T08:39:54.550Z","level":"info","component":"LiveWS","message":"[LiveWS] Client disconnected: %s [%d remaining] 3301dac1 13"}
{"timestamp":"2026-07-28T08:39:54.860Z","level":"info","component":"LiveWS","message":"[LiveWS] Client connected: %s (%s) [%d total] c38cee52 127.0.0.1 14"}
{"timestamp":"2026-07-28T08:39:57.547Z","level":"info","component":"LiveWS","message":"[LiveWS] Client connected: %s (%s) [%d total] 0cbbb307 127.0.0.1 15"}
{"timestamp":"2026-07-28T08:39:57.549Z","level":"info","component":"LiveWS","message":"[LiveWS] Client disconnected: %s [%d remaining] 0cbbb307 14"}
{"timestamp":"2026-07-28T08:39:57.858Z","level":"info","component":"LiveWS","message":"[LiveWS] Client connected: %s (%s) [%d total] d7dd7500 127.0.0.1 15"}
{"timestamp":"2026-07-28T08:40:00.548Z","level":"info","component":"LiveWS","message":"[LiveWS] Client connected: %s (%s) [%d total] 847f24f0 127.0.0.1 16"}
{"timestamp":"2026-07-28T08:40:00.550Z","level":"info","component":"LiveWS","message":"[LiveWS] Client disconnected: %s [%d remaining] 847f24f0 15"}
{"timestamp":"2026-07-28T08:40:00.863Z","level":"info","component":"LiveWS","message":"[LiveWS] Client connected: %s (%s) [%d total] 0eb692fe 127.0.0.1 16"}
{"timestamp":"2026-07-28T08:40:03.527Z","level":"info","component":"LiveWS","message":"[LiveWS] Client connected: %s (%s) [%d total] 127d4258 127.0.0.1 17"}
{"timestamp":"2026-07-28T08:40:03.542Z","level":"info","component":"LiveWS","message":"[LiveWS] Client disconnected: %s [%d remaining] 127d4258 16"}
{"timestamp":"2026-07-28T08:40:03.856Z","level":"info","component":"LiveWS","message":"[LiveWS] Client connected: %s (%s) [%d total] 9b2bbb08 127.0.0.1 17"}
{"timestamp":"2026-07-28T08:40:04.377Z","level":"info","component":"LiveWS","message":"[LiveWS] Client disconnected: %s [%d remaining] 0e0fad4a 13"}
{"timestamp":"2026-07-28T08:40:04.378Z","level":"info","component":"LiveWS","message":"[LiveWS] Client disconnected: %s [%d remaining] f376c711 13"}
{"timestamp":"2026-07-28T08:40:04.379Z","level":"info","component":"LiveWS","message":"[LiveWS] Client disconnected: %s [%d remaining] 625dcf16 13"}
{"timestamp":"2026-07-28T08:40:04.380Z","level":"info","component":"LiveWS","message":"[LiveWS] Client disconnected: %s [%d remaining] e3dc0145 13"}
{"timestamp":"2026-07-28T08:40:05.528Z","level":"info","component":"LiveWS","message":"[LiveWS] Client connected: %s (%s) [%d total] 852c1ddc 127.0.0.1 14"}
{"timestamp":"2026-07-28T08:40:05.537Z","level":"info","component":"LiveWS","message":"[LiveWS] Client disconnected: %s [%d remaining] 852c1ddc 13"}
{"timestamp":"2026-07-28T08:40:05.843Z","level":"info","component":"LiveWS","message":"[LiveWS] Client connected: %s (%s) [%d total] ef0100d0 127.0.0.1 14"}
{"timestamp":"2026-07-28T08:40:06.544Z","level":"info","component":"LiveWS","message":"[LiveWS] Client connected: %s (%s) [%d total] 09dff8f6 127.0.0.1 15"}
{"timestamp":"2026-07-28T08:40:06.546Z","level":"info","component":"LiveWS","message":"[LiveWS] Client disconnected: %s [%d remaining] 09dff8f6 14"}
{"timestamp":"2026-07-28T08:40:06.861Z","level":"info","component":"LiveWS","message":"[LiveWS] Client connected: %s (%s) [%d total] 1f95e897 127.0.0.1 15"}
{"timestamp":"2026-07-28T08:40:19.389Z","level":"info","component":"LiveWS","message":"[LiveWS] Client disconnected: %s [%d remaining] 4fff3fa3 10"}
{"timestamp":"2026-07-28T08:40:19.390Z","level":"info","component":"LiveWS","message":"[LiveWS] Client disconnected: %s [%d remaining] 1bdefee9 10"}
{"timestamp":"2026-07-28T08:40:19.391Z","level":"info","component":"LiveWS","message":"[LiveWS] Client disconnected: %s [%d remaining] 26934149 10"}
{"timestamp":"2026-07-28T08:40:19.392Z","level":"info","component":"LiveWS","message":"[LiveWS] Client disconnected: %s [%d remaining] 41efac01 10"}
{"timestamp":"2026-07-28T08:40:19.392Z","level":"info","component":"LiveWS","message":"[LiveWS] Client disconnected: %s [%d remaining] 7ba38c9e 10"}
{"timestamp":"2026-07-28T08:40:21.557Z","level":"info","component":"LiveWS","message":"[LiveWS] Client connected: %s (%s) [%d total] 4790d555 127.0.0.1 11"}
{"timestamp":"2026-07-28T08:40:21.559Z","level":"info","component":"LiveWS","message":"[LiveWS] Client disconnected: %s [%d remaining] 4790d555 10"}
{"timestamp":"2026-07-28T08:40:21.863Z","level":"info","component":"LiveWS","message":"[LiveWS] Client connected: %s (%s) [%d total] a2633d46 127.0.0.1 11"}
{"timestamp":"2026-07-28T08:40:23.541Z","level":"info","component":"LiveWS","message":"[LiveWS] Client connected: %s (%s) [%d total] 8b2d36ef 127.0.0.1 12"}
{"timestamp":"2026-07-28T08:40:23.543Z","level":"info","component":"LiveWS","message":"[LiveWS] Client disconnected: %s [%d remaining] 8b2d36ef 11"}
{"timestamp":"2026-07-28T08:40:23.849Z","level":"info","component":"LiveWS","message":"[LiveWS] Client connected: %s (%s) [%d total] 15a4f9d6 127.0.0.1 12"}
{"timestamp":"2026-07-28T08:40:26.545Z","level":"info","component":"LiveWS","message":"[LiveWS] Client connected: %s (%s) [%d total] 1eea1c4c 127.0.0.1 13"}
{"timestamp":"2026-07-28T08:40:26.547Z","level":"info","component":"LiveWS","message":"[LiveWS] Client disconnected: %s [%d remaining] 1eea1c4c 12"}
{"timestamp":"2026-07-28T08:40:26.862Z","level":"info","component":"LiveWS","message":"[LiveWS] Client connected: %s (%s) [%d total] dff11be9 127.0.0.1 13"}
{"timestamp":"2026-07-28T08:40:29.539Z","level":"info","component":"LiveWS","message":"[LiveWS] Client connected: %s (%s) [%d total] d522dcfb 127.0.0.1 14"}
{"timestamp":"2026-07-28T08:40:29.541Z","level":"info","component":"LiveWS","message":"[LiveWS] Client disconnected: %s [%d remaining] d522dcfb 13"}
{"timestamp":"2026-07-28T08:40:29.855Z","level":"info","component":"LiveWS","message":"[LiveWS] Client connected: %s (%s) [%d total] 6ca2efd2 127.0.0.1 14"}
{"timestamp":"2026-07-28T08:40:32.550Z","level":"info","component":"LiveWS","message":"[LiveWS] Client connected: %s (%s) [%d total] 8c136089 127.0.0.1 15"}
{"timestamp":"2026-07-28T08:40:32.551Z","level":"info","component":"LiveWS","message":"[LiveWS] Client disconnected: %s [%d remaining] 8c136089 14"}
{"timestamp":"2026-07-28T08:40:32.863Z","level":"info","component":"LiveWS","message":"[LiveWS] Client connected: %s (%s) [%d total] 5a2b63f1 127.0.0.1 15"}
{"timestamp":"2026-07-28T08:40:34.392Z","level":"info","component":"LiveWS","message":"[LiveWS] Client disconnected: %s [%d remaining] d7dd7500 9"}
{"timestamp":"2026-07-28T08:40:34.393Z","level":"info","component":"LiveWS","message":"[LiveWS] Client disconnected: %s [%d remaining] c38cee52 9"}
{"timestamp":"2026-07-28T08:40:34.393Z","level":"info","component":"LiveWS","message":"[LiveWS] Client disconnected: %s [%d remaining] 035755b9 9"}
{"timestamp":"2026-07-28T08:40:34.394Z","level":"info","component":"LiveWS","message":"[LiveWS] Client disconnected: %s [%d remaining] 786108c0 9"}
{"timestamp":"2026-07-28T08:40:34.394Z","level":"info","component":"LiveWS","message":"[LiveWS] Client disconnected: %s [%d remaining] d6d2215b 9"}
{"timestamp":"2026-07-28T08:40:34.394Z","level":"info","component":"LiveWS","message":"[LiveWS] Client disconnected: %s [%d remaining] 1657344a 9"}
{"timestamp":"2026-07-28T08:40:35.552Z","level":"info","component":"LiveWS","message":"[LiveWS] Client connected: %s (%s) [%d total] f941d13c 127.0.0.1 10"}
{"timestamp":"2026-07-28T08:40:35.553Z","level":"info","component":"LiveWS","message":"[LiveWS] Client disconnected: %s [%d remaining] f941d13c 9"}
{"timestamp":"2026-07-28T08:40:35.865Z","level":"info","component":"LiveWS","message":"[LiveWS] Client connected: %s (%s) [%d total] f3b0ee8f 127.0.0.1 10"}
{"timestamp":"2026-07-28T08:40:36.537Z","level":"info","component":"LiveWS","message":"[LiveWS] Client connected: %s (%s) [%d total] 8745b7e7 127.0.0.1 11"}
{"timestamp":"2026-07-28T08:40:36.541Z","level":"info","component":"LiveWS","message":"[LiveWS] Client disconnected: %s [%d remaining] 8745b7e7 10"}
{"timestamp":"2026-07-28T08:40:36.852Z","level":"info","component":"LiveWS","message":"[LiveWS] Client connected: %s (%s) [%d total] 48d15fa7 127.0.0.1 11"}
{"timestamp":"2026-07-28T08:40:49.396Z","level":"info","component":"LiveWS","message":"[LiveWS] Client disconnected: %s [%d remaining] 1f95e897 7"}
{"timestamp":"2026-07-28T08:40:49.397Z","level":"info","component":"LiveWS","message":"[LiveWS] Client disconnected: %s [%d remaining] ef0100d0 7"}
{"timestamp":"2026-07-28T08:40:49.398Z","level":"info","component":"LiveWS","message":"[LiveWS] Client disconnected: %s [%d remaining] 9b2bbb08 7"}
{"timestamp":"2026-07-28T08:40:49.399Z","level":"info","component":"LiveWS","message":"[LiveWS] Client disconnected: %s [%d remaining] 0eb692fe 7"}
{"timestamp":"2026-07-28T08:40:51.534Z","level":"info","component":"LiveWS","message":"[LiveWS] Client connected: %s (%s) [%d total] f0e3c799 127.0.0.1 8"}
{"timestamp":"2026-07-28T08:40:51.536Z","level":"info","component":"LiveWS","message":"[LiveWS] Client disconnected: %s [%d remaining] f0e3c799 7"}
{"timestamp":"2026-07-28T08:40:51.843Z","level":"info","component":"LiveWS","message":"[LiveWS] Client connected: %s (%s) [%d total] caf375c2 127.0.0.1 8"}
{"timestamp":"2026-07-28T08:41:04.409Z","level":"info","component":"LiveWS","message":"[LiveWS] Client disconnected: %s [%d remaining] dff11be9 5"}
{"timestamp":"2026-07-28T08:41:04.410Z","level":"info","component":"LiveWS","message":"[LiveWS] Client disconnected: %s [%d remaining] 15a4f9d6 5"}
{"timestamp":"2026-07-28T08:41:04.410Z","level":"info","component":"LiveWS","message":"[LiveWS] Client disconnected: %s [%d remaining] a2633d46 5"}
{"timestamp":"2026-07-28T08:41:06.534Z","level":"info","component":"LiveWS","message":"[LiveWS] Client connected: %s (%s) [%d total] e178ef2c 127.0.0.1 6"}
{"timestamp":"2026-07-28T08:41:06.536Z","level":"info","component":"LiveWS","message":"[LiveWS] Client disconnected: %s [%d remaining] e178ef2c 5"}
{"timestamp":"2026-07-28T08:41:06.852Z","level":"info","component":"LiveWS","message":"[LiveWS] Client connected: %s (%s) [%d total] e56d4042 127.0.0.1 6"}
{"timestamp":"2026-07-28T08:41:07.544Z","level":"info","component":"LiveWS","message":"[LiveWS] Client connected: %s (%s) [%d total] 3f9457de 127.0.0.1 7"}
{"timestamp":"2026-07-28T08:41:07.546Z","level":"info","component":"LiveWS","message":"[LiveWS] Client disconnected: %s [%d remaining] 3f9457de 6"}
{"timestamp":"2026-07-28T08:41:07.856Z","level":"info","component":"LiveWS","message":"[LiveWS] Client connected: %s (%s) [%d total] c9b2caba 127.0.0.1 7"}
{"timestamp":"2026-07-28T08:41:08.538Z","level":"info","component":"LiveWS","message":"[LiveWS] Client connected: %s (%s) [%d total] abe363de 127.0.0.1 8"}
{"timestamp":"2026-07-28T08:41:08.540Z","level":"info","component":"LiveWS","message":"[LiveWS] Client disconnected: %s [%d remaining] abe363de 7"}
{"timestamp":"2026-07-28T08:41:08.846Z","level":"info","component":"LiveWS","message":"[LiveWS] Client connected: %s (%s) [%d total] eb5c26a4 127.0.0.1 8"}
{"timestamp":"2026-07-28T08:41:11.531Z","level":"info","component":"LiveWS","message":"[LiveWS] Client connected: %s (%s) [%d total] f73c28e2 127.0.0.1 9"}
{"timestamp":"2026-07-28T08:41:11.533Z","level":"info","component":"LiveWS","message":"[LiveWS] Client disconnected: %s [%d remaining] f73c28e2 8"}
{"timestamp":"2026-07-28T08:41:11.847Z","level":"info","component":"LiveWS","message":"[LiveWS] Client connected: %s (%s) [%d total] 10cefae4 127.0.0.1 9"}
{"timestamp":"2026-07-28T08:41:14.544Z","level":"info","component":"LiveWS","message":"[LiveWS] Client connected: %s (%s) [%d total] 1a7e7970 127.0.0.1 10"}
{"timestamp":"2026-07-28T08:41:14.547Z","level":"info","component":"LiveWS","message":"[LiveWS] Client disconnected: %s [%d remaining] 1a7e7970 9"}
{"timestamp":"2026-07-28T08:41:14.851Z","level":"info","component":"LiveWS","message":"[LiveWS] Client connected: %s (%s) [%d total] 6ac0b8f2 127.0.0.1 10"}
{"timestamp":"2026-07-28T08:41:17.554Z","level":"info","component":"LiveWS","message":"[LiveWS] Client connected: %s (%s) [%d total] b32c0bdb 127.0.0.1 11"}
{"timestamp":"2026-07-28T08:41:17.556Z","level":"info","component":"LiveWS","message":"[LiveWS] Client disconnected: %s [%d remaining] b32c0bdb 10"}
{"timestamp":"2026-07-28T08:41:17.870Z","level":"info","component":"LiveWS","message":"[LiveWS] Client connected: %s (%s) [%d total] c9a702a7 127.0.0.1 11"}
{"timestamp":"2026-07-28T08:41:19.421Z","level":"info","component":"LiveWS","message":"[LiveWS] Client disconnected: %s [%d remaining] 48d15fa7 7"}
{"timestamp":"2026-07-28T08:41:19.422Z","level":"info","component":"LiveWS","message":"[LiveWS] Client disconnected: %s [%d remaining] f3b0ee8f 7"}
{"timestamp":"2026-07-28T08:41:19.423Z","level":"info","component":"LiveWS","message":"[LiveWS] Client disconnected: %s [%d remaining] 5a2b63f1 7"}
{"timestamp":"2026-07-28T08:41:19.424Z","level":"info","component":"LiveWS","message":"[LiveWS] Client disconnected: %s [%d remaining] 6ca2efd2 7"}
{"timestamp":"2026-07-28T08:41:20.551Z","level":"info","component":"LiveWS","message":"[LiveWS] Client connected: %s (%s) [%d total] d5cc1ec2 127.0.0.1 8"}
{"timestamp":"2026-07-28T08:41:20.552Z","level":"info","component":"LiveWS","message":"[LiveWS] Client disconnected: %s [%d remaining] d5cc1ec2 7"}
{"timestamp":"2026-07-28T08:41:20.864Z","level":"info","component":"LiveWS","message":"[LiveWS] Client connected: %s (%s) [%d total] ccd30668 127.0.0.1 8"}
{"timestamp":"2026-07-28T08:41:21.544Z","level":"info","component":"LiveWS","message":"[LiveWS] Client connected: %s (%s) [%d total] 2f7eac16 127.0.0.1 9"}
{"timestamp":"2026-07-28T08:41:21.546Z","level":"info","component":"LiveWS","message":"[LiveWS] Client disconnected: %s [%d remaining] 2f7eac16 8"}
{"timestamp":"2026-07-28T08:41:21.861Z","level":"info","component":"LiveWS","message":"[LiveWS] Client connected: %s (%s) [%d total] 464478f2 127.0.0.1 9"}
{"timestamp":"2026-07-28T08:41:30.532Z","level":"info","component":"LiveWS","message":"[LiveWS] Client connected: %s (%s) [%d total] 108dd484 127.0.0.1 10"}
{"timestamp":"2026-07-28T08:41:30.534Z","level":"info","component":"LiveWS","message":"[LiveWS] Client disconnected: %s [%d remaining] 108dd484 9"}
{"timestamp":"2026-07-28T08:41:30.842Z","level":"info","component":"LiveWS","message":"[LiveWS] Client connected: %s (%s) [%d total] 75ff2aa5 127.0.0.1 10"}
{"timestamp":"2026-07-28T08:41:33.539Z","level":"info","component":"LiveWS","message":"[LiveWS] Client connected: %s (%s) [%d total] aba8b5e6 127.0.0.1 11"}
{"timestamp":"2026-07-28T08:41:33.541Z","level":"info","component":"LiveWS","message":"[LiveWS] Client disconnected: %s [%d remaining] aba8b5e6 10"}
{"timestamp":"2026-07-28T08:41:33.854Z","level":"info","component":"LiveWS","message":"[LiveWS] Client connected: %s (%s) [%d total] 0b6cf3d3 127.0.0.1 11"}
{"timestamp":"2026-07-28T08:41:34.432Z","level":"info","component":"LiveWS","message":"[LiveWS] Client disconnected: %s [%d remaining] caf375c2 10"}
{"timestamp":"2026-07-28T08:41:36.549Z","level":"info","component":"LiveWS","message":"[LiveWS] Client connected: %s (%s) [%d total] b209ac03 127.0.0.1 11"}
{"timestamp":"2026-07-28T08:41:36.550Z","level":"info","component":"LiveWS","message":"[LiveWS] Client disconnected: %s [%d remaining] b209ac03 10"}
{"timestamp":"2026-07-28T08:41:36.866Z","level":"info","component":"LiveWS","message":"[LiveWS] Client connected: %s (%s) [%d total] 7f3115fe 127.0.0.1 11"}
{"timestamp":"2026-07-28T08:41:41.539Z","level":"info","component":"LiveWS","message":"[LiveWS] Client connected: %s (%s) [%d total] 7c73cdfb 127.0.0.1 12"}
{"timestamp":"2026-07-28T08:41:41.541Z","level":"info","component":"LiveWS","message":"[LiveWS] Client disconnected: %s [%d remaining] 7c73cdfb 11"}
{"timestamp":"2026-07-28T08:41:41.857Z","level":"info","component":"LiveWS","message":"[LiveWS] Client connected: %s (%s) [%d total] ac7d5994 127.0.0.1 12"}
{"timestamp":"2026-07-28T08:41:44.530Z","level":"info","component":"LiveWS","message":"[LiveWS] Client connected: %s (%s) [%d total] 3def08ee 127.0.0.1 13"}
{"timestamp":"2026-07-28T08:41:44.532Z","level":"info","component":"LiveWS","message":"[LiveWS] Client disconnected: %s [%d remaining] 3def08ee 12"}
{"timestamp":"2026-07-28T08:41:44.843Z","level":"info","component":"LiveWS","message":"[LiveWS] Client connected: %s (%s) [%d total] 87c5dcdd 127.0.0.1 13"}
{"timestamp":"2026-07-28T08:41:47.544Z","level":"info","component":"LiveWS","message":"[LiveWS] Client connected: %s (%s) [%d total] 9761718f 127.0.0.1 14"}
{"timestamp":"2026-07-28T08:41:47.547Z","level":"info","component":"LiveWS","message":"[LiveWS] Client disconnected: %s [%d remaining] 9761718f 13"}
{"timestamp":"2026-07-28T08:41:47.861Z","level":"info","component":"LiveWS","message":"[LiveWS] Client connected: %s (%s) [%d total] 8d15c397 127.0.0.1 14"}
{"timestamp":"2026-07-28T08:41:49.448Z","level":"info","component":"LiveWS","message":"[LiveWS] Client disconnected: %s [%d remaining] 10cefae4 10"}
{"timestamp":"2026-07-28T08:41:49.449Z","level":"info","component":"LiveWS","message":"[LiveWS] Client disconnected: %s [%d remaining] eb5c26a4 10"}
{"timestamp":"2026-07-28T08:41:49.450Z","level":"info","component":"LiveWS","message":"[LiveWS] Client disconnected: %s [%d remaining] c9b2caba 10"}
{"timestamp":"2026-07-28T08:41:49.450Z","level":"info","component":"LiveWS","message":"[LiveWS] Client disconnected: %s [%d remaining] e56d4042 10"}
{"timestamp":"2026-07-28T08:41:50.530Z","level":"info","component":"LiveWS","message":"[LiveWS] Client connected: %s (%s) [%d total] 52434475 127.0.0.1 11"}
{"timestamp":"2026-07-28T08:41:50.533Z","level":"info","component":"LiveWS","message":"[LiveWS] Client disconnected: %s [%d remaining] 52434475 10"}
{"timestamp":"2026-07-28T08:41:50.840Z","level":"info","component":"LiveWS","message":"[LiveWS] Client connected: %s (%s) [%d total] 1d8a2846 127.0.0.1 11"}
{"timestamp":"2026-07-28T08:41:51.542Z","level":"info","component":"LiveWS","message":"[LiveWS] Client connected: %s (%s) [%d total] 201871d4 127.0.0.1 12"}
{"timestamp":"2026-07-28T08:41:51.544Z","level":"info","component":"LiveWS","message":"[LiveWS] Client disconnected: %s [%d remaining] 201871d4 11"}
{"timestamp":"2026-07-28T08:41:51.860Z","level":"info","component":"LiveWS","message":"[LiveWS] Client connected: %s (%s) [%d total] 4469e616 127.0.0.1 12"}
{"timestamp":"2026-07-28T08:42:00.555Z","level":"info","component":"LiveWS","message":"[LiveWS] Client connected: %s (%s) [%d total] a9676d5d 127.0.0.1 13"}
{"timestamp":"2026-07-28T08:42:00.557Z","level":"info","component":"LiveWS","message":"[LiveWS] Client disconnected: %s [%d remaining] a9676d5d 12"}
{"timestamp":"2026-07-28T08:42:00.870Z","level":"info","component":"LiveWS","message":"[LiveWS] Client connected: %s (%s) [%d total] 56ab7a60 127.0.0.1 13"}
{"timestamp":"2026-07-28T08:42:03.551Z","level":"info","component":"LiveWS","message":"[LiveWS] Client connected: %s (%s) [%d total] d1cd7839 127.0.0.1 14"}
{"timestamp":"2026-07-28T08:42:03.553Z","level":"info","component":"LiveWS","message":"[LiveWS] Client disconnected: %s [%d remaining] d1cd7839 13"}
{"timestamp":"2026-07-28T08:42:03.866Z","level":"info","component":"LiveWS","message":"[LiveWS] Client connected: %s (%s) [%d total] c38a8c94 127.0.0.1 14"}
{"timestamp":"2026-07-28T08:42:04.458Z","level":"info","component":"LiveWS","message":"[LiveWS] Client disconnected: %s [%d remaining] 464478f2 10"}
{"timestamp":"2026-07-28T08:42:04.459Z","level":"info","component":"LiveWS","message":"[LiveWS] Client disconnected: %s [%d remaining] ccd30668 10"}
{"timestamp":"2026-07-28T08:42:04.460Z","level":"info","component":"LiveWS","message":"[LiveWS] Client disconnected: %s [%d remaining] c9a702a7 10"}
{"timestamp":"2026-07-28T08:42:04.461Z","level":"info","component":"LiveWS","message":"[LiveWS] Client disconnected: %s [%d remaining] 6ac0b8f2 10"}
{"timestamp":"2026-07-28T08:42:06.540Z","level":"info","component":"LiveWS","message":"[LiveWS] Client connected: %s (%s) [%d total] 778a81f5 127.0.0.1 11"}
{"timestamp":"2026-07-28T08:42:06.854Z","level":"info","component":"LiveWS","message":"[LiveWS] Client connected: %s (%s) [%d total] af4cf687 127.0.0.1 12"}
{"timestamp":"2026-07-28T08:42:19.470Z","level":"info","component":"LiveWS","message":"[LiveWS] Client disconnected: %s [%d remaining] ac7d5994 8"}
{"timestamp":"2026-07-28T08:42:19.472Z","level":"info","component":"LiveWS","message":"[LiveWS] Client disconnected: %s [%d remaining] 7f3115fe 8"}
{"timestamp":"2026-07-28T08:42:19.473Z","level":"info","component":"LiveWS","message":"[LiveWS] Client disconnected: %s [%d remaining] 0b6cf3d3 8"}
{"timestamp":"2026-07-28T08:42:19.473Z","level":"info","component":"LiveWS","message":"[LiveWS] Client disconnected: %s [%d remaining] 75ff2aa5 8"}
{"timestamp":"2026-07-28T08:42:21.543Z","level":"info","component":"LiveWS","message":"[LiveWS] Client connected: %s (%s) [%d total] fc6122f5 127.0.0.1 9"}
{"timestamp":"2026-07-28T08:42:21.546Z","level":"info","component":"LiveWS","message":"[LiveWS] Client disconnected: %s [%d remaining] fc6122f5 8"}
{"timestamp":"2026-07-28T08:42:21.857Z","level":"info","component":"LiveWS","message":"[LiveWS] Client connected: %s (%s) [%d total] cd78e762 127.0.0.1 9"}
{"timestamp":"2026-07-28T08:42:34.482Z","level":"info","component":"LiveWS","message":"[LiveWS] Client disconnected: %s [%d remaining] 4469e616 5"}
{"timestamp":"2026-07-28T08:42:34.483Z","level":"info","component":"LiveWS","message":"[LiveWS] Client disconnected: %s [%d remaining] 1d8a2846 5"}
{"timestamp":"2026-07-28T08:42:34.484Z","level":"info","component":"LiveWS","message":"[LiveWS] Client disconnected: %s [%d remaining] 8d15c397 5"}
{"timestamp":"2026-07-28T08:42:34.485Z","level":"info","component":"LiveWS","message":"[LiveWS] Client disconnected: %s [%d remaining] 87c5dcdd 5"}
{"timestamp":"2026-07-28T08:42:36.547Z","level":"info","component":"LiveWS","message":"[LiveWS] Client connected: %s (%s) [%d total] 0aec3e95 127.0.0.1 6"}
{"timestamp":"2026-07-28T08:42:36.548Z","level":"info","component":"LiveWS","message":"[LiveWS] Client disconnected: %s [%d remaining] 0aec3e95 5"}
{"timestamp":"2026-07-28T08:42:36.861Z","level":"info","component":"LiveWS","message":"[LiveWS] Client connected: %s (%s) [%d total] 773879dd 127.0.0.1 6"}
{"timestamp":"2026-07-28T08:42:38.548Z","level":"info","component":"LiveWS","message":"[LiveWS] Client connected: %s (%s) [%d total] 1cd2dbe1 127.0.0.1 7"}
{"timestamp":"2026-07-28T08:42:38.552Z","level":"info","component":"LiveWS","message":"[LiveWS] Client disconnected: %s [%d remaining] 1cd2dbe1 6"}
{"timestamp":"2026-07-28T08:42:38.860Z","level":"info","component":"LiveWS","message":"[LiveWS] Client connected: %s (%s) [%d total] ad8dbe52 127.0.0.1 7"}
{"timestamp":"2026-07-28T08:42:41.541Z","level":"info","component":"LiveWS","message":"[LiveWS] Client connected: %s (%s) [%d total] 109d8663 127.0.0.1 8"}
{"timestamp":"2026-07-28T08:42:41.543Z","level":"info","component":"LiveWS","message":"[LiveWS] Client disconnected: %s [%d remaining] 109d8663 7"}
{"timestamp":"2026-07-28T08:42:41.856Z","level":"info","component":"LiveWS","message":"[LiveWS] Client connected: %s (%s) [%d total] 5cf03b76 127.0.0.1 8"}
{"timestamp":"2026-07-28T08:42:44.543Z","level":"info","component":"LiveWS","message":"[LiveWS] Client connected: %s (%s) [%d total] ee1eae78 127.0.0.1 9"}
{"timestamp":"2026-07-28T08:42:44.545Z","level":"info","component":"LiveWS","message":"[LiveWS] Client disconnected: %s [%d remaining] ee1eae78 8"}
{"timestamp":"2026-07-28T08:42:44.860Z","level":"info","component":"LiveWS","message":"[LiveWS] Client connected: %s (%s) [%d total] 23866502 127.0.0.1 9"}
{"timestamp":"2026-07-28T08:42:47.535Z","level":"info","component":"LiveWS","message":"[LiveWS] Client connected: %s (%s) [%d total] 73f3f5f8 127.0.0.1 10"}
{"timestamp":"2026-07-28T08:42:47.537Z","level":"info","component":"LiveWS","message":"[LiveWS] Client disconnected: %s [%d remaining] 73f3f5f8 9"}
{"timestamp":"2026-07-28T08:42:47.847Z","level":"info","component":"LiveWS","message":"[LiveWS] Client connected: %s (%s) [%d total] 88941bb8 127.0.0.1 10"}
{"timestamp":"2026-07-28T08:42:49.497Z","level":"info","component":"LiveWS","message":"[LiveWS] Client disconnected: %s [%d remaining] af4cf687 6"}
{"timestamp":"2026-07-28T08:42:49.498Z","level":"info","component":"LiveWS","message":"[LiveWS] Client disconnected: %s [%d remaining] 778a81f5 6"}
{"timestamp":"2026-07-28T08:42:49.499Z","level":"info","component":"LiveWS","message":"[LiveWS] Client disconnected: %s [%d remaining] c38a8c94 6"}
{"timestamp":"2026-07-28T08:42:49.500Z","level":"info","component":"LiveWS","message":"[LiveWS] Client disconnected: %s [%d remaining] 56ab7a60 6"}
{"timestamp":"2026-07-28T08:42:50.548Z","level":"info","component":"LiveWS","message":"[LiveWS] Client connected: %s (%s) [%d total] 190b47c7 127.0.0.1 7"}
{"timestamp":"2026-07-28T08:42:50.549Z","level":"info","component":"LiveWS","message":"[LiveWS] Client disconnected: %s [%d remaining] 190b47c7 6"}
{"timestamp":"2026-07-28T08:42:50.859Z","level":"info","component":"LiveWS","message":"[LiveWS] Client connected: %s (%s) [%d total] 7aff11cc 127.0.0.1 7"}
{"timestamp":"2026-07-28T08:42:51.535Z","level":"info","component":"LiveWS","message":"[LiveWS] Client connected: %s (%s) [%d total] e1ac3b3c 127.0.0.1 8"}
{"timestamp":"2026-07-28T08:42:51.537Z","level":"info","component":"LiveWS","message":"[LiveWS] Client disconnected: %s [%d remaining] e1ac3b3c 7"}
{"timestamp":"2026-07-28T08:42:51.849Z","level":"info","component":"LiveWS","message":"[LiveWS] Client connected: %s (%s) [%d total] 1be400f1 127.0.0.1 8"}
{"timestamp":"2026-07-28T08:42:56.535Z","level":"info","component":"LiveWS","message":"[LiveWS] Client connected: %s (%s) [%d total] 0db364cc 127.0.0.1 9"}
{"timestamp":"2026-07-28T08:42:56.537Z","level":"info","component":"LiveWS","message":"[LiveWS] Client disconnected: %s [%d remaining] 0db364cc 8"}
{"timestamp":"2026-07-28T08:42:56.849Z","level":"info","component":"LiveWS","message":"[LiveWS] Client connected: %s (%s) [%d total] 46db508f 127.0.0.1 9"}
{"timestamp":"2026-07-28T08:42:59.538Z","level":"info","component":"LiveWS","message":"[LiveWS] Client connected: %s (%s) [%d total] 6b188b33 127.0.0.1 10"}
{"timestamp":"2026-07-28T08:42:59.540Z","level":"info","component":"LiveWS","message":"[LiveWS] Client disconnected: %s [%d remaining] 6b188b33 9"}
{"timestamp":"2026-07-28T08:42:59.855Z","level":"info","component":"LiveWS","message":"[LiveWS] Client connected: %s (%s) [%d total] 0fb33cc5 127.0.0.1 10"}
{"timestamp":"2026-07-28T08:43:02.528Z","level":"info","component":"LiveWS","message":"[LiveWS] Client connected: %s (%s) [%d total] 1f2065e3 127.0.0.1 11"}
{"timestamp":"2026-07-28T08:43:02.530Z","level":"info","component":"LiveWS","message":"[LiveWS] Client disconnected: %s [%d remaining] 1f2065e3 10"}
{"timestamp":"2026-07-28T08:43:02.839Z","level":"info","component":"LiveWS","message":"[LiveWS] Client connected: %s (%s) [%d total] 8442ed77 127.0.0.1 11"}
{"timestamp":"2026-07-28T08:43:04.501Z","level":"info","component":"LiveWS","message":"[LiveWS] Client disconnected: %s [%d remaining] cd78e762 10"}
{"timestamp":"2026-07-28T08:43:05.549Z","level":"info","component":"LiveWS","message":"[LiveWS] Client connected: %s (%s) [%d total] 22464678 127.0.0.1 11"}
{"timestamp":"2026-07-28T08:43:05.552Z","level":"info","component":"LiveWS","message":"[LiveWS] Client disconnected: %s [%d remaining] 22464678 10"}
{"timestamp":"2026-07-28T08:43:05.860Z","level":"info","component":"LiveWS","message":"[LiveWS] Client connected: %s (%s) [%d total] 7d0c1861 127.0.0.1 11"}
{"timestamp":"2026-07-28T08:43:08.547Z","level":"info","component":"LiveWS","message":"[LiveWS] Client connected: %s (%s) [%d total] 91a05c8b 127.0.0.1 12"}
{"timestamp":"2026-07-28T08:43:08.549Z","level":"info","component":"LiveWS","message":"[LiveWS] Client disconnected: %s [%d remaining] 91a05c8b 11"}
{"timestamp":"2026-07-28T08:43:08.864Z","level":"info","component":"LiveWS","message":"[LiveWS] Client connected: %s (%s) [%d total] 2b45ac26 127.0.0.1 12"}
{"timestamp":"2026-07-28T08:43:11.528Z","level":"info","component":"LiveWS","message":"[LiveWS] Client connected: %s (%s) [%d total] b4669218 127.0.0.1 13"}
{"timestamp":"2026-07-28T08:43:11.529Z","level":"info","component":"LiveWS","message":"[LiveWS] Client disconnected: %s [%d remaining] b4669218 12"}
{"timestamp":"2026-07-28T08:43:11.832Z","level":"info","component":"LiveWS","message":"[LiveWS] Client connected: %s (%s) [%d total] 05347b38 127.0.0.1 13"}
{"timestamp":"2026-07-28T08:43:14.544Z","level":"info","component":"LiveWS","message":"[LiveWS] Client connected: %s (%s) [%d total] 05e35691 127.0.0.1 14"}
{"timestamp":"2026-07-28T08:43:14.546Z","level":"info","component":"LiveWS","message":"[LiveWS] Client disconnected: %s [%d remaining] 05e35691 13"}
{"timestamp":"2026-07-28T08:43:14.847Z","level":"info","component":"LiveWS","message":"[LiveWS] Client connected: %s (%s) [%d total] 03a614a9 127.0.0.1 14"}
{"timestamp":"2026-07-28T08:43:17.535Z","level":"info","component":"LiveWS","message":"[LiveWS] Client connected: %s (%s) [%d total] 46dfb4a5 127.0.0.1 15"}
{"timestamp":"2026-07-28T08:43:17.537Z","level":"info","component":"LiveWS","message":"[LiveWS] Client disconnected: %s [%d remaining] 46dfb4a5 14"}
{"timestamp":"2026-07-28T08:43:17.855Z","level":"info","component":"LiveWS","message":"[LiveWS] Client connected: %s (%s) [%d total] 9e22c9ae 127.0.0.1 15"}
{"timestamp":"2026-07-28T08:43:19.515Z","level":"info","component":"LiveWS","message":"[LiveWS] Client disconnected: %s [%d remaining] 5cf03b76 12"}
{"timestamp":"2026-07-28T08:43:19.516Z","level":"info","component":"LiveWS","message":"[LiveWS] Client disconnected: %s [%d remaining] ad8dbe52 12"}
{"timestamp":"2026-07-28T08:43:19.517Z","level":"info","component":"LiveWS","message":"[LiveWS] Client disconnected: %s [%d remaining] 773879dd 12"}
{"timestamp":"2026-07-28T08:43:20.538Z","level":"info","component":"LiveWS","message":"[LiveWS] Client connected: %s (%s) [%d total] 82325140 127.0.0.1 13"}
{"timestamp":"2026-07-28T08:43:20.540Z","level":"info","component":"LiveWS","message":"[LiveWS] Client disconnected: %s [%d remaining] 82325140 12"}
{"timestamp":"2026-07-28T08:43:20.849Z","level":"info","component":"LiveWS","message":"[LiveWS] Client connected: %s (%s) [%d total] efa837a2 127.0.0.1 13"}
{"timestamp":"2026-07-28T08:43:21.540Z","level":"info","component":"LiveWS","message":"[LiveWS] Client connected: %s (%s) [%d total] d249fd81 127.0.0.1 14"}
{"timestamp":"2026-07-28T08:43:21.542Z","level":"info","component":"LiveWS","message":"[LiveWS] Client disconnected: %s [%d remaining] d249fd81 13"}
{"timestamp":"2026-07-28T08:43:21.858Z","level":"info","component":"LiveWS","message":"[LiveWS] Client connected: %s (%s) [%d total] f918585d 127.0.0.1 14"}
{"timestamp":"2026-07-28T08:43:26.544Z","level":"info","component":"LiveWS","message":"[LiveWS] Client connected: %s (%s) [%d total] 2d667420 127.0.0.1 15"}
{"timestamp":"2026-07-28T08:43:26.546Z","level":"info","component":"LiveWS","message":"[LiveWS] Client disconnected: %s [%d remaining] 2d667420 14"}
{"timestamp":"2026-07-28T08:43:26.862Z","level":"info","component":"LiveWS","message":"[LiveWS] Client connected: %s (%s) [%d total] 2a0dbf55 127.0.0.1 15"}
{"timestamp":"2026-07-28T08:43:29.548Z","level":"info","component":"LiveWS","message":"[LiveWS] Client connected: %s (%s) [%d total] 5711ac5e 127.0.0.1 16"}
{"timestamp":"2026-07-28T08:43:29.550Z","level":"info","component":"LiveWS","message":"[LiveWS] Client disconnected: %s [%d remaining] 5711ac5e 15"}
{"timestamp":"2026-07-28T08:43:29.862Z","level":"info","component":"LiveWS","message":"[LiveWS] Client connected: %s (%s) [%d total] 32c78e57 127.0.0.1 16"}
{"timestamp":"2026-07-28T08:43:32.543Z","level":"info","component":"LiveWS","message":"[LiveWS] Client connected: %s (%s) [%d total] c31680d5 127.0.0.1 17"}
{"timestamp":"2026-07-28T08:43:32.545Z","level":"info","component":"LiveWS","message":"[LiveWS] Client disconnected: %s [%d remaining] c31680d5 16"}
{"timestamp":"2026-07-28T08:43:32.861Z","level":"info","component":"LiveWS","message":"[LiveWS] Client connected: %s (%s) [%d total] ba68825d 127.0.0.1 17"}
{"timestamp":"2026-07-28T08:43:34.521Z","level":"info","component":"LiveWS","message":"[LiveWS] Client disconnected: %s [%d remaining] 46db508f 12"}
{"timestamp":"2026-07-28T08:43:34.522Z","level":"info","component":"LiveWS","message":"[LiveWS] Client disconnected: %s [%d remaining] 1be400f1 12"}
{"timestamp":"2026-07-28T08:43:34.523Z","level":"info","component":"LiveWS","message":"[LiveWS] Client disconnected: %s [%d remaining] 7aff11cc 12"}
{"timestamp":"2026-07-28T08:43:34.524Z","level":"info","component":"LiveWS","message":"[LiveWS] Client disconnected: %s [%d remaining] 88941bb8 12"}
{"timestamp":"2026-07-28T08:43:34.524Z","level":"info","component":"LiveWS","message":"[LiveWS] Client disconnected: %s [%d remaining] 23866502 12"}
{"timestamp":"2026-07-28T08:43:35.537Z","level":"info","component":"LiveWS","message":"[LiveWS] Client connected: %s (%s) [%d total] 82ba4917 127.0.0.1 13"}
{"timestamp":"2026-07-28T08:43:35.539Z","level":"info","component":"LiveWS","message":"[LiveWS] Client disconnected: %s [%d remaining] 82ba4917 12"}
{"timestamp":"2026-07-28T08:43:35.849Z","level":"info","component":"LiveWS","message":"[LiveWS] Client connected: %s (%s) [%d total] ecf5b689 127.0.0.1 13"}
{"timestamp":"2026-07-28T08:43:36.537Z","level":"info","component":"LiveWS","message":"[LiveWS] Client connected: %s (%s) [%d total] 69ada4bb 127.0.0.1 14"}
{"timestamp":"2026-07-28T08:43:36.539Z","level":"info","component":"LiveWS","message":"[LiveWS] Client disconnected: %s [%d remaining] 69ada4bb 13"}
{"timestamp":"2026-07-28T08:43:36.847Z","level":"info","component":"LiveWS","message":"[LiveWS] Client connected: %s (%s) [%d total] a24c4cf9 127.0.0.1 14"}
{"timestamp":"2026-07-28T08:43:49.528Z","level":"info","component":"LiveWS","message":"[LiveWS] Client disconnected: %s [%d remaining] 05347b38 9"}
{"timestamp":"2026-07-28T08:43:49.529Z","level":"info","component":"LiveWS","message":"[LiveWS] Client disconnected: %s [%d remaining] 2b45ac26 9"}
{"timestamp":"2026-07-28T08:43:49.530Z","level":"info","component":"LiveWS","message":"[LiveWS] Client disconnected: %s [%d remaining] 7d0c1861 9"}
{"timestamp":"2026-07-28T08:43:49.531Z","level":"info","component":"LiveWS","message":"[LiveWS] Client disconnected: %s [%d remaining] 8442ed77 9"}
{"timestamp":"2026-07-28T08:43:49.532Z","level":"info","component":"LiveWS","message":"[LiveWS] Client disconnected: %s [%d remaining] 0fb33cc5 9"}
{"timestamp":"2026-07-28T08:43:51.545Z","level":"info","component":"LiveWS","message":"[LiveWS] Client connected: %s (%s) [%d total] 5d5ae644 127.0.0.1 10"}
{"timestamp":"2026-07-28T08:43:51.858Z","level":"info","component":"LiveWS","message":"[LiveWS] Client connected: %s (%s) [%d total] e4dcd9b9 127.0.0.1 11"}
{"timestamp":"2026-07-28T08:43:53.224Z","level":"info","component":"LiveWS","message":"[LiveWS] Client disconnected: %s [%d remaining] e4dcd9b9 10"}
{"timestamp":"2026-07-28T08:43:53.538Z","level":"info","component":"LiveWS","message":"[LiveWS] Client connected: %s (%s) [%d total] 547a39aa 127.0.0.1 11"}
{"timestamp":"2026-07-28T08:43:53.851Z","level":"info","component":"LiveWS","message":"[LiveWS] Client connected: %s (%s) [%d total] 4e4926c4 127.0.0.1 12"}
{"timestamp":"2026-07-28T08:44:04.541Z","level":"info","component":"LiveWS","message":"[LiveWS] Client disconnected: %s [%d remaining] 2a0dbf55 7"}
{"timestamp":"2026-07-28T08:44:04.543Z","level":"info","component":"LiveWS","message":"[LiveWS] Client disconnected: %s [%d remaining] f918585d 7"}
{"timestamp":"2026-07-28T08:44:04.544Z","level":"info","component":"LiveWS","message":"[LiveWS] Client disconnected: %s [%d remaining] efa837a2 7"}
{"timestamp":"2026-07-28T08:44:04.544Z","level":"info","component":"LiveWS","message":"[LiveWS] Client disconnected: %s [%d remaining] 9e22c9ae 7"}
{"timestamp":"2026-07-28T08:44:04.544Z","level":"info","component":"LiveWS","message":"[LiveWS] Client disconnected: %s [%d remaining] 03a614a9 7"}
{"timestamp":"2026-07-28T08:44:06.538Z","level":"info","component":"LiveWS","message":"[LiveWS] Client connected: %s (%s) [%d total] 460b3f3d 127.0.0.1 8"}
{"timestamp":"2026-07-28T08:44:06.842Z","level":"info","component":"LiveWS","message":"[LiveWS] Client connected: %s (%s) [%d total] 0b5cd659 127.0.0.1 9"}
{"timestamp":"2026-07-28T08:44:19.555Z","level":"info","component":"LiveWS","message":"[LiveWS] Client disconnected: %s [%d remaining] a24c4cf9 5"}
{"timestamp":"2026-07-28T08:44:19.557Z","level":"info","component":"LiveWS","message":"[LiveWS] Client disconnected: %s [%d remaining] ecf5b689 5"}
{"timestamp":"2026-07-28T08:44:19.557Z","level":"info","component":"LiveWS","message":"[LiveWS] Client disconnected: %s [%d remaining] ba68825d 5"}
{"timestamp":"2026-07-28T08:44:19.558Z","level":"info","component":"LiveWS","message":"[LiveWS] Client disconnected: %s [%d remaining] 32c78e57 5"}
{"timestamp":"2026-07-28T08:44:21.541Z","level":"info","component":"LiveWS","message":"[LiveWS] Client connected: %s (%s) [%d total] a62f04bb 127.0.0.1 6"}
{"timestamp":"2026-07-28T08:44:21.543Z","level":"info","component":"LiveWS","message":"[LiveWS] Client disconnected: %s [%d remaining] a62f04bb 5"}
{"timestamp":"2026-07-28T08:44:21.854Z","level":"info","component":"LiveWS","message":"[LiveWS] Client connected: %s (%s) [%d total] 7854ab85 127.0.0.1 6"}
{"timestamp":"2026-07-28T08:44:34.554Z","level":"info","component":"LiveWS","message":"[LiveWS] Client disconnected: %s [%d remaining] 4e4926c4 3"}
{"timestamp":"2026-07-28T08:44:34.556Z","level":"info","component":"LiveWS","message":"[LiveWS] Client disconnected: %s [%d remaining] 547a39aa 3"}
{"timestamp":"2026-07-28T08:44:34.557Z","level":"info","component":"LiveWS","message":"[LiveWS] Client disconnected: %s [%d remaining] 5d5ae644 3"}
{"timestamp":"2026-07-28T08:44:36.553Z","level":"info","component":"LiveWS","message":"[LiveWS] Client connected: %s (%s) [%d total] ef3b1139 127.0.0.1 4"}
{"timestamp":"2026-07-28T08:44:36.554Z","level":"info","component":"LiveWS","message":"[LiveWS] Client disconnected: %s [%d remaining] ef3b1139 3"}
{"timestamp":"2026-07-28T08:44:36.869Z","level":"info","component":"LiveWS","message":"[LiveWS] Client connected: %s (%s) [%d total] 56ce38f0 127.0.0.1 4"}
{"timestamp":"2026-07-28T08:44:37.553Z","level":"info","component":"LiveWS","message":"[LiveWS] Client connected: %s (%s) [%d total] 613e29fe 127.0.0.1 5"}
{"timestamp":"2026-07-28T08:44:37.555Z","level":"info","component":"LiveWS","message":"[LiveWS] Client disconnected: %s [%d remaining] 613e29fe 4"}
{"timestamp":"2026-07-28T08:44:37.857Z","level":"info","component":"LiveWS","message":"[LiveWS] Client connected: %s (%s) [%d total] 88386fa5 127.0.0.1 5"}
{"timestamp":"2026-07-28T08:44:38.540Z","level":"info","component":"LiveWS","message":"[LiveWS] Client connected: %s (%s) [%d total] ba1a12d4 127.0.0.1 6"}
{"timestamp":"2026-07-28T08:44:38.542Z","level":"info","component":"LiveWS","message":"[LiveWS] Client disconnected: %s [%d remaining] ba1a12d4 5"}
{"timestamp":"2026-07-28T08:44:38.855Z","level":"info","component":"LiveWS","message":"[LiveWS] Client connected: %s (%s) [%d total] 6cfb054a 127.0.0.1 6"}
{"timestamp":"2026-07-28T08:44:41.557Z","level":"info","component":"LiveWS","message":"[LiveWS] Client connected: %s (%s) [%d total] b3165ffa 127.0.0.1 7"}
{"timestamp":"2026-07-28T08:44:41.558Z","level":"info","component":"LiveWS","message":"[LiveWS] Client disconnected: %s [%d remaining] b3165ffa 6"}
{"timestamp":"2026-07-28T08:44:41.861Z","level":"info","component":"LiveWS","message":"[LiveWS] Client connected: %s (%s) [%d total] cfef3e7c 127.0.0.1 7"}
{"timestamp":"2026-07-28T08:44:44.554Z","level":"info","component":"LiveWS","message":"[LiveWS] Client connected: %s (%s) [%d total] 862be1d3 127.0.0.1 8"}
{"timestamp":"2026-07-28T08:44:44.556Z","level":"info","component":"LiveWS","message":"[LiveWS] Client disconnected: %s [%d remaining] 862be1d3 7"}
{"timestamp":"2026-07-28T08:44:44.874Z","level":"info","component":"LiveWS","message":"[LiveWS] Client connected: %s (%s) [%d total] 1b1ad376 127.0.0.1 8"}
{"timestamp":"2026-07-28T08:44:47.544Z","level":"info","component":"LiveWS","message":"[LiveWS] Client connected: %s (%s) [%d total] 57fe37b1 127.0.0.1 9"}
{"timestamp":"2026-07-28T08:44:47.546Z","level":"info","component":"LiveWS","message":"[LiveWS] Client disconnected: %s [%d remaining] 57fe37b1 8"}
{"timestamp":"2026-07-28T08:44:47.849Z","level":"info","component":"LiveWS","message":"[LiveWS] Client connected: %s (%s) [%d total] 2579b6df 127.0.0.1 9"}
{"timestamp":"2026-07-28T08:44:49.560Z","level":"info","component":"LiveWS","message":"[LiveWS] Client disconnected: %s [%d remaining] 0b5cd659 7"}
{"timestamp":"2026-07-28T08:44:49.561Z","level":"info","component":"LiveWS","message":"[LiveWS] Client disconnected: %s [%d remaining] 460b3f3d 7"}
{"timestamp":"2026-07-28T08:44:50.546Z","level":"info","component":"LiveWS","message":"[LiveWS] Client connected: %s (%s) [%d total] a0facf8e 127.0.0.1 8"}
{"timestamp":"2026-07-28T08:44:50.548Z","level":"info","component":"LiveWS","message":"[LiveWS] Client disconnected: %s [%d remaining] a0facf8e 7"}
{"timestamp":"2026-07-28T08:44:50.863Z","level":"info","component":"LiveWS","message":"[LiveWS] Client connected: %s (%s) [%d total] 766367b4 127.0.0.1 8"}
{"timestamp":"2026-07-28T08:44:53.544Z","level":"info","component":"LiveWS","message":"[LiveWS] Client connected: %s (%s) [%d total] 4f6429ca 127.0.0.1 9"}
{"timestamp":"2026-07-28T08:44:53.546Z","level":"info","component":"LiveWS","message":"[LiveWS] Client disconnected: %s [%d remaining] 4f6429ca 8"}
{"timestamp":"2026-07-28T08:44:53.861Z","level":"info","component":"LiveWS","message":"[LiveWS] Client connected: %s (%s) [%d total] 9ffa8291 127.0.0.1 9"}
{"timestamp":"2026-07-28T08:44:56.545Z","level":"info","component":"LiveWS","message":"[LiveWS] Client connected: %s (%s) [%d total] 7d3c9b5f 127.0.0.1 10"}
{"timestamp":"2026-07-28T08:44:56.548Z","level":"info","component":"LiveWS","message":"[LiveWS] Client disconnected: %s [%d remaining] 7d3c9b5f 9"}
{"timestamp":"2026-07-28T08:44:56.862Z","level":"info","component":"LiveWS","message":"[LiveWS] Client connected: %s (%s) [%d total] ae3f1a78 127.0.0.1 10"}
{"timestamp":"2026-07-28T08:44:59.552Z","level":"info","component":"LiveWS","message":"[LiveWS] Client connected: %s (%s) [%d total] c5e8b622 127.0.0.1 11"}
{"timestamp":"2026-07-28T08:44:59.554Z","level":"info","component":"LiveWS","message":"[LiveWS] Client disconnected: %s [%d remaining] c5e8b622 10"}
{"timestamp":"2026-07-28T08:44:59.856Z","level":"info","component":"LiveWS","message":"[LiveWS] Client connected: %s (%s) [%d total] 955f4c6e 127.0.0.1 11"}
{"timestamp":"2026-07-28T08:45:02.555Z","level":"info","component":"LiveWS","message":"[LiveWS] Client connected: %s (%s) [%d total] ae1169f3 127.0.0.1 12"}
{"timestamp":"2026-07-28T08:45:02.557Z","level":"info","component":"LiveWS","message":"[LiveWS] Client disconnected: %s [%d remaining] ae1169f3 11"}
{"timestamp":"2026-07-28T08:45:02.873Z","level":"info","component":"LiveWS","message":"[LiveWS] Client connected: %s (%s) [%d total] 1712ddbf 127.0.0.1 12"}
{"timestamp":"2026-07-28T08:45:04.573Z","level":"info","component":"LiveWS","message":"[LiveWS] Client disconnected: %s [%d remaining] 7854ab85 11"}
{"timestamp":"2026-07-28T08:45:05.541Z","level":"info","component":"LiveWS","message":"[LiveWS] Client connected: %s (%s) [%d total] dfa8a0c4 127.0.0.1 12"}
{"timestamp":"2026-07-28T08:45:05.543Z","level":"info","component":"LiveWS","message":"[LiveWS] Client disconnected: %s [%d remaining] dfa8a0c4 11"}
{"timestamp":"2026-07-28T08:45:05.858Z","level":"info","component":"LiveWS","message":"[LiveWS] Client connected: %s (%s) [%d total] d25d6d4d 127.0.0.1 12"}
{"timestamp":"2026-07-28T08:45:10.541Z","level":"info","component":"LiveWS","message":"[LiveWS] Client connected: %s (%s) [%d total] 90cb37cb 127.0.0.1 13"}
{"timestamp":"2026-07-28T08:45:10.543Z","level":"info","component":"LiveWS","message":"[LiveWS] Client disconnected: %s [%d remaining] 90cb37cb 12"}
{"timestamp":"2026-07-28T08:45:10.845Z","level":"info","component":"LiveWS","message":"[LiveWS] Client connected: %s (%s) [%d total] 5b5f7c29 127.0.0.1 13"}
{"timestamp":"2026-07-28T08:45:13.548Z","level":"info","component":"LiveWS","message":"[LiveWS] Client connected: %s (%s) [%d total] 531ab0e0 127.0.0.1 14"}
{"timestamp":"2026-07-28T08:45:13.550Z","level":"info","component":"LiveWS","message":"[LiveWS] Client disconnected: %s [%d remaining] 531ab0e0 13"}
{"timestamp":"2026-07-28T08:45:13.859Z","level":"info","component":"LiveWS","message":"[LiveWS] Client connected: %s (%s) [%d total] d0b62c98 127.0.0.1 14"}
{"timestamp":"2026-07-28T08:45:16.549Z","level":"info","component":"LiveWS","message":"[LiveWS] Client connected: %s (%s) [%d total] 81682a43 127.0.0.1 15"}
{"timestamp":"2026-07-28T08:45:16.550Z","level":"info","component":"LiveWS","message":"[LiveWS] Client disconnected: %s [%d remaining] 81682a43 14"}
{"timestamp":"2026-07-28T08:45:16.861Z","level":"info","component":"LiveWS","message":"[LiveWS] Client connected: %s (%s) [%d total] 3b86916a 127.0.0.1 15"}
{"timestamp":"2026-07-28T08:45:19.537Z","level":"info","component":"LiveWS","message":"[LiveWS] Client connected: %s (%s) [%d total] 3ec0d245 127.0.0.1 16"}
{"timestamp":"2026-07-28T08:45:19.539Z","level":"info","component":"LiveWS","message":"[LiveWS] Client disconnected: %s [%d remaining] 3ec0d245 15"}
{"timestamp":"2026-07-28T08:45:19.585Z","level":"info","component":"LiveWS","message":"[LiveWS] Client disconnected: %s [%d remaining] cfef3e7c 11"}
{"timestamp":"2026-07-28T08:45:19.586Z","level":"info","component":"LiveWS","message":"[LiveWS] Client disconnected: %s [%d remaining] 6cfb054a 11"}
{"timestamp":"2026-07-28T08:45:19.587Z","level":"info","component":"LiveWS","message":"[LiveWS] Client disconnected: %s [%d remaining] 88386fa5 11"}
{"timestamp":"2026-07-28T08:45:19.587Z","level":"info","component":"LiveWS","message":"[LiveWS] Client disconnected: %s [%d remaining] 56ce38f0 11"}
{"timestamp":"2026-07-28T08:45:19.854Z","level":"info","component":"LiveWS","message":"[LiveWS] Client connected: %s (%s) [%d total] 466f2435 127.0.0.1 12"}
{"timestamp":"2026-07-28T08:45:20.532Z","level":"info","component":"LiveWS","message":"[LiveWS] Client connected: %s (%s) [%d total] 014eb621 127.0.0.1 13"}
{"timestamp":"2026-07-28T08:45:20.534Z","level":"info","component":"LiveWS","message":"[LiveWS] Client disconnected: %s [%d remaining] 014eb621 12"}
{"timestamp":"2026-07-28T08:45:20.844Z","level":"info","component":"LiveWS","message":"[LiveWS] Client connected: %s (%s) [%d total] 99e9c753 127.0.0.1 13"}
{"timestamp":"2026-07-28T08:45:21.538Z","level":"info","component":"LiveWS","message":"[LiveWS] Client connected: %s (%s) [%d total] 19f01cc2 127.0.0.1 14"}
{"timestamp":"2026-07-28T08:45:21.540Z","level":"info","component":"LiveWS","message":"[LiveWS] Client disconnected: %s [%d remaining] 19f01cc2 13"}
{"timestamp":"2026-07-28T08:45:21.846Z","level":"info","component":"LiveWS","message":"[LiveWS] Client connected: %s (%s) [%d total] 219eebe2 127.0.0.1 14"}
{"timestamp":"2026-07-28T08:45:22.554Z","level":"info","component":"LiveWS","message":"[LiveWS] Client connected: %s (%s) [%d total] d2ff26c9 127.0.0.1 15"}
{"timestamp":"2026-07-28T08:45:22.556Z","level":"info","component":"LiveWS","message":"[LiveWS] Client disconnected: %s [%d remaining] d2ff26c9 14"}
{"timestamp":"2026-07-28T08:45:22.866Z","level":"info","component":"LiveWS","message":"[LiveWS] Client connected: %s (%s) [%d total] 101916ff 127.0.0.1 15"}
{"timestamp":"2026-07-28T08:45:25.543Z","level":"info","component":"LiveWS","message":"[LiveWS] Client connected: %s (%s) [%d total] b3f8821c 127.0.0.1 16"}
{"timestamp":"2026-07-28T08:45:25.545Z","level":"info","component":"LiveWS","message":"[LiveWS] Client disconnected: %s [%d remaining] b3f8821c 15"}
{"timestamp":"2026-07-28T08:45:25.850Z","level":"info","component":"LiveWS","message":"[LiveWS] Client connected: %s (%s) [%d total] 3b7aac83 127.0.0.1 16"}
{"timestamp":"2026-07-28T08:45:28.528Z","level":"info","component":"LiveWS","message":"[LiveWS] Client connected: %s (%s) [%d total] 71a41d92 127.0.0.1 17"}
{"timestamp":"2026-07-28T08:45:28.529Z","level":"info","component":"LiveWS","message":"[LiveWS] Client disconnected: %s [%d remaining] 71a41d92 16"}
{"timestamp":"2026-07-28T08:45:28.832Z","level":"info","component":"LiveWS","message":"[LiveWS] Client connected: %s (%s) [%d total] 48f22071 127.0.0.1 17"}
{"timestamp":"2026-07-28T08:45:31.536Z","level":"info","component":"LiveWS","message":"[LiveWS] Client connected: %s (%s) [%d total] 7ad9cb30 127.0.0.1 18"}
{"timestamp":"2026-07-28T08:45:31.538Z","level":"info","component":"LiveWS","message":"[LiveWS] Client disconnected: %s [%d remaining] 7ad9cb30 17"}
{"timestamp":"2026-07-28T08:45:31.842Z","level":"info","component":"LiveWS","message":"[LiveWS] Client connected: %s (%s) [%d total] 56754242 127.0.0.1 18"}
{"timestamp":"2026-07-28T08:45:34.542Z","level":"info","component":"LiveWS","message":"[LiveWS] Client connected: %s (%s) [%d total] 2d29b17c 127.0.0.1 19"}
{"timestamp":"2026-07-28T08:45:34.545Z","level":"info","component":"LiveWS","message":"[LiveWS] Client disconnected: %s [%d remaining] 2d29b17c 18"}
{"timestamp":"2026-07-28T08:45:34.589Z","level":"info","component":"LiveWS","message":"[LiveWS] Client disconnected: %s [%d remaining] ae3f1a78 13"}
{"timestamp":"2026-07-28T08:45:34.590Z","level":"info","component":"LiveWS","message":"[LiveWS] Client disconnected: %s [%d remaining] 9ffa8291 13"}
{"timestamp":"2026-07-28T08:45:34.591Z","level":"info","component":"LiveWS","message":"[LiveWS] Client disconnected: %s [%d remaining] 766367b4 13"}
{"timestamp":"2026-07-28T08:45:34.592Z","level":"info","component":"LiveWS","message":"[LiveWS] Client disconnected: %s [%d remaining] 2579b6df 13"}
{"timestamp":"2026-07-28T08:45:34.593Z","level":"info","component":"LiveWS","message":"[LiveWS] Client disconnected: %s [%d remaining] 1b1ad376 13"}
{"timestamp":"2026-07-28T08:45:34.850Z","level":"info","component":"LiveWS","message":"[LiveWS] Client connected: %s (%s) [%d total] d76397a6 127.0.0.1 14"}
{"timestamp":"2026-07-28T08:45:36.549Z","level":"info","component":"LiveWS","message":"[LiveWS] Client connected: %s (%s) [%d total] 47a1b5d4 127.0.0.1 15"}
{"timestamp":"2026-07-28T08:45:36.869Z","level":"info","component":"LiveWS","message":"[LiveWS] Client connected: %s (%s) [%d total] b210d50a 127.0.0.1 16"}
{"timestamp":"2026-07-28T08:45:37.224Z","level":"info","component":"LiveWS","message":"[LiveWS] Client disconnected: %s [%d remaining] b210d50a 15"}
{"timestamp":"2026-07-28T08:45:37.535Z","level":"info","component":"LiveWS","message":"[LiveWS] Client connected: %s (%s) [%d total] 1000a713 127.0.0.1 16"}
{"timestamp":"2026-07-28T08:45:37.848Z","level":"info","component":"LiveWS","message":"[LiveWS] Client connected: %s (%s) [%d total] 969b8b5d 127.0.0.1 17"}
{"timestamp":"2026-07-28T08:45:49.590Z","level":"info","component":"LiveWS","message":"[LiveWS] Client disconnected: %s [%d remaining] d0b62c98 12"}
{"timestamp":"2026-07-28T08:45:49.591Z","level":"info","component":"LiveWS","message":"[LiveWS] Client disconnected: %s [%d remaining] 5b5f7c29 12"}
{"timestamp":"2026-07-28T08:45:49.592Z","level":"info","component":"LiveWS","message":"[LiveWS] Client disconnected: %s [%d remaining] d25d6d4d 12"}
{"timestamp":"2026-07-28T08:45:49.593Z","level":"info","component":"LiveWS","message":"[LiveWS] Client disconnected: %s [%d remaining] 1712ddbf 12"}
{"timestamp":"2026-07-28T08:45:49.594Z","level":"info","component":"LiveWS","message":"[LiveWS] Client disconnected: %s [%d remaining] 955f4c6e 12"}
{"timestamp":"2026-07-28T08:45:51.535Z","level":"info","component":"LiveWS","message":"[LiveWS] Client connected: %s (%s) [%d total] 66acbaaf 127.0.0.1 13"}
{"timestamp":"2026-07-28T08:45:51.537Z","level":"info","component":"LiveWS","message":"[LiveWS] Client disconnected: %s [%d remaining] 66acbaaf 12"}
{"timestamp":"2026-07-28T08:45:51.849Z","level":"info","component":"LiveWS","message":"[LiveWS] Client connected: %s (%s) [%d total] d92bd04c 127.0.0.1 13"}
{"timestamp":"2026-07-28T08:46:04.591Z","level":"info","component":"LiveWS","message":"[LiveWS] Client disconnected: %s [%d remaining] 48f22071 6"}
{"timestamp":"2026-07-28T08:46:04.593Z","level":"info","component":"LiveWS","message":"[LiveWS] Client disconnected: %s [%d remaining] 3b7aac83 6"}
{"timestamp":"2026-07-28T08:46:04.593Z","level":"info","component":"LiveWS","message":"[LiveWS] Client disconnected: %s [%d remaining] 101916ff 6"}
{"timestamp":"2026-07-28T08:46:04.594Z","level":"info","component":"LiveWS","message":"[LiveWS] Client disconnected: %s [%d remaining] 219eebe2 6"}
{"timestamp":"2026-07-28T08:46:04.594Z","level":"info","component":"LiveWS","message":"[LiveWS] Client disconnected: %s [%d remaining] 99e9c753 6"}
{"timestamp":"2026-07-28T08:46:04.594Z","level":"info","component":"LiveWS","message":"[LiveWS] Client disconnected: %s [%d remaining] 466f2435 6"}
{"timestamp":"2026-07-28T08:46:04.595Z","level":"info","component":"LiveWS","message":"[LiveWS] Client disconnected: %s [%d remaining] 3b86916a 6"}
{"timestamp":"2026-07-28T08:46:06.528Z","level":"info","component":"LiveWS","message":"[LiveWS] Client connected: %s (%s) [%d total] 6865130c 127.0.0.1 7"}
{"timestamp":"2026-07-28T08:46:06.843Z","level":"info","component":"LiveWS","message":"[LiveWS] Client connected: %s (%s) [%d total] 50ab3e0f 127.0.0.1 8"}
{"timestamp":"2026-07-28T08:46:19.600Z","level":"info","component":"LiveWS","message":"[LiveWS] Client disconnected: %s [%d remaining] 969b8b5d 3"}
{"timestamp":"2026-07-28T08:46:19.602Z","level":"info","component":"LiveWS","message":"[LiveWS] Client disconnected: %s [%d remaining] 1000a713 3"}
{"timestamp":"2026-07-28T08:46:19.602Z","level":"info","component":"LiveWS","message":"[LiveWS] Client disconnected: %s [%d remaining] 47a1b5d4 3"}
{"timestamp":"2026-07-28T08:46:19.603Z","level":"info","component":"LiveWS","message":"[LiveWS] Client disconnected: %s [%d remaining] d76397a6 3"}
{"timestamp":"2026-07-28T08:46:19.604Z","level":"info","component":"LiveWS","message":"[LiveWS] Client disconnected: %s [%d remaining] 56754242 3"}
{"timestamp":"2026-07-28T08:46:21.553Z","level":"info","component":"LiveWS","message":"[LiveWS] Client connected: %s (%s) [%d total] c60deb19 127.0.0.1 4"}
{"timestamp":"2026-07-28T08:46:21.554Z","level":"info","component":"LiveWS","message":"[LiveWS] Client disconnected: %s [%d remaining] c60deb19 3"}
{"timestamp":"2026-07-28T08:46:21.872Z","level":"info","component":"LiveWS","message":"[LiveWS] Client connected: %s (%s) [%d total] 66a09509 127.0.0.1 4"}
{"timestamp":"2026-07-28T08:46:22.542Z","level":"info","component":"LiveWS","message":"[LiveWS] Client connected: %s (%s) [%d total] 40d67f37 127.0.0.1 5"}
{"timestamp":"2026-07-28T08:46:22.544Z","level":"info","component":"LiveWS","message":"[LiveWS] Client disconnected: %s [%d remaining] 40d67f37 4"}
{"timestamp":"2026-07-28T08:46:22.858Z","level":"info","component":"LiveWS","message":"[LiveWS] Client connected: %s (%s) [%d total] f16e07f6 127.0.0.1 5"}
{"timestamp":"2026-07-28T08:46:27.545Z","level":"info","component":"LiveWS","message":"[LiveWS] Client connected: %s (%s) [%d total] 064ee2ec 127.0.0.1 6"}
{"timestamp":"2026-07-28T08:46:27.546Z","level":"info","component":"LiveWS","message":"[LiveWS] Client disconnected: %s [%d remaining] 064ee2ec 5"}
{"timestamp":"2026-07-28T08:46:27.861Z","level":"info","component":"LiveWS","message":"[LiveWS] Client connected: %s (%s) [%d total] 127e89b4 127.0.0.1 6"}
{"timestamp":"2026-07-28T08:46:30.532Z","level":"info","component":"LiveWS","message":"[LiveWS] Client connected: %s (%s) [%d total] c10f0fb6 127.0.0.1 7"}
{"timestamp":"2026-07-28T08:46:30.534Z","level":"info","component":"LiveWS","message":"[LiveWS] Client disconnected: %s [%d remaining] c10f0fb6 6"}
{"timestamp":"2026-07-28T08:46:30.847Z","level":"info","component":"LiveWS","message":"[LiveWS] Client connected: %s (%s) [%d total] ad759d56 127.0.0.1 7"}
{"timestamp":"2026-07-28T08:46:33.549Z","level":"info","component":"LiveWS","message":"[LiveWS] Client connected: %s (%s) [%d total] fc41f189 127.0.0.1 8"}
{"timestamp":"2026-07-28T08:46:33.551Z","level":"info","component":"LiveWS","message":"[LiveWS] Client disconnected: %s [%d remaining] fc41f189 7"}
{"timestamp":"2026-07-28T08:46:33.865Z","level":"info","component":"LiveWS","message":"[LiveWS] Client connected: %s (%s) [%d total] 6c1b5b9f 127.0.0.1 8"}
{"timestamp":"2026-07-28T08:46:34.616Z","level":"info","component":"LiveWS","message":"[LiveWS] Client disconnected: %s [%d remaining] d92bd04c 7"}
{"timestamp":"2026-07-28T08:46:36.552Z","level":"info","component":"LiveWS","message":"[LiveWS] Client connected: %s (%s) [%d total] f03d2f0d 127.0.0.1 8"}
{"timestamp":"2026-07-28T08:46:36.554Z","level":"info","component":"LiveWS","message":"[LiveWS] Client disconnected: %s [%d remaining] f03d2f0d 7"}
{"timestamp":"2026-07-28T08:46:36.866Z","level":"info","component":"LiveWS","message":"[LiveWS] Client connected: %s (%s) [%d total] 72cefb7f 127.0.0.1 8"}
{"timestamp":"2026-07-28T08:46:41.537Z","level":"info","component":"LiveWS","message":"[LiveWS] Client connected: %s (%s) [%d total] 9732a486 127.0.0.1 9"}
{"timestamp":"2026-07-28T08:46:41.539Z","level":"info","component":"LiveWS","message":"[LiveWS] Client disconnected: %s [%d remaining] 9732a486 8"}
{"timestamp":"2026-07-28T08:46:41.848Z","level":"info","component":"LiveWS","message":"[LiveWS] Client connected: %s (%s) [%d total] 8f8ae4ff 127.0.0.1 9"}
{"timestamp":"2026-07-28T08:46:44.537Z","level":"info","component":"LiveWS","message":"[LiveWS] Client connected: %s (%s) [%d total] dd16aa57 127.0.0.1 10"}
{"timestamp":"2026-07-28T08:46:44.539Z","level":"info","component":"LiveWS","message":"[LiveWS] Client disconnected: %s [%d remaining] dd16aa57 9"}
{"timestamp":"2026-07-28T08:46:44.841Z","level":"info","component":"LiveWS","message":"[LiveWS] Client connected: %s (%s) [%d total] ad4153c4 127.0.0.1 10"}
{"timestamp":"2026-07-28T08:46:47.543Z","level":"info","component":"LiveWS","message":"[LiveWS] Client connected: %s (%s) [%d total] f56e1bbb 127.0.0.1 11"}
{"timestamp":"2026-07-28T08:46:47.545Z","level":"info","component":"LiveWS","message":"[LiveWS] Client disconnected: %s [%d remaining] f56e1bbb 10"}
{"timestamp":"2026-07-28T08:46:47.860Z","level":"info","component":"LiveWS","message":"[LiveWS] Client connected: %s (%s) [%d total] c7ac0c4f 127.0.0.1 11"}
{"timestamp":"2026-07-28T08:46:49.623Z","level":"info","component":"LiveWS","message":"[LiveWS] Client disconnected: %s [%d remaining] 50ab3e0f 9"}
{"timestamp":"2026-07-28T08:46:49.624Z","level":"info","component":"LiveWS","message":"[LiveWS] Client disconnected: %s [%d remaining] 6865130c 9"}
{"timestamp":"2026-07-28T08:46:50.540Z","level":"info","component":"LiveWS","message":"[LiveWS] Client connected: %s (%s) [%d total] 7dfbd32b 127.0.0.1 10"}
{"timestamp":"2026-07-28T08:46:50.542Z","level":"info","component":"LiveWS","message":"[LiveWS] Client disconnected: %s [%d remaining] 7dfbd32b 9"}
{"timestamp":"2026-07-28T08:46:50.858Z","level":"info","component":"LiveWS","message":"[LiveWS] Client connected: %s (%s) [%d total] c6d9b82c 127.0.0.1 10"}
{"timestamp":"2026-07-28T08:46:55.537Z","level":"info","component":"LiveWS","message":"[LiveWS] Client connected: %s (%s) [%d total] edc1da52 127.0.0.1 11"}
{"timestamp":"2026-07-28T08:46:55.539Z","level":"info","component":"LiveWS","message":"[LiveWS] Client disconnected: %s [%d remaining] edc1da52 10"}
{"timestamp":"2026-07-28T08:46:55.851Z","level":"info","component":"LiveWS","message":"[LiveWS] Client connected: %s (%s) [%d total] 295eddcd 127.0.0.1 11"}
{"timestamp":"2026-07-28T08:46:58.536Z","level":"info","component":"LiveWS","message":"[LiveWS] Client connected: %s (%s) [%d total] f0c26210 127.0.0.1 12"}
{"timestamp":"2026-07-28T08:46:58.538Z","level":"info","component":"LiveWS","message":"[LiveWS] Client disconnected: %s [%d remaining] f0c26210 11"}
{"timestamp":"2026-07-28T08:46:58.853Z","level":"info","component":"LiveWS","message":"[LiveWS] Client connected: %s (%s) [%d total] a47ca382 127.0.0.1 12"}
{"timestamp":"2026-07-28T08:47:01.544Z","level":"info","component":"LiveWS","message":"[LiveWS] Client connected: %s (%s) [%d total] 242690d7 127.0.0.1 13"}
{"timestamp":"2026-07-28T08:47:01.546Z","level":"info","component":"LiveWS","message":"[LiveWS] Client disconnected: %s [%d remaining] 242690d7 12"}
{"timestamp":"2026-07-28T08:47:01.857Z","level":"info","component":"LiveWS","message":"[LiveWS] Client connected: %s (%s) [%d total] 52bb7edc 127.0.0.1 13"}
{"timestamp":"2026-07-28T08:47:04.546Z","level":"info","component":"LiveWS","message":"[LiveWS] Client connected: %s (%s) [%d total] 4a6b31e4 127.0.0.1 14"}
{"timestamp":"2026-07-28T08:47:04.551Z","level":"info","component":"LiveWS","message":"[LiveWS] Client disconnected: %s [%d remaining] 4a6b31e4 13"}
{"timestamp":"2026-07-28T08:47:04.638Z","level":"info","component":"LiveWS","message":"[LiveWS] Client disconnected: %s [%d remaining] 127e89b4 10"}
{"timestamp":"2026-07-28T08:47:04.639Z","level":"info","component":"LiveWS","message":"[LiveWS] Client disconnected: %s [%d remaining] f16e07f6 10"}
{"timestamp":"2026-07-28T08:47:04.639Z","level":"info","component":"LiveWS","message":"[LiveWS] Client disconnected: %s [%d remaining] 66a09509 10"}
{"timestamp":"2026-07-28T08:47:04.858Z","level":"info","component":"LiveWS","message":"[LiveWS] Client connected: %s (%s) [%d total] ee4a09ce 127.0.0.1 11"}
{"timestamp":"2026-07-28T08:47:06.543Z","level":"info","component":"LiveWS","message":"[LiveWS] Client connected: %s (%s) [%d total] f7d0ac71 127.0.0.1 12"}
{"timestamp":"2026-07-28T08:47:06.545Z","level":"info","component":"LiveWS","message":"[LiveWS] Client disconnected: %s [%d remaining] f7d0ac71 11"}
{"timestamp":"2026-07-28T08:47:06.859Z","level":"info","component":"LiveWS","message":"[LiveWS] Client connected: %s (%s) [%d total] 89acec06 127.0.0.1 12"}
{"timestamp":"2026-07-28T08:47:07.545Z","level":"info","component":"LiveWS","message":"[LiveWS] Client connected: %s (%s) [%d total] 2ca38215 127.0.0.1 13"}
{"timestamp":"2026-07-28T08:47:07.547Z","level":"info","component":"LiveWS","message":"[LiveWS] Client disconnected: %s [%d remaining] 2ca38215 12"}
{"timestamp":"2026-07-28T08:47:07.861Z","level":"info","component":"LiveWS","message":"[LiveWS] Client connected: %s (%s) [%d total] 3390bf78 127.0.0.1 13"}
{"timestamp":"2026-07-28T08:47:10.537Z","level":"info","component":"LiveWS","message":"[LiveWS] Client connected: %s (%s) [%d total] 109035f6 127.0.0.1 14"}
{"timestamp":"2026-07-28T08:47:10.539Z","level":"info","component":"LiveWS","message":"[LiveWS] Client disconnected: %s [%d remaining] 109035f6 13"}
{"timestamp":"2026-07-28T08:47:10.850Z","level":"info","component":"LiveWS","message":"[LiveWS] Client connected: %s (%s) [%d total] aa6f65ee 127.0.0.1 14"}
{"timestamp":"2026-07-28T08:47:13.536Z","level":"info","component":"LiveWS","message":"[LiveWS] Client connected: %s (%s) [%d total] 7a58a6ae 127.0.0.1 15"}
{"timestamp":"2026-07-28T08:47:13.538Z","level":"info","component":"LiveWS","message":"[LiveWS] Client disconnected: %s [%d remaining] 7a58a6ae 14"}
{"timestamp":"2026-07-28T08:47:13.850Z","level":"info","component":"LiveWS","message":"[LiveWS] Client connected: %s (%s) [%d total] 69ec773c 127.0.0.1 15"}
{"timestamp":"2026-07-28T08:47:16.535Z","level":"info","component":"LiveWS","message":"[LiveWS] Client connected: %s (%s) [%d total] 5ff33191 127.0.0.1 16"}
{"timestamp":"2026-07-28T08:47:16.537Z","level":"info","component":"LiveWS","message":"[LiveWS] Client disconnected: %s [%d remaining] 5ff33191 15"}
{"timestamp":"2026-07-28T08:47:16.839Z","level":"info","component":"LiveWS","message":"[LiveWS] Client connected: %s (%s) [%d total] 4a14ec9f 127.0.0.1 16"}
{"timestamp":"2026-07-28T08:47:19.539Z","level":"info","component":"LiveWS","message":"[LiveWS] Client connected: %s (%s) [%d total] a499aae7 127.0.0.1 17"}
{"timestamp":"2026-07-28T08:47:19.541Z","level":"info","component":"LiveWS","message":"[LiveWS] Client disconnected: %s [%d remaining] a499aae7 16"}
{"timestamp":"2026-07-28T08:47:19.648Z","level":"info","component":"LiveWS","message":"[LiveWS] Client disconnected: %s [%d remaining] 8f8ae4ff 12"}
{"timestamp":"2026-07-28T08:47:19.649Z","level":"info","component":"LiveWS","message":"[LiveWS] Client disconnected: %s [%d remaining] 72cefb7f 12"}
{"timestamp":"2026-07-28T08:47:19.650Z","level":"info","component":"LiveWS","message":"[LiveWS] Client disconnected: %s [%d remaining] 6c1b5b9f 12"}
{"timestamp":"2026-07-28T08:47:19.651Z","level":"info","component":"LiveWS","message":"[LiveWS] Client disconnected: %s [%d remaining] ad759d56 12"}
{"timestamp":"2026-07-28T08:47:19.851Z","level":"info","component":"LiveWS","message":"[LiveWS] Client connected: %s (%s) [%d total] 03b7e033 127.0.0.1 13"}
{"timestamp":"2026-07-28T08:47:20.541Z","level":"info","component":"LiveWS","message":"[LiveWS] Client connected: %s (%s) [%d total] dfc5315f 127.0.0.1 14"}
{"timestamp":"2026-07-28T08:47:20.543Z","level":"info","component":"LiveWS","message":"[LiveWS] Client disconnected: %s [%d remaining] dfc5315f 13"}
{"timestamp":"2026-07-28T08:47:20.854Z","level":"info","component":"LiveWS","message":"[LiveWS] Client connected: %s (%s) [%d total] 6d79fe11 127.0.0.1 14"}
{"timestamp":"2026-07-28T08:47:21.540Z","level":"info","component":"LiveWS","message":"[LiveWS] Client connected: %s (%s) [%d total] 9decd194 127.0.0.1 15"}
{"timestamp":"2026-07-28T08:47:21.543Z","level":"info","component":"LiveWS","message":"[LiveWS] Client disconnected: %s [%d remaining] 9decd194 14"}
{"timestamp":"2026-07-28T08:47:21.852Z","level":"info","component":"LiveWS","message":"[LiveWS] Client connected: %s (%s) [%d total] d6feec55 127.0.0.1 15"}
{"timestamp":"2026-07-28T08:47:22.539Z","level":"info","component":"LiveWS","message":"[LiveWS] Client connected: %s (%s) [%d total] 0f8134b5 127.0.0.1 16"}
{"timestamp":"2026-07-28T08:47:22.541Z","level":"info","component":"LiveWS","message":"[LiveWS] Client disconnected: %s [%d remaining] 0f8134b5 15"}
{"timestamp":"2026-07-28T08:47:22.847Z","level":"info","component":"LiveWS","message":"[LiveWS] Client connected: %s (%s) [%d total] 5fd916e7 127.0.0.1 16"}
{"timestamp":"2026-07-28T08:47:25.544Z","level":"info","component":"LiveWS","message":"[LiveWS] Client connected: %s (%s) [%d total] ec48981b 127.0.0.1 17"}
{"timestamp":"2026-07-28T08:47:25.547Z","level":"info","component":"LiveWS","message":"[LiveWS] Client disconnected: %s [%d remaining] ec48981b 16"}
{"timestamp":"2026-07-28T08:47:25.848Z","level":"info","component":"LiveWS","message":"[LiveWS] Client connected: %s (%s) [%d total] adcb0437 127.0.0.1 17"}
{"timestamp":"2026-07-28T08:47:28.538Z","level":"info","component":"LiveWS","message":"[LiveWS] Client connected: %s (%s) [%d total] 9e96b930 127.0.0.1 18"}
{"timestamp":"2026-07-28T08:47:28.540Z","level":"info","component":"LiveWS","message":"[LiveWS] Client disconnected: %s [%d remaining] 9e96b930 17"}
{"timestamp":"2026-07-28T08:47:28.848Z","level":"info","component":"LiveWS","message":"[LiveWS] Client connected: %s (%s) [%d total] 86a9ef6e 127.0.0.1 18"}
{"timestamp":"2026-07-28T08:47:31.549Z","level":"info","component":"LiveWS","message":"[LiveWS] Client connected: %s (%s) [%d total] 75c89f59 127.0.0.1 19"}
{"timestamp":"2026-07-28T08:47:31.551Z","level":"info","component":"LiveWS","message":"[LiveWS] Client disconnected: %s [%d remaining] 75c89f59 18"}
{"timestamp":"2026-07-28T08:47:31.865Z","level":"info","component":"LiveWS","message":"[LiveWS] Client connected: %s (%s) [%d total] 0bb6c441 127.0.0.1 19"}
{"timestamp":"2026-07-28T08:47:34.550Z","level":"info","component":"LiveWS","message":"[LiveWS] Client connected: %s (%s) [%d total] d07dfc40 127.0.0.1 20"}
{"timestamp":"2026-07-28T08:47:34.552Z","level":"info","component":"LiveWS","message":"[LiveWS] Client disconnected: %s [%d remaining] d07dfc40 19"}
{"timestamp":"2026-07-28T08:47:34.648Z","level":"info","component":"LiveWS","message":"[LiveWS] Client disconnected: %s [%d remaining] a47ca382 14"}
{"timestamp":"2026-07-28T08:47:34.649Z","level":"info","component":"LiveWS","message":"[LiveWS] Client disconnected: %s [%d remaining] 295eddcd 14"}
{"timestamp":"2026-07-28T08:47:34.650Z","level":"info","component":"LiveWS","message":"[LiveWS] Client disconnected: %s [%d remaining] c6d9b82c 14"}
{"timestamp":"2026-07-28T08:47:34.651Z","level":"info","component":"LiveWS","message":"[LiveWS] Client disconnected: %s [%d remaining] c7ac0c4f 14"}
{"timestamp":"2026-07-28T08:47:34.651Z","level":"info","component":"LiveWS","message":"[LiveWS] Client disconnected: %s [%d remaining] ad4153c4 14"}
{"timestamp":"2026-07-28T08:47:34.866Z","level":"info","component":"LiveWS","message":"[LiveWS] Client connected: %s (%s) [%d total] 7a30f0db 127.0.0.1 15"}
{"timestamp":"2026-07-28T08:47:36.551Z","level":"info","component":"LiveWS","message":"[LiveWS] Client connected: %s (%s) [%d total] 1b4e917e 127.0.0.1 16"}
{"timestamp":"2026-07-28T08:47:36.869Z","level":"info","component":"LiveWS","message":"[LiveWS] Client connected: %s (%s) [%d total] a485eb0b 127.0.0.1 17"}
{"timestamp":"2026-07-28T08:47:37.235Z","level":"info","component":"LiveWS","message":"[LiveWS] Client disconnected: %s [%d remaining] a485eb0b 16"}
{"timestamp":"2026-07-28T08:47:37.538Z","level":"info","component":"LiveWS","message":"[LiveWS] Client connected: %s (%s) [%d total] fe046f3e 127.0.0.1 17"}
{"timestamp":"2026-07-28T08:47:37.845Z","level":"info","component":"LiveWS","message":"[LiveWS] Client connected: %s (%s) [%d total] bb3c1429 127.0.0.1 18"}
{"timestamp":"2026-07-28T08:47:49.662Z","level":"info","component":"LiveWS","message":"[LiveWS] Client disconnected: %s [%d remaining] 69ec773c 12"}
{"timestamp":"2026-07-28T08:47:49.685Z","level":"info","component":"LiveWS","message":"[LiveWS] Client disconnected: %s [%d remaining] aa6f65ee 12"}
{"timestamp":"2026-07-28T08:47:49.696Z","level":"info","component":"LiveWS","message":"[LiveWS] Client disconnected: %s [%d remaining] 3390bf78 12"}
{"timestamp":"2026-07-28T08:47:49.710Z","level":"info","component":"LiveWS","message":"[LiveWS] Client disconnected: %s [%d remaining] 89acec06 12"}
{"timestamp":"2026-07-28T08:47:49.734Z","level":"info","component":"LiveWS","message":"[LiveWS] Client disconnected: %s [%d remaining] ee4a09ce 12"}
{"timestamp":"2026-07-28T08:47:49.761Z","level":"info","component":"LiveWS","message":"[LiveWS] Client disconnected: %s [%d remaining] 52bb7edc 12"}
{"timestamp":"2026-07-28T08:47:52.361Z","level":"info","component":"LiveWS","message":"[LiveWS] Client connected: %s (%s) [%d total] 90828afc 127.0.0.1 13"}
{"timestamp":"2026-07-28T08:47:52.403Z","level":"info","component":"LiveWS","message":"[LiveWS] Client connected: %s (%s) [%d total] a066738e 127.0.0.1 14"}
{"timestamp":"2026-07-28T08:48:04.664Z","level":"info","component":"LiveWS","message":"[LiveWS] Client disconnected: %s [%d remaining] 86a9ef6e 7"}
{"timestamp":"2026-07-28T08:48:04.665Z","level":"info","component":"LiveWS","message":"[LiveWS] Client disconnected: %s [%d remaining] adcb0437 7"}
{"timestamp":"2026-07-28T08:48:04.667Z","level":"info","component":"LiveWS","message":"[LiveWS] Client disconnected: %s [%d remaining] 5fd916e7 7"}
{"timestamp":"2026-07-28T08:48:04.667Z","level":"info","component":"LiveWS","message":"[LiveWS] Client disconnected: %s [%d remaining] d6feec55 7"}
{"timestamp":"2026-07-28T08:48:04.669Z","level":"info","component":"LiveWS","message":"[LiveWS] Client disconnected: %s [%d remaining] 6d79fe11 7"}
{"timestamp":"2026-07-28T08:48:04.670Z","level":"info","component":"LiveWS","message":"[LiveWS] Client disconnected: %s [%d remaining] 03b7e033 7"}
{"timestamp":"2026-07-28T08:48:04.671Z","level":"info","component":"LiveWS","message":"[LiveWS] Client disconnected: %s [%d remaining] 4a14ec9f 7"}
{"timestamp":"2026-07-28T08:48:06.537Z","level":"info","component":"LiveWS","message":"[LiveWS] Client connected: %s (%s) [%d total] 6fc2b7f3 127.0.0.1 8"}
{"timestamp":"2026-07-28T08:48:06.855Z","level":"info","component":"LiveWS","message":"[LiveWS] Client connected: %s (%s) [%d total] 5483b81e 127.0.0.1 9"}
{"timestamp":"2026-07-28T08:48:19.671Z","level":"info","component":"LiveWS","message":"[LiveWS] Client disconnected: %s [%d remaining] bb3c1429 4"}
{"timestamp":"2026-07-28T08:48:19.673Z","level":"info","component":"LiveWS","message":"[LiveWS] Client disconnected: %s [%d remaining] fe046f3e 4"}
{"timestamp":"2026-07-28T08:48:19.675Z","level":"info","component":"LiveWS","message":"[LiveWS] Client disconnected: %s [%d remaining] 1b4e917e 4"}
{"timestamp":"2026-07-28T08:48:19.675Z","level":"info","component":"LiveWS","message":"[LiveWS] Client disconnected: %s [%d remaining] 7a30f0db 4"}
{"timestamp":"2026-07-28T08:48:19.676Z","level":"info","component":"LiveWS","message":"[LiveWS] Client disconnected: %s [%d remaining] 0bb6c441 4"}
{"timestamp":"2026-07-28T08:48:21.539Z","level":"info","component":"LiveWS","message":"[LiveWS] Client connected: %s (%s) [%d total] e4673715 127.0.0.1 5"}
{"timestamp":"2026-07-28T08:48:21.542Z","level":"info","component":"LiveWS","message":"[LiveWS] Client disconnected: %s [%d remaining] e4673715 4"}
{"timestamp":"2026-07-28T08:48:21.857Z","level":"info","component":"LiveWS","message":"[LiveWS] Client connected: %s (%s) [%d total] 6ad8d135 127.0.0.1 5"}
{"timestamp":"2026-07-28T08:48:22.540Z","level":"info","component":"LiveWS","message":"[LiveWS] Client connected: %s (%s) [%d total] 926fc1e6 127.0.0.1 6"}
{"timestamp":"2026-07-28T08:48:22.542Z","level":"info","component":"LiveWS","message":"[LiveWS] Client disconnected: %s [%d remaining] 926fc1e6 5"}
{"timestamp":"2026-07-28T08:48:22.850Z","level":"info","component":"LiveWS","message":"[LiveWS] Client connected: %s (%s) [%d total] 3d0beb5a 127.0.0.1 6"}
{"timestamp":"2026-07-28T08:48:25.546Z","level":"info","component":"LiveWS","message":"[LiveWS] Client connected: %s (%s) [%d total] 0cabb939 127.0.0.1 7"}
{"timestamp":"2026-07-28T08:48:25.548Z","level":"info","component":"LiveWS","message":"[LiveWS] Client disconnected: %s [%d remaining] 0cabb939 6"}
{"timestamp":"2026-07-28T08:48:25.865Z","level":"info","component":"LiveWS","message":"[LiveWS] Client connected: %s (%s) [%d total] badba8d9 127.0.0.1 7"}
{"timestamp":"2026-07-28T08:48:28.549Z","level":"info","component":"LiveWS","message":"[LiveWS] Client connected: %s (%s) [%d total] 6f5daa73 127.0.0.1 8"}
{"timestamp":"2026-07-28T08:48:28.551Z","level":"info","component":"LiveWS","message":"[LiveWS] Client disconnected: %s [%d remaining] 6f5daa73 7"}
{"timestamp":"2026-07-28T08:48:28.865Z","level":"info","component":"LiveWS","message":"[LiveWS] Client connected: %s (%s) [%d total] f024fd23 127.0.0.1 8"}
{"timestamp":"2026-07-28T08:48:31.555Z","level":"info","component":"LiveWS","message":"[LiveWS] Client connected: %s (%s) [%d total] 1a310c22 127.0.0.1 9"}
{"timestamp":"2026-07-28T08:48:31.557Z","level":"info","component":"LiveWS","message":"[LiveWS] Client disconnected: %s [%d remaining] 1a310c22 8"}
{"timestamp":"2026-07-28T08:48:31.871Z","level":"info","component":"LiveWS","message":"[LiveWS] Client connected: %s (%s) [%d total] 6ac8e08d 127.0.0.1 9"}
{"timestamp":"2026-07-28T08:48:34.545Z","level":"info","component":"LiveWS","message":"[LiveWS] Client connected: %s (%s) [%d total] d28af693 127.0.0.1 10"}
{"timestamp":"2026-07-28T08:48:34.547Z","level":"info","component":"LiveWS","message":"[LiveWS] Client disconnected: %s [%d remaining] d28af693 9"}
{"timestamp":"2026-07-28T08:48:34.685Z","level":"info","component":"LiveWS","message":"[LiveWS] Client disconnected: %s [%d remaining] a066738e 7"}
{"timestamp":"2026-07-28T08:48:34.687Z","level":"info","component":"LiveWS","message":"[LiveWS] Client disconnected: %s [%d remaining] 90828afc 7"}
{"timestamp":"2026-07-28T08:48:34.860Z","level":"info","component":"LiveWS","message":"[LiveWS] Client connected: %s (%s) [%d total] d339fc17 127.0.0.1 8"}
{"timestamp":"2026-07-28T08:48:36.555Z","level":"info","component":"LiveWS","message":"[LiveWS] Client connected: %s (%s) [%d total] 5f977731 127.0.0.1 9"}
{"timestamp":"2026-07-28T08:48:36.559Z","level":"info","component":"LiveWS","message":"[LiveWS] Client disconnected: %s [%d remaining] 5f977731 8"}
{"timestamp":"2026-07-28T08:48:36.871Z","level":"info","component":"LiveWS","message":"[LiveWS] Client connected: %s (%s) [%d total] 0a11f257 127.0.0.1 9"}
{"timestamp":"2026-07-28T08:48:37.551Z","level":"info","component":"LiveWS","message":"[LiveWS] Client connected: %s (%s) [%d total] d654ce35 127.0.0.1 10"}
{"timestamp":"2026-07-28T08:48:37.555Z","level":"info","component":"LiveWS","message":"[LiveWS] Client disconnected: %s [%d remaining] d654ce35 9"}
{"timestamp":"2026-07-28T08:48:37.867Z","level":"info","component":"LiveWS","message":"[LiveWS] Client connected: %s (%s) [%d total] 0b32b4e6 127.0.0.1 10"}
{"timestamp":"2026-07-28T08:48:40.543Z","level":"info","component":"LiveWS","message":"[LiveWS] Client connected: %s (%s) [%d total] 9de27a57 127.0.0.1 11"}
{"timestamp":"2026-07-28T08:48:40.546Z","level":"info","component":"LiveWS","message":"[LiveWS] Client disconnected: %s [%d remaining] 9de27a57 10"}
{"timestamp":"2026-07-28T08:48:40.859Z","level":"info","component":"LiveWS","message":"[LiveWS] Client connected: %s (%s) [%d total] 4717c312 127.0.0.1 11"}
{"timestamp":"2026-07-28T08:48:43.552Z","level":"info","component":"LiveWS","message":"[LiveWS] Client connected: %s (%s) [%d total] 7515de42 127.0.0.1 12"}
{"timestamp":"2026-07-28T08:48:43.559Z","level":"info","component":"LiveWS","message":"[LiveWS] Client disconnected: %s [%d remaining] 7515de42 11"}
{"timestamp":"2026-07-28T08:48:43.870Z","level":"info","component":"LiveWS","message":"[LiveWS] Client connected: %s (%s) [%d total] 64223a04 127.0.0.1 12"}
{"timestamp":"2026-07-28T08:48:46.543Z","level":"info","component":"LiveWS","message":"[LiveWS] Client connected: %s (%s) [%d total] 8e722a72 127.0.0.1 13"}
{"timestamp":"2026-07-28T08:48:46.545Z","level":"info","component":"LiveWS","message":"[LiveWS] Client disconnected: %s [%d remaining] 8e722a72 12"}
{"timestamp":"2026-07-28T08:48:46.859Z","level":"info","component":"LiveWS","message":"[LiveWS] Client connected: %s (%s) [%d total] 28f7e644 127.0.0.1 13"}
{"timestamp":"2026-07-28T08:48:49.550Z","level":"info","component":"LiveWS","message":"[LiveWS] Client connected: %s (%s) [%d total] 8882ab9a 127.0.0.1 14"}
{"timestamp":"2026-07-28T08:48:49.553Z","level":"info","component":"LiveWS","message":"[LiveWS] Client disconnected: %s [%d remaining] 8882ab9a 13"}
{"timestamp":"2026-07-28T08:48:49.690Z","level":"info","component":"LiveWS","message":"[LiveWS] Client disconnected: %s [%d remaining] 5483b81e 11"}
{"timestamp":"2026-07-28T08:48:49.691Z","level":"info","component":"LiveWS","message":"[LiveWS] Client disconnected: %s [%d remaining] 6fc2b7f3 11"}
{"timestamp":"2026-07-28T08:48:49.865Z","level":"info","component":"LiveWS","message":"[LiveWS] Client connected: %s (%s) [%d total] 35b333eb 127.0.0.1 12"}
{"timestamp":"2026-07-28T08:48:50.545Z","level":"info","component":"LiveWS","message":"[LiveWS] Client connected: %s (%s) [%d total] 6aa8f0a7 127.0.0.1 13"}
{"timestamp":"2026-07-28T08:48:50.547Z","level":"info","component":"LiveWS","message":"[LiveWS] Client disconnected: %s [%d remaining] 6aa8f0a7 12"}
{"timestamp":"2026-07-28T08:48:50.861Z","level":"info","component":"LiveWS","message":"[LiveWS] Client connected: %s (%s) [%d total] 8a5fa052 127.0.0.1 13"}
{"timestamp":"2026-07-28T08:48:52.555Z","level":"info","component":"LiveWS","message":"[LiveWS] Client connected: %s (%s) [%d total] 2e0aed9a 127.0.0.1 14"}
{"timestamp":"2026-07-28T08:48:52.557Z","level":"info","component":"LiveWS","message":"[LiveWS] Client disconnected: %s [%d remaining] 2e0aed9a 13"}
{"timestamp":"2026-07-28T08:48:52.872Z","level":"info","component":"LiveWS","message":"[LiveWS] Client connected: %s (%s) [%d total] d267db4a 127.0.0.1 14"}
{"timestamp":"2026-07-28T08:48:55.549Z","level":"info","component":"LiveWS","message":"[LiveWS] Client connected: %s (%s) [%d total] da69c1cc 127.0.0.1 15"}
{"timestamp":"2026-07-28T08:48:55.551Z","level":"info","component":"LiveWS","message":"[LiveWS] Client disconnected: %s [%d remaining] da69c1cc 14"}
{"timestamp":"2026-07-28T08:48:55.865Z","level":"info","component":"LiveWS","message":"[LiveWS] Client connected: %s (%s) [%d total] 1b7ca45d 127.0.0.1 15"}
{"timestamp":"2026-07-28T08:48:58.556Z","level":"info","component":"LiveWS","message":"[LiveWS] Client connected: %s (%s) [%d total] 5599d3ba 127.0.0.1 16"}
{"timestamp":"2026-07-28T08:48:58.558Z","level":"info","component":"LiveWS","message":"[LiveWS] Client disconnected: %s [%d remaining] 5599d3ba 15"}
{"timestamp":"2026-07-28T08:48:58.874Z","level":"info","component":"LiveWS","message":"[LiveWS] Client connected: %s (%s) [%d total] 2fd12ad0 127.0.0.1 16"}
{"timestamp":"2026-07-28T08:49:01.556Z","level":"info","component":"LiveWS","message":"[LiveWS] Client connected: %s (%s) [%d total] 5c537644 127.0.0.1 17"}
{"timestamp":"2026-07-28T08:49:01.559Z","level":"info","component":"LiveWS","message":"[LiveWS] Client disconnected: %s [%d remaining] 5c537644 16"}
{"timestamp":"2026-07-28T08:49:01.875Z","level":"info","component":"LiveWS","message":"[LiveWS] Client connected: %s (%s) [%d total] 0126ab84 127.0.0.1 17"}
{"timestamp":"2026-07-28T08:49:04.551Z","level":"info","component":"LiveWS","message":"[LiveWS] Client connected: %s (%s) [%d total] 77c9a84e 127.0.0.1 18"}
{"timestamp":"2026-07-28T08:49:04.554Z","level":"info","component":"LiveWS","message":"[LiveWS] Client disconnected: %s [%d remaining] 77c9a84e 17"}
{"timestamp":"2026-07-28T08:49:04.692Z","level":"info","component":"LiveWS","message":"[LiveWS] Client disconnected: %s [%d remaining] f024fd23 13"}
{"timestamp":"2026-07-28T08:49:04.694Z","level":"info","component":"LiveWS","message":"[LiveWS] Client disconnected: %s [%d remaining] badba8d9 13"}
{"timestamp":"2026-07-28T08:49:04.695Z","level":"info","component":"LiveWS","message":"[LiveWS] Client disconnected: %s [%d remaining] 3d0beb5a 13"}
{"timestamp":"2026-07-28T08:49:04.695Z","level":"info","component":"LiveWS","message":"[LiveWS] Client disconnected: %s [%d remaining] 6ad8d135 13"}
{"timestamp":"2026-07-28T08:49:04.868Z","level":"info","component":"LiveWS","message":"[LiveWS] Client connected: %s (%s) [%d total] 8fcb41a6 127.0.0.1 14"}
{"timestamp":"2026-07-28T08:49:05.547Z","level":"info","component":"LiveWS","message":"[LiveWS] Client connected: %s (%s) [%d total] daf9bf24 127.0.0.1 15"}
{"timestamp":"2026-07-28T08:49:05.549Z","level":"info","component":"LiveWS","message":"[LiveWS] Client disconnected: %s [%d remaining] daf9bf24 14"}
{"timestamp":"2026-07-28T08:49:05.864Z","level":"info","component":"LiveWS","message":"[LiveWS] Client connected: %s (%s) [%d total] 5c91f909 127.0.0.1 15"}
{"timestamp":"2026-07-28T08:49:06.542Z","level":"info","component":"LiveWS","message":"[LiveWS] Client connected: %s (%s) [%d total] d0e84158 127.0.0.1 16"}
{"timestamp":"2026-07-28T08:49:06.545Z","level":"info","component":"LiveWS","message":"[LiveWS] Client disconnected: %s [%d remaining] d0e84158 15"}
{"timestamp":"2026-07-28T08:49:06.860Z","level":"info","component":"LiveWS","message":"[LiveWS] Client connected: %s (%s) [%d total] faa8e6c2 127.0.0.1 16"}
{"timestamp":"2026-07-28T08:49:07.542Z","level":"info","component":"LiveWS","message":"[LiveWS] Client connected: %s (%s) [%d total] f8b8da0a 127.0.0.1 17"}
{"timestamp":"2026-07-28T08:49:07.544Z","level":"info","component":"LiveWS","message":"[LiveWS] Client disconnected: %s [%d remaining] f8b8da0a 16"}
{"timestamp":"2026-07-28T08:49:07.860Z","level":"info","component":"LiveWS","message":"[LiveWS] Client connected: %s (%s) [%d total] d3b3379c 127.0.0.1 17"}
{"timestamp":"2026-07-28T08:49:10.551Z","level":"info","component":"LiveWS","message":"[LiveWS] Client connected: %s (%s) [%d total] d9eae577 127.0.0.1 18"}
{"timestamp":"2026-07-28T08:49:10.554Z","level":"info","component":"LiveWS","message":"[LiveWS] Client disconnected: %s [%d remaining] d9eae577 17"}
{"timestamp":"2026-07-28T08:49:10.867Z","level":"info","component":"LiveWS","message":"[LiveWS] Client connected: %s (%s) [%d total] fc95c5bb 127.0.0.1 18"}
{"timestamp":"2026-07-28T08:49:13.544Z","level":"info","component":"LiveWS","message":"[LiveWS] Client connected: %s (%s) [%d total] 0081799f 127.0.0.1 19"}
{"timestamp":"2026-07-28T08:49:13.547Z","level":"info","component":"LiveWS","message":"[LiveWS] Client disconnected: %s [%d remaining] 0081799f 18"}
{"timestamp":"2026-07-28T08:49:13.858Z","level":"info","component":"LiveWS","message":"[LiveWS] Client connected: %s (%s) [%d total] 34751fa2 127.0.0.1 19"}
{"timestamp":"2026-07-28T08:49:16.546Z","level":"info","component":"LiveWS","message":"[LiveWS] Client connected: %s (%s) [%d total] fc54adba 127.0.0.1 20"}
{"timestamp":"2026-07-28T08:49:16.548Z","level":"info","component":"LiveWS","message":"[LiveWS] Client disconnected: %s [%d remaining] fc54adba 19"}
{"timestamp":"2026-07-28T08:49:16.863Z","level":"info","component":"LiveWS","message":"[LiveWS] Client connected: %s (%s) [%d total] ab1230fc 127.0.0.1 20"}
{"timestamp":"2026-07-28T08:49:19.558Z","level":"info","component":"LiveWS","message":"[LiveWS] Client connected: %s (%s) [%d total] e0322b3d 127.0.0.1 21"}
{"timestamp":"2026-07-28T08:49:19.560Z","level":"info","component":"LiveWS","message":"[LiveWS] Client disconnected: %s [%d remaining] e0322b3d 20"}
{"timestamp":"2026-07-28T08:49:19.700Z","level":"info","component":"LiveWS","message":"[LiveWS] Client disconnected: %s [%d remaining] 64223a04 14"}
{"timestamp":"2026-07-28T08:49:19.701Z","level":"info","component":"LiveWS","message":"[LiveWS] Client disconnected: %s [%d remaining] 4717c312 14"}
{"timestamp":"2026-07-28T08:49:19.702Z","level":"info","component":"LiveWS","message":"[LiveWS] Client disconnected: %s [%d remaining] 0b32b4e6 14"}
{"timestamp":"2026-07-28T08:49:19.703Z","level":"info","component":"LiveWS","message":"[LiveWS] Client disconnected: %s [%d remaining] 0a11f257 14"}
{"timestamp":"2026-07-28T08:49:19.704Z","level":"info","component":"LiveWS","message":"[LiveWS] Client disconnected: %s [%d remaining] d339fc17 14"}
{"timestamp":"2026-07-28T08:49:19.705Z","level":"info","component":"LiveWS","message":"[LiveWS] Client disconnected: %s [%d remaining] 6ac8e08d 14"}
{"timestamp":"2026-07-28T08:49:19.877Z","level":"info","component":"LiveWS","message":"[LiveWS] Client connected: %s (%s) [%d total] 9a76d638 127.0.0.1 15"}
{"timestamp":"2026-07-28T08:49:20.544Z","level":"info","component":"LiveWS","message":"[LiveWS] Client connected: %s (%s) [%d total] a6c6a5dc 127.0.0.1 16"}
{"timestamp":"2026-07-28T08:49:20.546Z","level":"info","component":"LiveWS","message":"[LiveWS] Client disconnected: %s [%d remaining] a6c6a5dc 15"}
{"timestamp":"2026-07-28T08:49:20.861Z","level":"info","component":"LiveWS","message":"[LiveWS] Client connected: %s (%s) [%d total] 5527015b 127.0.0.1 16"}
{"timestamp":"2026-07-28T08:49:21.543Z","level":"info","component":"LiveWS","message":"[LiveWS] Client connected: %s (%s) [%d total] 9b99bc0f 127.0.0.1 17"}
{"timestamp":"2026-07-28T08:49:21.861Z","level":"info","component":"LiveWS","message":"[LiveWS] Client connected: %s (%s) [%d total] d8565750 127.0.0.1 18"}
{"timestamp":"2026-07-28T08:49:22.229Z","level":"info","component":"LiveWS","message":"[LiveWS] Client disconnected: %s [%d remaining] d8565750 17"}
{"timestamp":"2026-07-28T08:49:22.543Z","level":"info","component":"LiveWS","message":"[LiveWS] Client connected: %s (%s) [%d total] c606f6cc 127.0.0.1 18"}
{"timestamp":"2026-07-28T08:49:22.860Z","level":"info","component":"LiveWS","message":"[LiveWS] Client connected: %s (%s) [%d total] f08325d0 127.0.0.1 19"}
{"timestamp":"2026-07-28T08:49:34.710Z","level":"info","component":"LiveWS","message":"[LiveWS] Client disconnected: %s [%d remaining] 2fd12ad0 13"}
{"timestamp":"2026-07-28T08:49:34.712Z","level":"info","component":"LiveWS","message":"[LiveWS] Client disconnected: %s [%d remaining] 1b7ca45d 13"}
{"timestamp":"2026-07-28T08:49:34.713Z","level":"info","component":"LiveWS","message":"[LiveWS] Client disconnected: %s [%d remaining] d267db4a 13"}
{"timestamp":"2026-07-28T08:49:34.714Z","level":"info","component":"LiveWS","message":"[LiveWS] Client disconnected: %s [%d remaining] 8a5fa052 13"}
{"timestamp":"2026-07-28T08:49:34.715Z","level":"info","component":"LiveWS","message":"[LiveWS] Client disconnected: %s [%d remaining] 35b333eb 13"}
{"timestamp":"2026-07-28T08:49:34.716Z","level":"info","component":"LiveWS","message":"[LiveWS] Client disconnected: %s [%d remaining] 28f7e644 13"}
{"timestamp":"2026-07-28T08:49:36.551Z","level":"info","component":"LiveWS","message":"[LiveWS] Client connected: %s (%s) [%d total] 35bd5a72 127.0.0.1 14"}
{"timestamp":"2026-07-28T08:49:36.868Z","level":"info","component":"LiveWS","message":"[LiveWS] Client connected: %s (%s) [%d total] c431bb0b 127.0.0.1 15"}
{"timestamp":"2026-07-28T08:49:49.721Z","level":"info","component":"LiveWS","message":"[LiveWS] Client disconnected: %s [%d remaining] 34751fa2 8"}
{"timestamp":"2026-07-28T08:49:49.721Z","level":"info","component":"LiveWS","message":"[LiveWS] Client disconnected: %s [%d remaining] fc95c5bb 8"}
{"timestamp":"2026-07-28T08:49:49.722Z","level":"info","component":"LiveWS","message":"[LiveWS] Client disconnected: %s [%d remaining] d3b3379c 8"}
{"timestamp":"2026-07-28T08:49:49.723Z","level":"info","component":"LiveWS","message":"[LiveWS] Client disconnected: %s [%d remaining] faa8e6c2 8"}
{"timestamp":"2026-07-28T08:49:49.723Z","level":"info","component":"LiveWS","message":"[LiveWS] Client disconnected: %s [%d remaining] 5c91f909 8"}
{"timestamp":"2026-07-28T08:49:49.724Z","level":"info","component":"LiveWS","message":"[LiveWS] Client disconnected: %s [%d remaining] 8fcb41a6 8"}
{"timestamp":"2026-07-28T08:49:49.724Z","level":"info","component":"LiveWS","message":"[LiveWS] Client disconnected: %s [%d remaining] 0126ab84 8"}
{"timestamp":"2026-07-28T08:49:51.546Z","level":"info","component":"LiveWS","message":"[LiveWS] Client connected: %s (%s) [%d total] 30818561 127.0.0.1 9"}
{"timestamp":"2026-07-28T08:49:51.863Z","level":"info","component":"LiveWS","message":"[LiveWS] Client connected: %s (%s) [%d total] 88b2f61e 127.0.0.1 10"}
{"timestamp":"2026-07-28T08:50:04.732Z","level":"info","component":"LiveWS","message":"[LiveWS] Client disconnected: %s [%d remaining] f08325d0 4"}
{"timestamp":"2026-07-28T08:50:04.733Z","level":"info","component":"LiveWS","message":"[LiveWS] Client disconnected: %s [%d remaining] c606f6cc 4"}
{"timestamp":"2026-07-28T08:50:04.734Z","level":"info","component":"LiveWS","message":"[LiveWS] Client disconnected: %s [%d remaining] 9b99bc0f 4"}
{"timestamp":"2026-07-28T08:50:04.736Z","level":"info","component":"LiveWS","message":"[LiveWS] Client disconnected: %s [%d remaining] 5527015b 4"}
{"timestamp":"2026-07-28T08:50:04.736Z","level":"info","component":"LiveWS","message":"[LiveWS] Client disconnected: %s [%d remaining] 9a76d638 4"}
{"timestamp":"2026-07-28T08:50:04.737Z","level":"info","component":"LiveWS","message":"[LiveWS] Client disconnected: %s [%d remaining] ab1230fc 4"}
{"timestamp":"2026-07-28T08:50:06.541Z","level":"info","component":"LiveWS","message":"[LiveWS] Client connected: %s (%s) [%d total] 2ccdb6bd 127.0.0.1 5"}
{"timestamp":"2026-07-28T08:50:06.543Z","level":"info","component":"LiveWS","message":"[LiveWS] Client disconnected: %s [%d remaining] 2ccdb6bd 4"}
{"timestamp":"2026-07-28T08:50:06.860Z","level":"info","component":"LiveWS","message":"[LiveWS] Client connected: %s (%s) [%d total] 6b81393d 127.0.0.1 5"}
{"timestamp":"2026-07-28T08:50:07.542Z","level":"info","component":"LiveWS","message":"[LiveWS] Client connected: %s (%s) [%d total] b7819d58 127.0.0.1 6"}
{"timestamp":"2026-07-28T08:50:07.544Z","level":"info","component":"LiveWS","message":"[LiveWS] Client disconnected: %s [%d remaining] b7819d58 5"}
{"timestamp":"2026-07-28T08:50:07.860Z","level":"info","component":"LiveWS","message":"[LiveWS] Client connected: %s (%s) [%d total] a40e272c 127.0.0.1 6"}
{"timestamp":"2026-07-28T08:50:10.546Z","level":"info","component":"LiveWS","message":"[LiveWS] Client connected: %s (%s) [%d total] 77040041 127.0.0.1 7"}
{"timestamp":"2026-07-28T08:50:10.549Z","level":"info","component":"LiveWS","message":"[LiveWS] Client disconnected: %s [%d remaining] 77040041 6"}
{"timestamp":"2026-07-28T08:50:10.863Z","level":"info","component":"LiveWS","message":"[LiveWS] Client connected: %s (%s) [%d total] 2d9b5f39 127.0.0.1 7"}
{"timestamp":"2026-07-28T08:50:13.549Z","level":"info","component":"LiveWS","message":"[LiveWS] Client connected: %s (%s) [%d total] 485e3086 127.0.0.1 8"}
{"timestamp":"2026-07-28T08:50:13.552Z","level":"info","component":"LiveWS","message":"[LiveWS] Client disconnected: %s [%d remaining] 485e3086 7"}
{"timestamp":"2026-07-28T08:50:13.866Z","level":"info","component":"LiveWS","message":"[LiveWS] Client connected: %s (%s) [%d total] 1843e6f8 127.0.0.1 8"}
{"timestamp":"2026-07-28T08:50:16.534Z","level":"info","component":"LiveWS","message":"[LiveWS] Client connected: %s (%s) [%d total] ac26e8d2 127.0.0.1 9"}
{"timestamp":"2026-07-28T08:50:16.536Z","level":"info","component":"LiveWS","message":"[LiveWS] Client disconnected: %s [%d remaining] ac26e8d2 8"}
{"timestamp":"2026-07-28T08:50:16.849Z","level":"info","component":"LiveWS","message":"[LiveWS] Client connected: %s (%s) [%d total] 13878b43 127.0.0.1 9"}
{"timestamp":"2026-07-28T08:50:19.537Z","level":"info","component":"LiveWS","message":"[LiveWS] Client connected: %s (%s) [%d total] 8bc3d3b5 127.0.0.1 10"}
{"timestamp":"2026-07-28T08:50:19.539Z","level":"info","component":"LiveWS","message":"[LiveWS] Client disconnected: %s [%d remaining] 8bc3d3b5 9"}
{"timestamp":"2026-07-28T08:50:19.741Z","level":"info","component":"LiveWS","message":"[LiveWS] Client disconnected: %s [%d remaining] c431bb0b 7"}
{"timestamp":"2026-07-28T08:50:19.743Z","level":"info","component":"LiveWS","message":"[LiveWS] Client disconnected: %s [%d remaining] 35bd5a72 7"}
{"timestamp":"2026-07-28T08:50:19.854Z","level":"info","component":"LiveWS","message":"[LiveWS] Client connected: %s (%s) [%d total] 3ea89bf0 127.0.0.1 8"}
{"timestamp":"2026-07-28T08:50:21.555Z","level":"info","component":"LiveWS","message":"[LiveWS] Client connected: %s (%s) [%d total] d4f0ad2d 127.0.0.1 9"}
{"timestamp":"2026-07-28T08:50:21.557Z","level":"info","component":"LiveWS","message":"[LiveWS] Client disconnected: %s [%d remaining] d4f0ad2d 8"}
{"timestamp":"2026-07-28T08:50:21.873Z","level":"info","component":"LiveWS","message":"[LiveWS] Client connected: %s (%s) [%d total] 592a6ba0 127.0.0.1 9"}
{"timestamp":"2026-07-28T08:50:22.542Z","level":"info","component":"LiveWS","message":"[LiveWS] Client connected: %s (%s) [%d total] f46b84e6 127.0.0.1 10"}
{"timestamp":"2026-07-28T08:50:22.544Z","level":"info","component":"LiveWS","message":"[LiveWS] Client disconnected: %s [%d remaining] f46b84e6 9"}
{"timestamp":"2026-07-28T08:50:22.860Z","level":"info","component":"LiveWS","message":"[LiveWS] Client connected: %s (%s) [%d total] 6caf79ca 127.0.0.1 10"}
{"timestamp":"2026-07-28T08:50:25.542Z","level":"info","component":"LiveWS","message":"[LiveWS] Client connected: %s (%s) [%d total] 67889e9f 127.0.0.1 11"}
{"timestamp":"2026-07-28T08:50:25.545Z","level":"info","component":"LiveWS","message":"[LiveWS] Client disconnected: %s [%d remaining] 67889e9f 10"}
{"timestamp":"2026-07-28T08:50:25.862Z","level":"info","component":"LiveWS","message":"[LiveWS] Client connected: %s (%s) [%d total] 9801d03b 127.0.0.1 11"}
{"timestamp":"2026-07-28T08:50:28.553Z","level":"info","component":"LiveWS","message":"[LiveWS] Client connected: %s (%s) [%d total] 6ea03644 127.0.0.1 12"}
{"timestamp":"2026-07-28T08:50:28.556Z","level":"info","component":"LiveWS","message":"[LiveWS] Client disconnected: %s [%d remaining] 6ea03644 11"}
{"timestamp":"2026-07-28T08:50:28.868Z","level":"info","component":"LiveWS","message":"[LiveWS] Client connected: %s (%s) [%d total] 8259259b 127.0.0.1 12"}
{"timestamp":"2026-07-28T08:50:31.541Z","level":"info","component":"LiveWS","message":"[LiveWS] Client connected: %s (%s) [%d total] bb6098ed 127.0.0.1 13"}
{"timestamp":"2026-07-28T08:50:31.543Z","level":"info","component":"LiveWS","message":"[LiveWS] Client disconnected: %s [%d remaining] bb6098ed 12"}
{"timestamp":"2026-07-28T08:50:31.859Z","level":"info","component":"LiveWS","message":"[LiveWS] Client connected: %s (%s) [%d total] 73208ee9 127.0.0.1 13"}
{"timestamp":"2026-07-28T08:50:34.547Z","level":"info","component":"LiveWS","message":"[LiveWS] Client connected: %s (%s) [%d total] ffd65a9f 127.0.0.1 14"}
{"timestamp":"2026-07-28T08:50:34.548Z","level":"info","component":"LiveWS","message":"[LiveWS] Client disconnected: %s [%d remaining] ffd65a9f 13"}
{"timestamp":"2026-07-28T08:50:34.751Z","level":"info","component":"LiveWS","message":"[LiveWS] Client disconnected: %s [%d remaining] 88b2f61e 11"}
{"timestamp":"2026-07-28T08:50:34.752Z","level":"info","component":"LiveWS","message":"[LiveWS] Client disconnected: %s [%d remaining] 30818561 11"}
{"timestamp":"2026-07-28T08:50:34.862Z","level":"info","component":"LiveWS","message":"[LiveWS] Client connected: %s (%s) [%d total] bbc825bc 127.0.0.1 12"}
{"timestamp":"2026-07-28T08:50:35.543Z","level":"info","component":"LiveWS","message":"[LiveWS] Client connected: %s (%s) [%d total] 1301d412 127.0.0.1 13"}
{"timestamp":"2026-07-28T08:50:35.545Z","level":"info","component":"LiveWS","message":"[LiveWS] Client disconnected: %s [%d remaining] 1301d412 12"}
{"timestamp":"2026-07-28T08:50:35.859Z","level":"info","component":"LiveWS","message":"[LiveWS] Client connected: %s (%s) [%d total] 5c019003 127.0.0.1 13"}
{"timestamp":"2026-07-28T08:50:37.554Z","level":"info","component":"LiveWS","message":"[LiveWS] Client connected: %s (%s) [%d total] 47310a64 127.0.0.1 14"}
{"timestamp":"2026-07-28T08:50:37.556Z","level":"info","component":"LiveWS","message":"[LiveWS] Client disconnected: %s [%d remaining] 47310a64 13"}
{"timestamp":"2026-07-28T08:50:37.869Z","level":"info","component":"LiveWS","message":"[LiveWS] Client connected: %s (%s) [%d total] f5ca6f8b 127.0.0.1 14"}
{"timestamp":"2026-07-28T08:50:40.545Z","level":"info","component":"LiveWS","message":"[LiveWS] Client connected: %s (%s) [%d total] e6cb05b4 127.0.0.1 15"}
{"timestamp":"2026-07-28T08:50:40.548Z","level":"info","component":"LiveWS","message":"[LiveWS] Client disconnected: %s [%d remaining] e6cb05b4 14"}
{"timestamp":"2026-07-28T08:50:40.861Z","level":"info","component":"LiveWS","message":"[LiveWS] Client connected: %s (%s) [%d total] ba942400 127.0.0.1 15"}
{"timestamp":"2026-07-28T08:50:43.547Z","level":"info","component":"LiveWS","message":"[LiveWS] Client connected: %s (%s) [%d total] 0e5e221c 127.0.0.1 16"}
{"timestamp":"2026-07-28T08:50:43.549Z","level":"info","component":"LiveWS","message":"[LiveWS] Client disconnected: %s [%d remaining] 0e5e221c 15"}
{"timestamp":"2026-07-28T08:50:43.863Z","level":"info","component":"LiveWS","message":"[LiveWS] Client connected: %s (%s) [%d total] 2262d616 127.0.0.1 16"}
{"timestamp":"2026-07-28T08:50:46.548Z","level":"info","component":"LiveWS","message":"[LiveWS] Client connected: %s (%s) [%d total] 10e81a4d 127.0.0.1 17"}
{"timestamp":"2026-07-28T08:50:46.551Z","level":"info","component":"LiveWS","message":"[LiveWS] Client disconnected: %s [%d remaining] 10e81a4d 16"}
{"timestamp":"2026-07-28T08:50:46.864Z","level":"info","component":"LiveWS","message":"[LiveWS] Client connected: %s (%s) [%d total] 61a55c74 127.0.0.1 17"}
{"timestamp":"2026-07-28T08:50:49.556Z","level":"info","component":"LiveWS","message":"[LiveWS] Client connected: %s (%s) [%d total] d6484c7d 127.0.0.1 18"}
{"timestamp":"2026-07-28T08:50:49.558Z","level":"info","component":"LiveWS","message":"[LiveWS] Client disconnected: %s [%d remaining] d6484c7d 17"}
{"timestamp":"2026-07-28T08:50:49.761Z","level":"info","component":"LiveWS","message":"[LiveWS] Client disconnected: %s [%d remaining] 1843e6f8 13"}
{"timestamp":"2026-07-28T08:50:49.763Z","level":"info","component":"LiveWS","message":"[LiveWS] Client disconnected: %s [%d remaining] 2d9b5f39 13"}
{"timestamp":"2026-07-28T08:50:49.765Z","level":"info","component":"LiveWS","message":"[LiveWS] Client disconnected: %s [%d remaining] a40e272c 13"}
{"timestamp":"2026-07-28T08:50:49.767Z","level":"info","component":"LiveWS","message":"[LiveWS] Client disconnected: %s [%d remaining] 6b81393d 13"}
{"timestamp":"2026-07-28T08:50:49.872Z","level":"info","component":"LiveWS","message":"[LiveWS] Client connected: %s (%s) [%d total] 4e449aaf 127.0.0.1 14"}
{"timestamp":"2026-07-28T08:50:50.552Z","level":"info","component":"LiveWS","message":"[LiveWS] Client connected: %s (%s) [%d total] c4f18b7f 127.0.0.1 15"}
{"timestamp":"2026-07-28T08:50:50.555Z","level":"info","component":"LiveWS","message":"[LiveWS] Client disconnected: %s [%d remaining] c4f18b7f 14"}
{"timestamp":"2026-07-28T08:50:50.868Z","level":"info","component":"LiveWS","message":"[LiveWS] Client connected: %s (%s) [%d total] a5b477b1 127.0.0.1 15"}
{"timestamp":"2026-07-28T08:50:51.548Z","level":"info","component":"LiveWS","message":"[LiveWS] Client connected: %s (%s) [%d total] 41c9c024 127.0.0.1 16"}
{"timestamp":"2026-07-28T08:50:51.550Z","level":"info","component":"LiveWS","message":"[LiveWS] Client disconnected: %s [%d remaining] 41c9c024 15"}
{"timestamp":"2026-07-28T08:50:51.864Z","level":"info","component":"LiveWS","message":"[LiveWS] Client connected: %s (%s) [%d total] ffc08f71 127.0.0.1 16"}
{"timestamp":"2026-07-28T08:50:52.544Z","level":"info","component":"LiveWS","message":"[LiveWS] Client connected: %s (%s) [%d total] d6c9e90b 127.0.0.1 17"}
{"timestamp":"2026-07-28T08:50:52.546Z","level":"info","component":"LiveWS","message":"[LiveWS] Client disconnected: %s [%d remaining] d6c9e90b 16"}
{"timestamp":"2026-07-28T08:50:52.860Z","level":"info","component":"LiveWS","message":"[LiveWS] Client connected: %s (%s) [%d total] 74709fd2 127.0.0.1 17"}
{"timestamp":"2026-07-28T08:50:55.549Z","level":"info","component":"LiveWS","message":"[LiveWS] Client connected: %s (%s) [%d total] e2516fb3 127.0.0.1 18"}
{"timestamp":"2026-07-28T08:50:55.552Z","level":"info","component":"LiveWS","message":"[LiveWS] Client disconnected: %s [%d remaining] e2516fb3 17"}
{"timestamp":"2026-07-28T08:50:55.868Z","level":"info","component":"LiveWS","message":"[LiveWS] Client connected: %s (%s) [%d total] 7262f29b 127.0.0.1 18"}
{"timestamp":"2026-07-28T08:50:58.548Z","level":"info","component":"LiveWS","message":"[LiveWS] Client connected: %s (%s) [%d total] ce0298ec 127.0.0.1 19"}
{"timestamp":"2026-07-28T08:50:58.551Z","level":"info","component":"LiveWS","message":"[LiveWS] Client disconnected: %s [%d remaining] ce0298ec 18"}
{"timestamp":"2026-07-28T08:50:58.864Z","level":"info","component":"LiveWS","message":"[LiveWS] Client connected: %s (%s) [%d total] eefa6ca4 127.0.0.1 19"}
{"timestamp":"2026-07-28T08:51:01.556Z","level":"info","component":"LiveWS","message":"[LiveWS] Client connected: %s (%s) [%d total] ad20c378 127.0.0.1 20"}
{"timestamp":"2026-07-28T08:51:01.559Z","level":"info","component":"LiveWS","message":"[LiveWS] Client disconnected: %s [%d remaining] ad20c378 19"}
{"timestamp":"2026-07-28T08:51:01.873Z","level":"info","component":"LiveWS","message":"[LiveWS] Client connected: %s (%s) [%d total] a407e182 127.0.0.1 20"}
{"timestamp":"2026-07-28T08:51:04.551Z","level":"info","component":"LiveWS","message":"[LiveWS] Client connected: %s (%s) [%d total] fa7461c1 127.0.0.1 21"}
{"timestamp":"2026-07-28T08:51:04.553Z","level":"info","component":"LiveWS","message":"[LiveWS] Client disconnected: %s [%d remaining] fa7461c1 20"}
{"timestamp":"2026-07-28T08:51:04.772Z","level":"info","component":"LiveWS","message":"[LiveWS] Client disconnected: %s [%d remaining] 8259259b 14"}
{"timestamp":"2026-07-28T08:51:04.774Z","level":"info","component":"LiveWS","message":"[LiveWS] Client disconnected: %s [%d remaining] 9801d03b 14"}
{"timestamp":"2026-07-28T08:51:04.775Z","level":"info","component":"LiveWS","message":"[LiveWS] Client disconnected: %s [%d remaining] 6caf79ca 14"}
{"timestamp":"2026-07-28T08:51:04.776Z","level":"info","component":"LiveWS","message":"[LiveWS] Client disconnected: %s [%d remaining] 592a6ba0 14"}
{"timestamp":"2026-07-28T08:51:04.777Z","level":"info","component":"LiveWS","message":"[LiveWS] Client disconnected: %s [%d remaining] 3ea89bf0 14"}
{"timestamp":"2026-07-28T08:51:04.779Z","level":"info","component":"LiveWS","message":"[LiveWS] Client disconnected: %s [%d remaining] 13878b43 14"}
{"timestamp":"2026-07-28T08:51:04.867Z","level":"info","component":"LiveWS","message":"[LiveWS] Client connected: %s (%s) [%d total] 8eb3c1cf 127.0.0.1 15"}
{"timestamp":"2026-07-28T08:51:05.549Z","level":"info","component":"LiveWS","message":"[LiveWS] Client connected: %s (%s) [%d total] e171ecaf 127.0.0.1 16"}
{"timestamp":"2026-07-28T08:51:05.551Z","level":"info","component":"LiveWS","message":"[LiveWS] Client disconnected: %s [%d remaining] e171ecaf 15"}
{"timestamp":"2026-07-28T08:51:05.864Z","level":"info","component":"LiveWS","message":"[LiveWS] Client connected: %s (%s) [%d total] be4d0322 127.0.0.1 16"}
{"timestamp":"2026-07-28T08:51:06.546Z","level":"info","component":"LiveWS","message":"[LiveWS] Client connected: %s (%s) [%d total] 6e0b62f8 127.0.0.1 17"}
{"timestamp":"2026-07-28T08:51:06.549Z","level":"info","component":"LiveWS","message":"[LiveWS] Client disconnected: %s [%d remaining] 6e0b62f8 16"}
{"timestamp":"2026-07-28T08:51:06.864Z","level":"info","component":"LiveWS","message":"[LiveWS] Client connected: %s (%s) [%d total] 2b8aeab5 127.0.0.1 17"}
{"timestamp":"2026-07-28T08:51:07.544Z","level":"info","component":"LiveWS","message":"[LiveWS] Client connected: %s (%s) [%d total] 40b7f8ae 127.0.0.1 18"}
{"timestamp":"2026-07-28T08:51:07.546Z","level":"info","component":"LiveWS","message":"[LiveWS] Client disconnected: %s [%d remaining] 40b7f8ae 17"}
{"timestamp":"2026-07-28T08:51:07.860Z","level":"info","component":"LiveWS","message":"[LiveWS] Client connected: %s (%s) [%d total] a99e6941 127.0.0.1 18"}
{"timestamp":"2026-07-28T08:51:10.548Z","level":"info","component":"LiveWS","message":"[LiveWS] Client connected: %s (%s) [%d total] 7eff16af 127.0.0.1 19"}
{"timestamp":"2026-07-28T08:51:10.551Z","level":"info","component":"LiveWS","message":"[LiveWS] Client disconnected: %s [%d remaining] 7eff16af 18"}
{"timestamp":"2026-07-28T08:51:10.864Z","level":"info","component":"LiveWS","message":"[LiveWS] Client connected: %s (%s) [%d total] 8e1aead0 127.0.0.1 19"}
{"timestamp":"2026-07-28T08:51:13.552Z","level":"info","component":"LiveWS","message":"[LiveWS] Client connected: %s (%s) [%d total] 92bc9e7c 127.0.0.1 20"}
{"timestamp":"2026-07-28T08:51:13.554Z","level":"info","component":"LiveWS","message":"[LiveWS] Client disconnected: %s [%d remaining] 92bc9e7c 19"}
{"timestamp":"2026-07-28T08:51:13.869Z","level":"info","component":"LiveWS","message":"[LiveWS] Client connected: %s (%s) [%d total] 3722a9fa 127.0.0.1 20"}
{"timestamp":"2026-07-28T08:51:16.544Z","level":"info","component":"LiveWS","message":"[LiveWS] Client connected: %s (%s) [%d total] b87126e3 127.0.0.1 21"}
{"timestamp":"2026-07-28T08:51:16.547Z","level":"info","component":"LiveWS","message":"[LiveWS] Client disconnected: %s [%d remaining] b87126e3 20"}
{"timestamp":"2026-07-28T08:51:16.860Z","level":"info","component":"LiveWS","message":"[LiveWS] Client connected: %s (%s) [%d total] df85d6b7 127.0.0.1 21"}
{"timestamp":"2026-07-28T08:51:19.555Z","level":"info","component":"LiveWS","message":"[LiveWS] Client connected: %s (%s) [%d total] 7eb7589a 127.0.0.1 22"}
{"timestamp":"2026-07-28T08:51:19.558Z","level":"info","component":"LiveWS","message":"[LiveWS] Client disconnected: %s [%d remaining] 7eb7589a 21"}
{"timestamp":"2026-07-28T08:51:19.778Z","level":"info","component":"LiveWS","message":"[LiveWS] Client disconnected: %s [%d remaining] 2262d616 15"}
{"timestamp":"2026-07-28T08:51:19.780Z","level":"info","component":"LiveWS","message":"[LiveWS] Client disconnected: %s [%d remaining] ba942400 15"}
{"timestamp":"2026-07-28T08:51:19.781Z","level":"info","component":"LiveWS","message":"[LiveWS] Client disconnected: %s [%d remaining] f5ca6f8b 15"}
{"timestamp":"2026-07-28T08:51:19.782Z","level":"info","component":"LiveWS","message":"[LiveWS] Client disconnected: %s [%d remaining] 5c019003 15"}
{"timestamp":"2026-07-28T08:51:19.783Z","level":"info","component":"LiveWS","message":"[LiveWS] Client disconnected: %s [%d remaining] bbc825bc 15"}
{"timestamp":"2026-07-28T08:51:19.784Z","level":"info","component":"LiveWS","message":"[LiveWS] Client disconnected: %s [%d remaining] 73208ee9 15"}
{"timestamp":"2026-07-28T08:51:19.873Z","level":"info","component":"LiveWS","message":"[LiveWS] Client connected: %s (%s) [%d total] 120c267a 127.0.0.1 16"}
{"timestamp":"2026-07-28T08:51:21.550Z","level":"info","component":"LiveWS","message":"[LiveWS] Client connected: %s (%s) [%d total] 5a616d5c 127.0.0.1 17"}
{"timestamp":"2026-07-28T08:51:21.867Z","level":"info","component":"LiveWS","message":"[LiveWS] Client connected: %s (%s) [%d total] 344c28d1 127.0.0.1 18"}
{"timestamp":"2026-07-28T08:51:22.230Z","level":"info","component":"LiveWS","message":"[LiveWS] Client disconnected: %s [%d remaining] 344c28d1 17"}
{"timestamp":"2026-07-28T08:51:22.547Z","level":"info","component":"LiveWS","message":"[LiveWS] Client connected: %s (%s) [%d total] 777a08f3 127.0.0.1 18"}
{"timestamp":"2026-07-28T08:51:22.862Z","level":"info","component":"LiveWS","message":"[LiveWS] Client connected: %s (%s) [%d total] 087a5341 127.0.0.1 19"}
{"timestamp":"2026-07-28T08:51:34.787Z","level":"info","component":"LiveWS","message":"[LiveWS] Client disconnected: %s [%d remaining] eefa6ca4 12"}
{"timestamp":"2026-07-28T08:51:34.788Z","level":"info","component":"LiveWS","message":"[LiveWS] Client disconnected: %s [%d remaining] 7262f29b 12"}
{"timestamp":"2026-07-28T08:51:34.789Z","level":"info","component":"LiveWS","message":"[LiveWS] Client disconnected: %s [%d remaining] 74709fd2 12"}
{"timestamp":"2026-07-28T08:51:34.790Z","level":"info","component":"LiveWS","message":"[LiveWS] Client disconnected: %s [%d remaining] ffc08f71 12"}
{"timestamp":"2026-07-28T08:51:34.790Z","level":"info","component":"LiveWS","message":"[LiveWS] Client disconnected: %s [%d remaining] a5b477b1 12"}
{"timestamp":"2026-07-28T08:51:34.791Z","level":"info","component":"LiveWS","message":"[LiveWS] Client disconnected: %s [%d remaining] 4e449aaf 12"}
{"timestamp":"2026-07-28T08:51:34.792Z","level":"info","component":"LiveWS","message":"[LiveWS] Client disconnected: %s [%d remaining] 61a55c74 12"}
{"timestamp":"2026-07-28T08:51:36.536Z","level":"info","component":"LiveWS","message":"[LiveWS] Client connected: %s (%s) [%d total] 7d53821e 127.0.0.1 13"}
{"timestamp":"2026-07-28T08:51:36.847Z","level":"info","component":"LiveWS","message":"[LiveWS] Client connected: %s (%s) [%d total] c59d6ae9 127.0.0.1 14"}
{"timestamp":"2026-07-28T08:51:49.794Z","level":"info","component":"LiveWS","message":"[LiveWS] Client disconnected: %s [%d remaining] 3722a9fa 7"}
{"timestamp":"2026-07-28T08:51:49.795Z","level":"info","component":"LiveWS","message":"[LiveWS] Client disconnected: %s [%d remaining] 8e1aead0 7"}
{"timestamp":"2026-07-28T08:51:49.797Z","level":"info","component":"LiveWS","message":"[LiveWS] Client disconnected: %s [%d remaining] a99e6941 7"}
{"timestamp":"2026-07-28T08:51:49.798Z","level":"info","component":"LiveWS","message":"[LiveWS] Client disconnected: %s [%d remaining] 2b8aeab5 7"}
{"timestamp":"2026-07-28T08:51:49.799Z","level":"info","component":"LiveWS","message":"[LiveWS] Client disconnected: %s [%d remaining] be4d0322 7"}
{"timestamp":"2026-07-28T08:51:49.801Z","level":"info","component":"LiveWS","message":"[LiveWS] Client disconnected: %s [%d remaining] 8eb3c1cf 7"}
{"timestamp":"2026-07-28T08:51:49.802Z","level":"info","component":"LiveWS","message":"[LiveWS] Client disconnected: %s [%d remaining] a407e182 7"}
{"timestamp":"2026-07-28T08:51:51.551Z","level":"info","component":"LiveWS","message":"[LiveWS] Client connected: %s (%s) [%d total] c0ef0ff3 127.0.0.1 8"}
{"timestamp":"2026-07-28T08:51:51.868Z","level":"info","component":"LiveWS","message":"[LiveWS] Client connected: %s (%s) [%d total] 4b6a28d2 127.0.0.1 9"}
{"timestamp":"2026-07-28T08:52:04.807Z","level":"info","component":"LiveWS","message":"[LiveWS] Client disconnected: %s [%d remaining] 087a5341 4"}
{"timestamp":"2026-07-28T08:52:04.809Z","level":"info","component":"LiveWS","message":"[LiveWS] Client disconnected: %s [%d remaining] 777a08f3 4"}
{"timestamp":"2026-07-28T08:52:04.811Z","level":"info","component":"LiveWS","message":"[LiveWS] Client disconnected: %s [%d remaining] 5a616d5c 4"}
{"timestamp":"2026-07-28T08:52:04.812Z","level":"info","component":"LiveWS","message":"[LiveWS] Client disconnected: %s [%d remaining] 120c267a 4"}
{"timestamp":"2026-07-28T08:52:04.814Z","level":"info","component":"LiveWS","message":"[LiveWS] Client disconnected: %s [%d remaining] df85d6b7 4"}
{"timestamp":"2026-07-28T08:52:06.551Z","level":"info","component":"LiveWS","message":"[LiveWS] Client connected: %s (%s) [%d total] 6d879041 127.0.0.1 5"}
{"timestamp":"2026-07-28T08:52:06.553Z","level":"info","component":"LiveWS","message":"[LiveWS] Client disconnected: %s [%d remaining] 6d879041 4"}
{"timestamp":"2026-07-28T08:52:06.868Z","level":"info","component":"LiveWS","message":"[LiveWS] Client connected: %s (%s) [%d total] 56abfc87 127.0.0.1 5"}
{"timestamp":"2026-07-28T08:52:07.548Z","level":"info","component":"LiveWS","message":"[LiveWS] Client connected: %s (%s) [%d total] d4345d36 127.0.0.1 6"}
{"timestamp":"2026-07-28T08:52:07.551Z","level":"info","component":"LiveWS","message":"[LiveWS] Client disconnected: %s [%d remaining] d4345d36 5"}
{"timestamp":"2026-07-28T08:52:07.864Z","level":"info","component":"LiveWS","message":"[LiveWS] Client connected: %s (%s) [%d total] 903ef996 127.0.0.1 6"}
{"timestamp":"2026-07-28T08:52:10.554Z","level":"info","component":"LiveWS","message":"[LiveWS] Client connected: %s (%s) [%d total] 4791e11f 127.0.0.1 7"}
{"timestamp":"2026-07-28T08:52:10.558Z","level":"info","component":"LiveWS","message":"[LiveWS] Client disconnected: %s [%d remaining] 4791e11f 6"}
{"timestamp":"2026-07-28T08:52:10.871Z","level":"info","component":"LiveWS","message":"[LiveWS] Client connected: %s (%s) [%d total] f39fbb17 127.0.0.1 7"}
{"timestamp":"2026-07-28T08:52:13.544Z","level":"info","component":"LiveWS","message":"[LiveWS] Client connected: %s (%s) [%d total] 8077ca3a 127.0.0.1 8"}
{"timestamp":"2026-07-28T08:52:13.548Z","level":"info","component":"LiveWS","message":"[LiveWS] Client disconnected: %s [%d remaining] 8077ca3a 7"}
{"timestamp":"2026-07-28T08:52:13.862Z","level":"info","component":"LiveWS","message":"[LiveWS] Client connected: %s (%s) [%d total] 617e14eb 127.0.0.1 8"}
{"timestamp":"2026-07-28T08:52:16.545Z","level":"info","component":"LiveWS","message":"[LiveWS] Client connected: %s (%s) [%d total] 8d82456d 127.0.0.1 9"}
{"timestamp":"2026-07-28T08:52:16.547Z","level":"info","component":"LiveWS","message":"[LiveWS] Client disconnected: %s [%d remaining] 8d82456d 8"}
{"timestamp":"2026-07-28T08:52:16.860Z","level":"info","component":"LiveWS","message":"[LiveWS] Client connected: %s (%s) [%d total] f9240066 127.0.0.1 9"}
{"timestamp":"2026-07-28T08:52:19.544Z","level":"info","component":"LiveWS","message":"[LiveWS] Client connected: %s (%s) [%d total] bf932ca7 127.0.0.1 10"}
{"timestamp":"2026-07-28T08:52:19.547Z","level":"info","component":"LiveWS","message":"[LiveWS] Client disconnected: %s [%d remaining] bf932ca7 9"}
{"timestamp":"2026-07-28T08:52:19.811Z","level":"info","component":"LiveWS","message":"[LiveWS] Client disconnected: %s [%d remaining] c59d6ae9 7"}
{"timestamp":"2026-07-28T08:52:19.813Z","level":"info","component":"LiveWS","message":"[LiveWS] Client disconnected: %s [%d remaining] 7d53821e 7"}
{"timestamp":"2026-07-28T08:52:19.860Z","level":"info","component":"LiveWS","message":"[LiveWS] Client connected: %s (%s) [%d total] 78cea1a5 127.0.0.1 8"}
{"timestamp":"2026-07-28T08:52:21.551Z","level":"info","component":"LiveWS","message":"[LiveWS] Client connected: %s (%s) [%d total] c73aac6b 127.0.0.1 9"}
{"timestamp":"2026-07-28T08:52:21.553Z","level":"info","component":"LiveWS","message":"[LiveWS] Client disconnected: %s [%d remaining] c73aac6b 8"}
{"timestamp":"2026-07-28T08:52:21.868Z","level":"info","component":"LiveWS","message":"[LiveWS] Client connected: %s (%s) [%d total] e9431ec4 127.0.0.1 9"}
{"timestamp":"2026-07-28T08:52:22.546Z","level":"info","component":"LiveWS","message":"[LiveWS] Client connected: %s (%s) [%d total] 6616032e 127.0.0.1 10"}
{"timestamp":"2026-07-28T08:52:22.549Z","level":"info","component":"LiveWS","message":"[LiveWS] Client disconnected: %s [%d remaining] 6616032e 9"}
{"timestamp":"2026-07-28T08:52:22.863Z","level":"info","component":"LiveWS","message":"[LiveWS] Client connected: %s (%s) [%d total] fc3c920c 127.0.0.1 10"}
{"timestamp":"2026-07-28T08:52:25.547Z","level":"info","component":"LiveWS","message":"[LiveWS] Client connected: %s (%s) [%d total] ee26519d 127.0.0.1 11"}
{"timestamp":"2026-07-28T08:52:25.549Z","level":"info","component":"LiveWS","message":"[LiveWS] Client disconnected: %s [%d remaining] ee26519d 10"}
{"timestamp":"2026-07-28T08:52:25.861Z","level":"info","component":"LiveWS","message":"[LiveWS] Client connected: %s (%s) [%d total] f314d7d4 127.0.0.1 11"}
{"timestamp":"2026-07-28T08:52:28.545Z","level":"info","component":"LiveWS","message":"[LiveWS] Client connected: %s (%s) [%d total] dbbb550d 127.0.0.1 12"}
{"timestamp":"2026-07-28T08:52:28.547Z","level":"info","component":"LiveWS","message":"[LiveWS] Client disconnected: %s [%d remaining] dbbb550d 11"}
{"timestamp":"2026-07-28T08:52:28.860Z","level":"info","component":"LiveWS","message":"[LiveWS] Client connected: %s (%s) [%d total] 0f1f7079 127.0.0.1 12"}
{"timestamp":"2026-07-28T08:52:31.554Z","level":"info","component":"LiveWS","message":"[LiveWS] Client connected: %s (%s) [%d total] 0585079e 127.0.0.1 13"}
{"timestamp":"2026-07-28T08:52:31.556Z","level":"info","component":"LiveWS","message":"[LiveWS] Client disconnected: %s [%d remaining] 0585079e 12"}
{"timestamp":"2026-07-28T08:52:31.870Z","level":"info","component":"LiveWS","message":"[LiveWS] Client connected: %s (%s) [%d total] 89cff0d8 127.0.0.1 13"}
{"timestamp":"2026-07-28T08:52:34.544Z","level":"info","component":"LiveWS","message":"[LiveWS] Client connected: %s (%s) [%d total] 792d06db 127.0.0.1 14"}
{"timestamp":"2026-07-28T08:52:34.547Z","level":"info","component":"LiveWS","message":"[LiveWS] Client disconnected: %s [%d remaining] 792d06db 13"}
{"timestamp":"2026-07-28T08:52:34.812Z","level":"info","component":"LiveWS","message":"[LiveWS] Client disconnected: %s [%d remaining] 4b6a28d2 11"}
{"timestamp":"2026-07-28T08:52:34.813Z","level":"info","component":"LiveWS","message":"[LiveWS] Client disconnected: %s [%d remaining] c0ef0ff3 11"}
{"timestamp":"2026-07-28T08:52:34.860Z","level":"info","component":"LiveWS","message":"[LiveWS] Client connected: %s (%s) [%d total] a5f826e5 127.0.0.1 12"}
{"timestamp":"2026-07-28T08:52:35.555Z","level":"info","component":"LiveWS","message":"[LiveWS] Client connected: %s (%s) [%d total] 1b9be25c 127.0.0.1 13"}
{"timestamp":"2026-07-28T08:52:35.558Z","level":"info","component":"LiveWS","message":"[LiveWS] Client disconnected: %s [%d remaining] 1b9be25c 12"}
{"timestamp":"2026-07-28T08:52:35.870Z","level":"info","component":"LiveWS","message":"[LiveWS] Client connected: %s (%s) [%d total] a9690b71 127.0.0.1 13"}
{"timestamp":"2026-07-28T08:52:37.543Z","level":"info","component":"LiveWS","message":"[LiveWS] Client connected: %s (%s) [%d total] ef2c44e9 127.0.0.1 14"}
{"timestamp":"2026-07-28T08:52:37.546Z","level":"info","component":"LiveWS","message":"[LiveWS] Client disconnected: %s [%d remaining] ef2c44e9 13"}
{"timestamp":"2026-07-28T08:52:37.859Z","level":"info","component":"LiveWS","message":"[LiveWS] Client connected: %s (%s) [%d total] 77883b50 127.0.0.1 14"}
{"timestamp":"2026-07-28T08:52:40.539Z","level":"info","component":"LiveWS","message":"[LiveWS] Client connected: %s (%s) [%d total] 5bc7c825 127.0.0.1 15"}
{"timestamp":"2026-07-28T08:52:40.542Z","level":"info","component":"LiveWS","message":"[LiveWS] Client disconnected: %s [%d remaining] 5bc7c825 14"}
{"timestamp":"2026-07-28T08:52:40.857Z","level":"info","component":"LiveWS","message":"[LiveWS] Client connected: %s (%s) [%d total] d2e49e7e 127.0.0.1 15"}
{"timestamp":"2026-07-28T08:52:43.555Z","level":"info","component":"LiveWS","message":"[LiveWS] Client connected: %s (%s) [%d total] 37167105 127.0.0.1 16"}
{"timestamp":"2026-07-28T08:52:43.559Z","level":"info","component":"LiveWS","message":"[LiveWS] Client disconnected: %s [%d remaining] 37167105 15"}
{"timestamp":"2026-07-28T08:52:43.870Z","level":"info","component":"LiveWS","message":"[LiveWS] Client connected: %s (%s) [%d total] f2df573c 127.0.0.1 16"}
{"timestamp":"2026-07-28T08:52:46.540Z","level":"info","component":"LiveWS","message":"[LiveWS] Client connected: %s (%s) [%d total] 7c75ab59 127.0.0.1 17"}
{"timestamp":"2026-07-28T08:52:46.543Z","level":"info","component":"LiveWS","message":"[LiveWS] Client disconnected: %s [%d remaining] 7c75ab59 16"}
{"timestamp":"2026-07-28T08:52:46.856Z","level":"info","component":"LiveWS","message":"[LiveWS] Client connected: %s (%s) [%d total] 83b4c2d6 127.0.0.1 17"}
{"timestamp":"2026-07-28T08:52:49.546Z","level":"info","component":"LiveWS","message":"[LiveWS] Client connected: %s (%s) [%d total] b5aebeb6 127.0.0.1 18"}
{"timestamp":"2026-07-28T08:52:49.549Z","level":"info","component":"LiveWS","message":"[LiveWS] Client disconnected: %s [%d remaining] b5aebeb6 17"}
{"timestamp":"2026-07-28T08:52:49.814Z","level":"info","component":"LiveWS","message":"[LiveWS] Client disconnected: %s [%d remaining] 617e14eb 13"}
{"timestamp":"2026-07-28T08:52:49.816Z","level":"info","component":"LiveWS","message":"[LiveWS] Client disconnected: %s [%d remaining] f39fbb17 13"}
{"timestamp":"2026-07-28T08:52:49.818Z","level":"info","component":"LiveWS","message":"[LiveWS] Client disconnected: %s [%d remaining] 903ef996 13"}
{"timestamp":"2026-07-28T08:52:49.819Z","level":"info","component":"LiveWS","message":"[LiveWS] Client disconnected: %s [%d remaining] 56abfc87 13"}
{"timestamp":"2026-07-28T08:52:49.863Z","level":"info","component":"LiveWS","message":"[LiveWS] Client connected: %s (%s) [%d total] 0effdd89 127.0.0.1 14"}
{"timestamp":"2026-07-28T08:52:50.541Z","level":"info","component":"LiveWS","message":"[LiveWS] Client connected: %s (%s) [%d total] ae3ef8c9 127.0.0.1 15"}
{"timestamp":"2026-07-28T08:52:50.545Z","level":"info","component":"LiveWS","message":"[LiveWS] Client disconnected: %s [%d remaining] ae3ef8c9 14"}
{"timestamp":"2026-07-28T08:52:50.857Z","level":"info","component":"LiveWS","message":"[LiveWS] Client connected: %s (%s) [%d total] ecef3eea 127.0.0.1 15"}
{"timestamp":"2026-07-28T08:52:51.550Z","level":"info","component":"LiveWS","message":"[LiveWS] Client connected: %s (%s) [%d total] 01cc746b 127.0.0.1 16"}
{"timestamp":"2026-07-28T08:52:51.552Z","level":"info","component":"LiveWS","message":"[LiveWS] Client disconnected: %s [%d remaining] 01cc746b 15"}
{"timestamp":"2026-07-28T08:52:51.867Z","level":"info","component":"LiveWS","message":"[LiveWS] Client connected: %s (%s) [%d total] 3b736f0d 127.0.0.1 16"}
{"timestamp":"2026-07-28T08:52:52.545Z","level":"info","component":"LiveWS","message":"[LiveWS] Client connected: %s (%s) [%d total] a01a88d9 127.0.0.1 17"}
{"timestamp":"2026-07-28T08:52:52.547Z","level":"info","component":"LiveWS","message":"[LiveWS] Client disconnected: %s [%d remaining] a01a88d9 16"}
{"timestamp":"2026-07-28T08:52:52.862Z","level":"info","component":"LiveWS","message":"[LiveWS] Client connected: %s (%s) [%d total] b06f3a6b 127.0.0.1 17"}
{"timestamp":"2026-07-28T08:52:55.542Z","level":"info","component":"LiveWS","message":"[LiveWS] Client connected: %s (%s) [%d total] ec493369 127.0.0.1 18"}
{"timestamp":"2026-07-28T08:52:55.545Z","level":"info","component":"LiveWS","message":"[LiveWS] Client disconnected: %s [%d remaining] ec493369 17"}
{"timestamp":"2026-07-28T08:52:55.857Z","level":"info","component":"LiveWS","message":"[LiveWS] Client connected: %s (%s) [%d total] 396b65f6 127.0.0.1 18"}
{"timestamp":"2026-07-28T08:52:58.547Z","level":"info","component":"LiveWS","message":"[LiveWS] Client connected: %s (%s) [%d total] 8719a4dc 127.0.0.1 19"}
{"timestamp":"2026-07-28T08:52:58.549Z","level":"info","component":"LiveWS","message":"[LiveWS] Client disconnected: %s [%d remaining] 8719a4dc 18"}
{"timestamp":"2026-07-28T08:52:58.862Z","level":"info","component":"LiveWS","message":"[LiveWS] Client connected: %s (%s) [%d total] 0298c0eb 127.0.0.1 19"}
{"timestamp":"2026-07-28T08:53:01.547Z","level":"info","component":"LiveWS","message":"[LiveWS] Client connected: %s (%s) [%d total] 4854aecc 127.0.0.1 20"}
{"timestamp":"2026-07-28T08:53:01.550Z","level":"info","component":"LiveWS","message":"[LiveWS] Client disconnected: %s [%d remaining] 4854aecc 19"}
{"timestamp":"2026-07-28T08:53:01.863Z","level":"info","component":"LiveWS","message":"[LiveWS] Client connected: %s (%s) [%d total] effb8ff4 127.0.0.1 20"}
{"timestamp":"2026-07-28T08:53:04.547Z","level":"info","component":"LiveWS","message":"[LiveWS] Client connected: %s (%s) [%d total] 43770f7b 127.0.0.1 21"}
{"timestamp":"2026-07-28T08:53:04.550Z","level":"info","component":"LiveWS","message":"[LiveWS] Client disconnected: %s [%d remaining] 43770f7b 20"}
{"timestamp":"2026-07-28T08:53:04.815Z","level":"info","component":"LiveWS","message":"[LiveWS] Client disconnected: %s [%d remaining] 0f1f7079 14"}
{"timestamp":"2026-07-28T08:53:04.817Z","level":"info","component":"LiveWS","message":"[LiveWS] Client disconnected: %s [%d remaining] f314d7d4 14"}
{"timestamp":"2026-07-28T08:53:04.818Z","level":"info","component":"LiveWS","message":"[LiveWS] Client disconnected: %s [%d remaining] fc3c920c 14"}
{"timestamp":"2026-07-28T08:53:04.819Z","level":"info","component":"LiveWS","message":"[LiveWS] Client disconnected: %s [%d remaining] e9431ec4 14"}
{"timestamp":"2026-07-28T08:53:04.820Z","level":"info","component":"LiveWS","message":"[LiveWS] Client disconnected: %s [%d remaining] 78cea1a5 14"}
{"timestamp":"2026-07-28T08:53:04.821Z","level":"info","component":"LiveWS","message":"[LiveWS] Client disconnected: %s [%d remaining] f9240066 14"}
{"timestamp":"2026-07-28T08:53:04.863Z","level":"info","component":"LiveWS","message":"[LiveWS] Client connected: %s (%s) [%d total] 5a63472b 127.0.0.1 15"}
{"timestamp":"2026-07-28T08:53:05.545Z","level":"info","component":"LiveWS","message":"[LiveWS] Client connected: %s (%s) [%d total] a5d3c032 127.0.0.1 16"}
{"timestamp":"2026-07-28T08:53:05.547Z","level":"info","component":"LiveWS","message":"[LiveWS] Client disconnected: %s [%d remaining] a5d3c032 15"}
{"timestamp":"2026-07-28T08:53:05.861Z","level":"info","component":"LiveWS","message":"[LiveWS] Client connected: %s (%s) [%d total] c8afd03c 127.0.0.1 16"}
{"timestamp":"2026-07-28T08:53:06.542Z","level":"info","component":"LiveWS","message":"[LiveWS] Client connected: %s (%s) [%d total] f4be241e 127.0.0.1 17"}
{"timestamp":"2026-07-28T08:53:06.544Z","level":"info","component":"LiveWS","message":"[LiveWS] Client disconnected: %s [%d remaining] f4be241e 16"}
{"timestamp":"2026-07-28T08:53:06.857Z","level":"info","component":"LiveWS","message":"[LiveWS] Client connected: %s (%s) [%d total] 99072f48 127.0.0.1 17"}
{"timestamp":"2026-07-28T08:53:07.551Z","level":"info","component":"LiveWS","message":"[LiveWS] Client connected: %s (%s) [%d total] f51c9c1f 127.0.0.1 18"}
{"timestamp":"2026-07-28T08:53:07.554Z","level":"info","component":"LiveWS","message":"[LiveWS] Client disconnected: %s [%d remaining] f51c9c1f 17"}
{"timestamp":"2026-07-28T08:53:07.867Z","level":"info","component":"LiveWS","message":"[LiveWS] Client connected: %s (%s) [%d total] 32de8080 127.0.0.1 18"}
{"timestamp":"2026-07-28T08:53:10.542Z","level":"info","component":"LiveWS","message":"[LiveWS] Client connected: %s (%s) [%d total] eccacb80 127.0.0.1 19"}
{"timestamp":"2026-07-28T08:53:10.546Z","level":"info","component":"LiveWS","message":"[LiveWS] Client disconnected: %s [%d remaining] eccacb80 18"}
{"timestamp":"2026-07-28T08:53:10.859Z","level":"info","component":"LiveWS","message":"[LiveWS] Client connected: %s (%s) [%d total] db612149 127.0.0.1 19"}
{"timestamp":"2026-07-28T08:53:13.547Z","level":"info","component":"LiveWS","message":"[LiveWS] Client connected: %s (%s) [%d total] 6f95caa3 127.0.0.1 20"}
{"timestamp":"2026-07-28T08:53:13.551Z","level":"info","component":"LiveWS","message":"[LiveWS] Client disconnected: %s [%d remaining] 6f95caa3 19"}
{"timestamp":"2026-07-28T08:53:13.862Z","level":"info","component":"LiveWS","message":"[LiveWS] Client connected: %s (%s) [%d total] 94b208dd 127.0.0.1 20"}
{"timestamp":"2026-07-28T08:53:16.550Z","level":"info","component":"LiveWS","message":"[LiveWS] Client connected: %s (%s) [%d total] 00880395 127.0.0.1 21"}
{"timestamp":"2026-07-28T08:53:16.553Z","level":"info","component":"LiveWS","message":"[LiveWS] Client disconnected: %s [%d remaining] 00880395 20"}
{"timestamp":"2026-07-28T08:53:16.866Z","level":"info","component":"LiveWS","message":"[LiveWS] Client connected: %s (%s) [%d total] b6911b90 127.0.0.1 21"}
{"timestamp":"2026-07-28T08:53:19.549Z","level":"info","component":"LiveWS","message":"[LiveWS] Client connected: %s (%s) [%d total] f79942e6 127.0.0.1 22"}
{"timestamp":"2026-07-28T08:53:19.551Z","level":"info","component":"LiveWS","message":"[LiveWS] Client disconnected: %s [%d remaining] f79942e6 21"}
{"timestamp":"2026-07-28T08:53:19.817Z","level":"info","component":"LiveWS","message":"[LiveWS] Client disconnected: %s [%d remaining] f2df573c 15"}
{"timestamp":"2026-07-28T08:53:19.819Z","level":"info","component":"LiveWS","message":"[LiveWS] Client disconnected: %s [%d remaining] d2e49e7e 15"}
{"timestamp":"2026-07-28T08:53:19.820Z","level":"info","component":"LiveWS","message":"[LiveWS] Client disconnected: %s [%d remaining] 77883b50 15"}
{"timestamp":"2026-07-28T08:53:19.821Z","level":"info","component":"LiveWS","message":"[LiveWS] Client disconnected: %s [%d remaining] a9690b71 15"}
{"timestamp":"2026-07-28T08:53:19.822Z","level":"info","component":"LiveWS","message":"[LiveWS] Client disconnected: %s [%d remaining] a5f826e5 15"}
{"timestamp":"2026-07-28T08:53:19.823Z","level":"info","component":"LiveWS","message":"[LiveWS] Client disconnected: %s [%d remaining] 89cff0d8 15"}
{"timestamp":"2026-07-28T08:53:19.865Z","level":"info","component":"LiveWS","message":"[LiveWS] Client connected: %s (%s) [%d total] bbf94c40 127.0.0.1 16"}
{"timestamp":"2026-07-28T08:53:21.553Z","level":"info","component":"LiveWS","message":"[LiveWS] Client connected: %s (%s) [%d total] 2934f7c4 127.0.0.1 17"}
{"timestamp":"2026-07-28T08:53:21.868Z","level":"info","component":"LiveWS","message":"[LiveWS] Client connected: %s (%s) [%d total] e94d6ffc 127.0.0.1 18"}
{"timestamp":"2026-07-28T08:53:22.231Z","level":"info","component":"LiveWS","message":"[LiveWS] Client disconnected: %s [%d remaining] e94d6ffc 17"}
{"timestamp":"2026-07-28T08:53:22.546Z","level":"info","component":"LiveWS","message":"[LiveWS] Client connected: %s (%s) [%d total] c99bb30e 127.0.0.1 18"}
{"timestamp":"2026-07-28T08:53:22.862Z","level":"info","component":"LiveWS","message":"[LiveWS] Client connected: %s (%s) [%d total] 45c47e70 127.0.0.1 19"}
{"timestamp":"2026-07-28T08:53:34.821Z","level":"info","component":"LiveWS","message":"[LiveWS] Client disconnected: %s [%d remaining] 0298c0eb 12"}
{"timestamp":"2026-07-28T08:53:34.823Z","level":"info","component":"LiveWS","message":"[LiveWS] Client disconnected: %s [%d remaining] 396b65f6 12"}
{"timestamp":"2026-07-28T08:53:34.824Z","level":"info","component":"LiveWS","message":"[LiveWS] Client disconnected: %s [%d remaining] b06f3a6b 12"}
{"timestamp":"2026-07-28T08:53:34.825Z","level":"info","component":"LiveWS","message":"[LiveWS] Client disconnected: %s [%d remaining] 3b736f0d 12"}
{"timestamp":"2026-07-28T08:53:34.825Z","level":"info","component":"LiveWS","message":"[LiveWS] Client disconnected: %s [%d remaining] ecef3eea 12"}
{"timestamp":"2026-07-28T08:53:34.826Z","level":"info","component":"LiveWS","message":"[LiveWS] Client disconnected: %s [%d remaining] 0effdd89 12"}
{"timestamp":"2026-07-28T08:53:34.828Z","level":"info","component":"LiveWS","message":"[LiveWS] Client disconnected: %s [%d remaining] 83b4c2d6 12"}
{"timestamp":"2026-07-28T08:53:36.542Z","level":"info","component":"LiveWS","message":"[LiveWS] Client connected: %s (%s) [%d total] 9bb6906d 127.0.0.1 13"}
{"timestamp":"2026-07-28T08:53:36.858Z","level":"info","component":"LiveWS","message":"[LiveWS] Client connected: %s (%s) [%d total] 74bd6801 127.0.0.1 14"}
{"timestamp":"2026-07-28T08:53:49.821Z","level":"info","component":"LiveWS","message":"[LiveWS] Client disconnected: %s [%d remaining] 94b208dd 7"}
{"timestamp":"2026-07-28T08:53:49.823Z","level":"info","component":"LiveWS","message":"[LiveWS] Client disconnected: %s [%d remaining] db612149 7"}
{"timestamp":"2026-07-28T08:53:49.825Z","level":"info","component":"LiveWS","message":"[LiveWS] Client disconnected: %s [%d remaining] 32de8080 7"}
{"timestamp":"2026-07-28T08:53:49.826Z","level":"info","component":"LiveWS","message":"[LiveWS] Client disconnected: %s [%d remaining] 99072f48 7"}
{"timestamp":"2026-07-28T08:53:49.826Z","level":"info","component":"LiveWS","message":"[LiveWS] Client disconnected: %s [%d remaining] c8afd03c 7"}
{"timestamp":"2026-07-28T08:53:49.827Z","level":"info","component":"LiveWS","message":"[LiveWS] Client disconnected: %s [%d remaining] 5a63472b 7"}
{"timestamp":"2026-07-28T08:53:49.828Z","level":"info","component":"LiveWS","message":"[LiveWS] Client disconnected: %s [%d remaining] effb8ff4 7"}
{"timestamp":"2026-07-28T08:53:51.544Z","level":"info","component":"LiveWS","message":"[LiveWS] Client connected: %s (%s) [%d total] 35db0af3 127.0.0.1 8"}
{"timestamp":"2026-07-28T08:53:51.860Z","level":"info","component":"LiveWS","message":"[LiveWS] Client connected: %s (%s) [%d total] 17b11ef7 127.0.0.1 9"}
{"timestamp":"2026-07-28T08:54:04.822Z","level":"info","component":"LiveWS","message":"[LiveWS] Client disconnected: %s [%d remaining] 45c47e70 4"}
{"timestamp":"2026-07-28T08:54:04.824Z","level":"info","component":"LiveWS","message":"[LiveWS] Client disconnected: %s [%d remaining] c99bb30e 4"}
{"timestamp":"2026-07-28T08:54:04.825Z","level":"info","component":"LiveWS","message":"[LiveWS] Client disconnected: %s [%d remaining] 2934f7c4 4"}
{"timestamp":"2026-07-28T08:54:04.825Z","level":"info","component":"LiveWS","message":"[LiveWS] Client disconnected: %s [%d remaining] bbf94c40 4"}
{"timestamp":"2026-07-28T08:54:04.826Z","level":"info","component":"LiveWS","message":"[LiveWS] Client disconnected: %s [%d remaining] b6911b90 4"}
{"timestamp":"2026-07-28T08:54:06.544Z","level":"info","component":"LiveWS","message":"[LiveWS] Client connected: %s (%s) [%d total] 44b096bc 127.0.0.1 5"}
{"timestamp":"2026-07-28T08:54:06.547Z","level":"info","component":"LiveWS","message":"[LiveWS] Client disconnected: %s [%d remaining] 44b096bc 4"}
{"timestamp":"2026-07-28T08:54:06.861Z","level":"info","component":"LiveWS","message":"[LiveWS] Client connected: %s (%s) [%d total] 3bcccb3d 127.0.0.1 5"}
{"timestamp":"2026-07-28T08:54:07.541Z","level":"info","component":"LiveWS","message":"[LiveWS] Client connected: %s (%s) [%d total] 7533241d 127.0.0.1 6"}
{"timestamp":"2026-07-28T08:54:07.543Z","level":"info","component":"LiveWS","message":"[LiveWS] Client disconnected: %s [%d remaining] 7533241d 5"}
{"timestamp":"2026-07-28T08:54:07.855Z","level":"info","component":"LiveWS","message":"[LiveWS] Client connected: %s (%s) [%d total] 52b7519a 127.0.0.1 6"}
{"timestamp":"2026-07-28T08:54:10.541Z","level":"info","component":"LiveWS","message":"[LiveWS] Client connected: %s (%s) [%d total] a54e9e81 127.0.0.1 7"}
{"timestamp":"2026-07-28T08:54:10.544Z","level":"info","component":"LiveWS","message":"[LiveWS] Client disconnected: %s [%d remaining] a54e9e81 6"}
{"timestamp":"2026-07-28T08:54:10.859Z","level":"info","component":"LiveWS","message":"[LiveWS] Client connected: %s (%s) [%d total] 2a3451d4 127.0.0.1 7"}
{"timestamp":"2026-07-28T08:54:13.548Z","level":"info","component":"LiveWS","message":"[LiveWS] Client connected: %s (%s) [%d total] 0955fdd4 127.0.0.1 8"}
{"timestamp":"2026-07-28T08:54:13.550Z","level":"info","component":"LiveWS","message":"[LiveWS] Client disconnected: %s [%d remaining] 0955fdd4 7"}
{"timestamp":"2026-07-28T08:54:13.863Z","level":"info","component":"LiveWS","message":"[LiveWS] Client connected: %s (%s) [%d total] d7a8ced6 127.0.0.1 8"}
{"timestamp":"2026-07-28T08:54:16.552Z","level":"info","component":"LiveWS","message":"[LiveWS] Client connected: %s (%s) [%d total] d2b0b1d2 127.0.0.1 9"}
{"timestamp":"2026-07-28T08:54:16.554Z","level":"info","component":"LiveWS","message":"[LiveWS] Client disconnected: %s [%d remaining] d2b0b1d2 8"}
{"timestamp":"2026-07-28T08:54:16.868Z","level":"info","component":"LiveWS","message":"[LiveWS] Client connected: %s (%s) [%d total] a08e2eca 127.0.0.1 9"}
{"timestamp":"2026-07-28T08:54:19.551Z","level":"info","component":"LiveWS","message":"[LiveWS] Client connected: %s (%s) [%d total] a4435eca 127.0.0.1 10"}
{"timestamp":"2026-07-28T08:54:19.554Z","level":"info","component":"LiveWS","message":"[LiveWS] Client disconnected: %s [%d remaining] a4435eca 9"}
{"timestamp":"2026-07-28T08:54:19.836Z","level":"info","component":"LiveWS","message":"[LiveWS] Client disconnected: %s [%d remaining] 74bd6801 7"}
{"timestamp":"2026-07-28T08:54:19.837Z","level":"info","component":"LiveWS","message":"[LiveWS] Client disconnected: %s [%d remaining] 9bb6906d 7"}
{"timestamp":"2026-07-28T08:54:19.868Z","level":"info","component":"LiveWS","message":"[LiveWS] Client connected: %s (%s) [%d total] 8ff8119f 127.0.0.1 8"}
{"timestamp":"2026-07-28T08:54:21.539Z","level":"info","component":"LiveWS","message":"[LiveWS] Client connected: %s (%s) [%d total] 9621a051 127.0.0.1 9"}
{"timestamp":"2026-07-28T08:54:21.540Z","level":"info","component":"LiveWS","message":"[LiveWS] Client disconnected: %s [%d remaining] 9621a051 8"}
{"timestamp":"2026-07-28T08:54:21.856Z","level":"info","component":"LiveWS","message":"[LiveWS] Client connected: %s (%s) [%d total] 2eb7d065 127.0.0.1 9"}
{"timestamp":"2026-07-28T08:54:22.553Z","level":"info","component":"LiveWS","message":"[LiveWS] Client connected: %s (%s) [%d total] 702a9a44 127.0.0.1 10"}
{"timestamp":"2026-07-28T08:54:22.554Z","level":"info","component":"LiveWS","message":"[LiveWS] Client disconnected: %s [%d remaining] 702a9a44 9"}
{"timestamp":"2026-07-28T08:54:22.870Z","level":"info","component":"LiveWS","message":"[LiveWS] Client connected: %s (%s) [%d total] a60abfad 127.0.0.1 10"}
{"timestamp":"2026-07-28T08:54:25.545Z","level":"info","component":"LiveWS","message":"[LiveWS] Client connected: %s (%s) [%d total] 583f2760 127.0.0.1 11"}
{"timestamp":"2026-07-28T08:54:25.548Z","level":"info","component":"LiveWS","message":"[LiveWS] Client disconnected: %s [%d remaining] 583f2760 10"}
{"timestamp":"2026-07-28T08:54:25.861Z","level":"info","component":"LiveWS","message":"[LiveWS] Client connected: %s (%s) [%d total] dc2249b0 127.0.0.1 11"}
{"timestamp":"2026-07-28T08:54:28.544Z","level":"info","component":"LiveWS","message":"[LiveWS] Client connected: %s (%s) [%d total] f038d6f9 127.0.0.1 12"}
{"timestamp":"2026-07-28T08:54:28.546Z","level":"info","component":"LiveWS","message":"[LiveWS] Client disconnected: %s [%d remaining] f038d6f9 11"}
{"timestamp":"2026-07-28T08:54:28.859Z","level":"info","component":"LiveWS","message":"[LiveWS] Client connected: %s (%s) [%d total] 0bd984a8 127.0.0.1 12"}
{"timestamp":"2026-07-28T08:54:31.541Z","level":"info","component":"LiveWS","message":"[LiveWS] Client connected: %s (%s) [%d total] 85ef2d1d 127.0.0.1 13"}
{"timestamp":"2026-07-28T08:54:31.544Z","level":"info","component":"LiveWS","message":"[LiveWS] Client disconnected: %s [%d remaining] 85ef2d1d 12"}
{"timestamp":"2026-07-28T08:54:31.857Z","level":"info","component":"LiveWS","message":"[LiveWS] Client connected: %s (%s) [%d total] 330df1f2 127.0.0.1 13"}
{"timestamp":"2026-07-28T08:54:34.539Z","level":"info","component":"LiveWS","message":"[LiveWS] Client connected: %s (%s) [%d total] b15f75f7 127.0.0.1 14"}
{"timestamp":"2026-07-28T08:54:34.541Z","level":"info","component":"LiveWS","message":"[LiveWS] Client disconnected: %s [%d remaining] b15f75f7 13"}
{"timestamp":"2026-07-28T08:54:34.839Z","level":"info","component":"LiveWS","message":"[LiveWS] Client disconnected: %s [%d remaining] 17b11ef7 11"}
{"timestamp":"2026-07-28T08:54:34.840Z","level":"info","component":"LiveWS","message":"[LiveWS] Client disconnected: %s [%d remaining] 35db0af3 11"}
{"timestamp":"2026-07-28T08:54:34.855Z","level":"info","component":"LiveWS","message":"[LiveWS] Client connected: %s (%s) [%d total] c9f46bc7 127.0.0.1 12"}
{"timestamp":"2026-07-28T08:54:35.550Z","level":"info","component":"LiveWS","message":"[LiveWS] Client connected: %s (%s) [%d total] e79d0a3a 127.0.0.1 13"}
{"timestamp":"2026-07-28T08:54:35.552Z","level":"info","component":"LiveWS","message":"[LiveWS] Client disconnected: %s [%d remaining] e79d0a3a 12"}
{"timestamp":"2026-07-28T08:54:35.867Z","level":"info","component":"LiveWS","message":"[LiveWS] Client connected: %s (%s) [%d total] 29e9caa3 127.0.0.1 13"}
{"timestamp":"2026-07-28T08:54:37.554Z","level":"info","component":"LiveWS","message":"[LiveWS] Client connected: %s (%s) [%d total] 022e8da8 127.0.0.1 14"}
{"timestamp":"2026-07-28T08:54:37.557Z","level":"info","component":"LiveWS","message":"[LiveWS] Client disconnected: %s [%d remaining] 022e8da8 13"}
{"timestamp":"2026-07-28T08:54:37.871Z","level":"info","component":"LiveWS","message":"[LiveWS] Client connected: %s (%s) [%d total] 07a289f6 127.0.0.1 14"}
{"timestamp":"2026-07-28T08:54:40.554Z","level":"info","component":"LiveWS","message":"[LiveWS] Client connected: %s (%s) [%d total] 1628024d 127.0.0.1 15"}
{"timestamp":"2026-07-28T08:54:40.557Z","level":"info","component":"LiveWS","message":"[LiveWS] Client disconnected: %s [%d remaining] 1628024d 14"}
{"timestamp":"2026-07-28T08:54:40.868Z","level":"info","component":"LiveWS","message":"[LiveWS] Client connected: %s (%s) [%d total] a338d2d9 127.0.0.1 15"}
{"timestamp":"2026-07-28T08:54:43.541Z","level":"info","component":"LiveWS","message":"[LiveWS] Client connected: %s (%s) [%d total] f6d5bb3c 127.0.0.1 16"}
{"timestamp":"2026-07-28T08:54:43.543Z","level":"info","component":"LiveWS","message":"[LiveWS] Client disconnected: %s [%d remaining] f6d5bb3c 15"}
{"timestamp":"2026-07-28T08:54:43.856Z","level":"info","component":"LiveWS","message":"[LiveWS] Client connected: %s (%s) [%d total] fd2d828a 127.0.0.1 16"}
{"timestamp":"2026-07-28T08:54:46.541Z","level":"info","component":"LiveWS","message":"[LiveWS] Client connected: %s (%s) [%d total] 5e775496 127.0.0.1 17"}
{"timestamp":"2026-07-28T08:54:46.543Z","level":"info","component":"LiveWS","message":"[LiveWS] Client disconnected: %s [%d remaining] 5e775496 16"}
{"timestamp":"2026-07-28T08:54:46.858Z","level":"info","component":"LiveWS","message":"[LiveWS] Client connected: %s (%s) [%d total] 7b268317 127.0.0.1 17"}
{"timestamp":"2026-07-28T08:54:49.543Z","level":"info","component":"LiveWS","message":"[LiveWS] Client connected: %s (%s) [%d total] a24eeddb 127.0.0.1 18"}
{"timestamp":"2026-07-28T08:54:49.545Z","level":"info","component":"LiveWS","message":"[LiveWS] Client disconnected: %s [%d remaining] a24eeddb 17"}
{"timestamp":"2026-07-28T08:54:49.847Z","level":"info","component":"LiveWS","message":"[LiveWS] Client disconnected: %s [%d remaining] d7a8ced6 13"}
{"timestamp":"2026-07-28T08:54:49.849Z","level":"info","component":"LiveWS","message":"[LiveWS] Client disconnected: %s [%d remaining] 2a3451d4 13"}
{"timestamp":"2026-07-28T08:54:49.850Z","level":"info","component":"LiveWS","message":"[LiveWS] Client disconnected: %s [%d remaining] 52b7519a 13"}
{"timestamp":"2026-07-28T08:54:49.852Z","level":"info","component":"LiveWS","message":"[LiveWS] Client disconnected: %s [%d remaining] 3bcccb3d 13"}
{"timestamp":"2026-07-28T08:54:49.853Z","level":"info","component":"LiveWS","message":"[LiveWS] Client connected: %s (%s) [%d total] f6760344 127.0.0.1 14"}
{"timestamp":"2026-07-28T08:54:50.554Z","level":"info","component":"LiveWS","message":"[LiveWS] Client connected: %s (%s) [%d total] 5f62cd22 127.0.0.1 15"}
{"timestamp":"2026-07-28T08:54:50.557Z","level":"info","component":"LiveWS","message":"[LiveWS] Client disconnected: %s [%d remaining] 5f62cd22 14"}
{"timestamp":"2026-07-28T08:54:50.869Z","level":"info","component":"LiveWS","message":"[LiveWS] Client connected: %s (%s) [%d total] 7485ad24 127.0.0.1 15"}
{"timestamp":"2026-07-28T08:54:51.546Z","level":"info","component":"LiveWS","message":"[LiveWS] Client connected: %s (%s) [%d total] a777ab62 127.0.0.1 16"}
{"timestamp":"2026-07-28T08:54:51.548Z","level":"info","component":"LiveWS","message":"[LiveWS] Client disconnected: %s [%d remaining] a777ab62 15"}
{"timestamp":"2026-07-28T08:54:51.860Z","level":"info","component":"LiveWS","message":"[LiveWS] Client connected: %s (%s) [%d total] 5835114a 127.0.0.1 16"}
{"timestamp":"2026-07-28T08:54:52.552Z","level":"info","component":"LiveWS","message":"[LiveWS] Client connected: %s (%s) [%d total] 7afb854f 127.0.0.1 17"}
{"timestamp":"2026-07-28T08:54:52.554Z","level":"info","component":"LiveWS","message":"[LiveWS] Client disconnected: %s [%d remaining] 7afb854f 16"}
{"timestamp":"2026-07-28T08:54:52.867Z","level":"info","component":"LiveWS","message":"[LiveWS] Client connected: %s (%s) [%d total] 7106234b 127.0.0.1 17"}
{"timestamp":"2026-07-28T08:54:55.550Z","level":"info","component":"LiveWS","message":"[LiveWS] Client connected: %s (%s) [%d total] 025b7b25 127.0.0.1 18"}
{"timestamp":"2026-07-28T08:54:55.552Z","level":"info","component":"LiveWS","message":"[LiveWS] Client disconnected: %s [%d remaining] 025b7b25 17"}
{"timestamp":"2026-07-28T08:54:55.867Z","level":"info","component":"LiveWS","message":"[LiveWS] Client connected: %s (%s) [%d total] 5a94d2f0 127.0.0.1 18"}
{"timestamp":"2026-07-28T08:54:58.544Z","level":"info","component":"LiveWS","message":"[LiveWS] Client connected: %s (%s) [%d total] 455def58 127.0.0.1 19"}
{"timestamp":"2026-07-28T08:54:58.546Z","level":"info","component":"LiveWS","message":"[LiveWS] Client disconnected: %s [%d remaining] 455def58 18"}
{"timestamp":"2026-07-28T08:54:58.864Z","level":"info","component":"LiveWS","message":"[LiveWS] Client connected: %s (%s) [%d total] 8d3e2a39 127.0.0.1 19"}
{"timestamp":"2026-07-28T08:55:01.548Z","level":"info","component":"LiveWS","message":"[LiveWS] Client connected: %s (%s) [%d total] 271c7f04 127.0.0.1 20"}
{"timestamp":"2026-07-28T08:55:01.551Z","level":"info","component":"LiveWS","message":"[LiveWS] Client disconnected: %s [%d remaining] 271c7f04 19"}
{"timestamp":"2026-07-28T08:55:01.866Z","level":"info","component":"LiveWS","message":"[LiveWS] Client connected: %s (%s) [%d total] 346c66d0 127.0.0.1 20"}
{"timestamp":"2026-07-28T08:55:04.543Z","level":"info","component":"LiveWS","message":"[LiveWS] Client connected: %s (%s) [%d total] bf45e0a5 127.0.0.1 21"}
{"timestamp":"2026-07-28T08:55:04.545Z","level":"info","component":"LiveWS","message":"[LiveWS] Client disconnected: %s [%d remaining] bf45e0a5 20"}
{"timestamp":"2026-07-28T08:55:04.858Z","level":"info","component":"LiveWS","message":"[LiveWS] Client disconnected: %s [%d remaining] 0bd984a8 14"}
{"timestamp":"2026-07-28T08:55:04.860Z","level":"info","component":"LiveWS","message":"[LiveWS] Client disconnected: %s [%d remaining] dc2249b0 14"}
{"timestamp":"2026-07-28T08:55:04.861Z","level":"info","component":"LiveWS","message":"[LiveWS] Client disconnected: %s [%d remaining] a60abfad 14"}
{"timestamp":"2026-07-28T08:55:04.862Z","level":"info","component":"LiveWS","message":"[LiveWS] Client disconnected: %s [%d remaining] 2eb7d065 14"}
{"timestamp":"2026-07-28T08:55:04.863Z","level":"info","component":"LiveWS","message":"[LiveWS] Client disconnected: %s [%d remaining] 8ff8119f 14"}
{"timestamp":"2026-07-28T08:55:04.864Z","level":"info","component":"LiveWS","message":"[LiveWS] Client disconnected: %s [%d remaining] a08e2eca 14"}
{"timestamp":"2026-07-28T08:55:04.865Z","level":"info","component":"LiveWS","message":"[LiveWS] Client connected: %s (%s) [%d total] 682060af 127.0.0.1 15"}
{"timestamp":"2026-07-28T08:55:05.542Z","level":"info","component":"LiveWS","message":"[LiveWS] Client connected: %s (%s) [%d total] 8854838f 127.0.0.1 16"}
{"timestamp":"2026-07-28T08:55:05.545Z","level":"info","component":"LiveWS","message":"[LiveWS] Client disconnected: %s [%d remaining] 8854838f 15"}
{"timestamp":"2026-07-28T08:55:05.860Z","level":"info","component":"LiveWS","message":"[LiveWS] Client connected: %s (%s) [%d total] 772121be 127.0.0.1 16"}
{"timestamp":"2026-07-28T08:55:06.544Z","level":"info","component":"LiveWS","message":"[LiveWS] Client connected: %s (%s) [%d total] 6dbb086b 127.0.0.1 17"}
{"timestamp":"2026-07-28T08:55:06.861Z","level":"info","component":"LiveWS","message":"[LiveWS] Client connected: %s (%s) [%d total] c73a3b27 127.0.0.1 18"}
{"timestamp":"2026-07-28T08:55:07.227Z","level":"info","component":"LiveWS","message":"[LiveWS] Client disconnected: %s [%d remaining] c73a3b27 17"}
{"timestamp":"2026-07-28T08:55:07.546Z","level":"info","component":"LiveWS","message":"[LiveWS] Client connected: %s (%s) [%d total] 51dcb517 127.0.0.1 18"}
{"timestamp":"2026-07-28T08:55:07.864Z","level":"info","component":"LiveWS","message":"[LiveWS] Client connected: %s (%s) [%d total] e7e4c2a8 127.0.0.1 19"}
{"timestamp":"2026-07-28T08:55:19.868Z","level":"info","component":"LiveWS","message":"[LiveWS] Client disconnected: %s [%d remaining] fd2d828a 13"}
{"timestamp":"2026-07-28T08:55:19.870Z","level":"info","component":"LiveWS","message":"[LiveWS] Client disconnected: %s [%d remaining] a338d2d9 13"}
{"timestamp":"2026-07-28T08:55:19.871Z","level":"info","component":"LiveWS","message":"[LiveWS] Client disconnected: %s [%d remaining] 07a289f6 13"}
{"timestamp":"2026-07-28T08:55:19.873Z","level":"info","component":"LiveWS","message":"[LiveWS] Client disconnected: %s [%d remaining] 29e9caa3 13"}
{"timestamp":"2026-07-28T08:55:19.874Z","level":"info","component":"LiveWS","message":"[LiveWS] Client disconnected: %s [%d remaining] c9f46bc7 13"}
{"timestamp":"2026-07-28T08:55:19.874Z","level":"info","component":"LiveWS","message":"[LiveWS] Client disconnected: %s [%d remaining] 330df1f2 13"}
{"timestamp":"2026-07-28T08:55:21.556Z","level":"info","component":"LiveWS","message":"[LiveWS] Client connected: %s (%s) [%d total] 29eed6cb 127.0.0.1 14"}
{"timestamp":"2026-07-28T08:55:21.873Z","level":"info","component":"LiveWS","message":"[LiveWS] Client connected: %s (%s) [%d total] 3a814905 127.0.0.1 15"}
{"timestamp":"2026-07-28T08:55:34.883Z","level":"info","component":"LiveWS","message":"[LiveWS] Client disconnected: %s [%d remaining] 8d3e2a39 8"}
{"timestamp":"2026-07-28T08:55:34.885Z","level":"info","component":"LiveWS","message":"[LiveWS] Client disconnected: %s [%d remaining] 5a94d2f0 8"}
{"timestamp":"2026-07-28T08:55:34.887Z","level":"info","component":"LiveWS","message":"[LiveWS] Client disconnected: %s [%d remaining] 7106234b 8"}
{"timestamp":"2026-07-28T08:55:34.887Z","level":"info","component":"LiveWS","message":"[LiveWS] Client disconnected: %s [%d remaining] 5835114a 8"}
{"timestamp":"2026-07-28T08:55:34.888Z","level":"info","component":"LiveWS","message":"[LiveWS] Client disconnected: %s [%d remaining] 7485ad24 8"}
{"timestamp":"2026-07-28T08:55:34.889Z","level":"info","component":"LiveWS","message":"[LiveWS] Client disconnected: %s [%d remaining] f6760344 8"}
{"timestamp":"2026-07-28T08:55:34.890Z","level":"info","component":"LiveWS","message":"[LiveWS] Client disconnected: %s [%d remaining] 7b268317 8"}
{"timestamp":"2026-07-28T08:55:36.555Z","level":"info","component":"LiveWS","message":"[LiveWS] Client connected: %s (%s) [%d total] ba3c4be0 127.0.0.1 9"}
{"timestamp":"2026-07-28T08:55:36.869Z","level":"info","component":"LiveWS","message":"[LiveWS] Client connected: %s (%s) [%d total] ee82dc49 127.0.0.1 10"}
{"timestamp":"2026-07-28T08:55:49.893Z","level":"info","component":"LiveWS","message":"[LiveWS] Client disconnected: %s [%d remaining] e7e4c2a8 4"}
{"timestamp":"2026-07-28T08:55:49.894Z","level":"info","component":"LiveWS","message":"[LiveWS] Client disconnected: %s [%d remaining] 51dcb517 4"}
{"timestamp":"2026-07-28T08:55:49.896Z","level":"info","component":"LiveWS","message":"[LiveWS] Client disconnected: %s [%d remaining] 6dbb086b 4"}
{"timestamp":"2026-07-28T08:55:49.896Z","level":"info","component":"LiveWS","message":"[LiveWS] Client disconnected: %s [%d remaining] 772121be 4"}
{"timestamp":"2026-07-28T08:55:49.897Z","level":"info","component":"LiveWS","message":"[LiveWS] Client disconnected: %s [%d remaining] 682060af 4"}
{"timestamp":"2026-07-28T08:55:49.897Z","level":"info","component":"LiveWS","message":"[LiveWS] Client disconnected: %s [%d remaining] 346c66d0 4"}
{"timestamp":"2026-07-28T08:55:51.550Z","level":"info","component":"LiveWS","message":"[LiveWS] Client connected: %s (%s) [%d total] cbe386b9 127.0.0.1 5"}
{"timestamp":"2026-07-28T08:55:51.552Z","level":"info","component":"LiveWS","message":"[LiveWS] Client disconnected: %s [%d remaining] cbe386b9 4"}
{"timestamp":"2026-07-28T08:55:51.866Z","level":"info","component":"LiveWS","message":"[LiveWS] Client connected: %s (%s) [%d total] 1e785f56 127.0.0.1 5"}
{"timestamp":"2026-07-28T08:55:52.544Z","level":"info","component":"LiveWS","message":"[LiveWS] Client connected: %s (%s) [%d total] 4a7a1815 127.0.0.1 6"}
{"timestamp":"2026-07-28T08:55:52.546Z","level":"info","component":"LiveWS","message":"[LiveWS] Client disconnected: %s [%d remaining] 4a7a1815 5"}
{"timestamp":"2026-07-28T08:55:52.859Z","level":"info","component":"LiveWS","message":"[LiveWS] Client connected: %s (%s) [%d total] 045bd640 127.0.0.1 6"}
{"timestamp":"2026-07-28T08:55:55.540Z","level":"info","component":"LiveWS","message":"[LiveWS] Client connected: %s (%s) [%d total] 56cc65f7 127.0.0.1 7"}
{"timestamp":"2026-07-28T08:55:55.543Z","level":"info","component":"LiveWS","message":"[LiveWS] Client disconnected: %s [%d remaining] 56cc65f7 6"}
{"timestamp":"2026-07-28T08:55:55.856Z","level":"info","component":"LiveWS","message":"[LiveWS] Client connected: %s (%s) [%d total] 7f4cfd4d 127.0.0.1 7"}
{"timestamp":"2026-07-28T08:55:58.555Z","level":"info","component":"LiveWS","message":"[LiveWS] Client connected: %s (%s) [%d total] fdf67289 127.0.0.1 8"}
{"timestamp":"2026-07-28T08:55:58.558Z","level":"info","component":"LiveWS","message":"[LiveWS] Client disconnected: %s [%d remaining] fdf67289 7"}
{"timestamp":"2026-07-28T08:55:58.873Z","level":"info","component":"LiveWS","message":"[LiveWS] Client connected: %s (%s) [%d total] 10d79dea 127.0.0.1 8"}
{"timestamp":"2026-07-28T08:56:01.555Z","level":"info","component":"LiveWS","message":"[LiveWS] Client connected: %s (%s) [%d total] cb4ec6db 127.0.0.1 9"}
{"timestamp":"2026-07-28T08:56:01.558Z","level":"info","component":"LiveWS","message":"[LiveWS] Client disconnected: %s [%d remaining] cb4ec6db 8"}
{"timestamp":"2026-07-28T08:56:01.872Z","level":"info","component":"LiveWS","message":"[LiveWS] Client connected: %s (%s) [%d total] 1f1ebe45 127.0.0.1 9"}
{"timestamp":"2026-07-28T08:56:04.540Z","level":"info","component":"LiveWS","message":"[LiveWS] Client connected: %s (%s) [%d total] 9e1b06f5 127.0.0.1 10"}
{"timestamp":"2026-07-28T08:56:04.542Z","level":"info","component":"LiveWS","message":"[LiveWS] Client disconnected: %s [%d remaining] 9e1b06f5 9"}
{"timestamp":"2026-07-28T08:56:04.856Z","level":"info","component":"LiveWS","message":"[LiveWS] Client connected: %s (%s) [%d total] b7983832 127.0.0.1 10"}
{"timestamp":"2026-07-28T08:56:04.902Z","level":"info","component":"LiveWS","message":"[LiveWS] Client disconnected: %s [%d remaining] 3a814905 8"}
{"timestamp":"2026-07-28T08:56:04.903Z","level":"info","component":"LiveWS","message":"[LiveWS] Client disconnected: %s [%d remaining] 29eed6cb 8"}
{"timestamp":"2026-07-28T08:56:06.545Z","level":"info","component":"LiveWS","message":"[LiveWS] Client connected: %s (%s) [%d total] d8631275 127.0.0.1 9"}
{"timestamp":"2026-07-28T08:56:06.547Z","level":"info","component":"LiveWS","message":"[LiveWS] Client disconnected: %s [%d remaining] d8631275 8"}
{"timestamp":"2026-07-28T08:56:06.862Z","level":"info","component":"LiveWS","message":"[LiveWS] Client connected: %s (%s) [%d total] 10e921f4 127.0.0.1 9"}
{"timestamp":"2026-07-28T08:56:07.542Z","level":"info","component":"LiveWS","message":"[LiveWS] Client connected: %s (%s) [%d total] 1c78be9d 127.0.0.1 10"}
{"timestamp":"2026-07-28T08:56:07.544Z","level":"info","component":"LiveWS","message":"[LiveWS] Client disconnected: %s [%d remaining] 1c78be9d 9"}
{"timestamp":"2026-07-28T08:56:07.857Z","level":"info","component":"LiveWS","message":"[LiveWS] Client connected: %s (%s) [%d total] 9b9be36d 127.0.0.1 10"}
{"timestamp":"2026-07-28T08:56:10.542Z","level":"info","component":"LiveWS","message":"[LiveWS] Client connected: %s (%s) [%d total] 3fcea7f6 127.0.0.1 11"}
{"timestamp":"2026-07-28T08:56:10.544Z","level":"info","component":"LiveWS","message":"[LiveWS] Client disconnected: %s [%d remaining] 3fcea7f6 10"}
{"timestamp":"2026-07-28T08:56:10.857Z","level":"info","component":"LiveWS","message":"[LiveWS] Client connected: %s (%s) [%d total] ccdcb011 127.0.0.1 11"}
{"timestamp":"2026-07-28T08:56:13.542Z","level":"info","component":"LiveWS","message":"[LiveWS] Client connected: %s (%s) [%d total] f0f05316 127.0.0.1 12"}
{"timestamp":"2026-07-28T08:56:13.545Z","level":"info","component":"LiveWS","message":"[LiveWS] Client disconnected: %s [%d remaining] f0f05316 11"}
{"timestamp":"2026-07-28T08:56:13.860Z","level":"info","component":"LiveWS","message":"[LiveWS] Client connected: %s (%s) [%d total] 61471035 127.0.0.1 12"}
{"timestamp":"2026-07-28T08:56:16.548Z","level":"info","component":"LiveWS","message":"[LiveWS] Client connected: %s (%s) [%d total] 281efce4 127.0.0.1 13"}
{"timestamp":"2026-07-28T08:56:16.551Z","level":"info","component":"LiveWS","message":"[LiveWS] Client disconnected: %s [%d remaining] 281efce4 12"}
{"timestamp":"2026-07-28T08:56:16.863Z","level":"info","component":"LiveWS","message":"[LiveWS] Client connected: %s (%s) [%d total] caa81098 127.0.0.1 13"}
{"timestamp":"2026-07-28T08:56:19.548Z","level":"info","component":"LiveWS","message":"[LiveWS] Client connected: %s (%s) [%d total] b7828172 127.0.0.1 14"}
{"timestamp":"2026-07-28T08:56:19.551Z","level":"info","component":"LiveWS","message":"[LiveWS] Client disconnected: %s [%d remaining] b7828172 13"}
{"timestamp":"2026-07-28T08:56:19.863Z","level":"info","component":"LiveWS","message":"[LiveWS] Client connected: %s (%s) [%d total] 660b584c 127.0.0.1 14"}
{"timestamp":"2026-07-28T08:56:19.909Z","level":"info","component":"LiveWS","message":"[LiveWS] Client disconnected: %s [%d remaining] ee82dc49 12"}
{"timestamp":"2026-07-28T08:56:19.911Z","level":"info","component":"LiveWS","message":"[LiveWS] Client disconnected: %s [%d remaining] ba3c4be0 12"}
{"timestamp":"2026-07-28T08:56:20.542Z","level":"info","component":"LiveWS","message":"[LiveWS] Client connected: %s (%s) [%d total] 88169d87 127.0.0.1 13"}
{"timestamp":"2026-07-28T08:56:20.545Z","level":"info","component":"LiveWS","message":"[LiveWS] Client disconnected: %s [%d remaining] 88169d87 12"}
{"timestamp":"2026-07-28T08:56:20.858Z","level":"info","component":"LiveWS","message":"[LiveWS] Client connected: %s (%s) [%d total] d9a92ae5 127.0.0.1 13"}
{"timestamp":"2026-07-28T08:56:22.548Z","level":"info","component":"LiveWS","message":"[LiveWS] Client connected: %s (%s) [%d total] b1bd1a80 127.0.0.1 14"}
{"timestamp":"2026-07-28T08:56:22.551Z","level":"info","component":"LiveWS","message":"[LiveWS] Client disconnected: %s [%d remaining] b1bd1a80 13"}
{"timestamp":"2026-07-28T08:56:22.863Z","level":"info","component":"LiveWS","message":"[LiveWS] Client connected: %s (%s) [%d total] 771bfa19 127.0.0.1 14"}
{"timestamp":"2026-07-28T08:56:25.549Z","level":"info","component":"LiveWS","message":"[LiveWS] Client connected: %s (%s) [%d total] 871a8cee 127.0.0.1 15"}
{"timestamp":"2026-07-28T08:56:25.551Z","level":"info","component":"LiveWS","message":"[LiveWS] Client disconnected: %s [%d remaining] 871a8cee 14"}
{"timestamp":"2026-07-28T08:56:25.864Z","level":"info","component":"LiveWS","message":"[LiveWS] Client connected: %s (%s) [%d total] 3aab77b4 127.0.0.1 15"}
{"timestamp":"2026-07-28T08:56:28.547Z","level":"info","component":"LiveWS","message":"[LiveWS] Client connected: %s (%s) [%d total] 4a25f683 127.0.0.1 16"}
{"timestamp":"2026-07-28T08:56:28.549Z","level":"info","component":"LiveWS","message":"[LiveWS] Client disconnected: %s [%d remaining] 4a25f683 15"}
{"timestamp":"2026-07-28T08:56:28.863Z","level":"info","component":"LiveWS","message":"[LiveWS] Client connected: %s (%s) [%d total] a9a4b79f 127.0.0.1 16"}
{"timestamp":"2026-07-28T08:56:31.546Z","level":"info","component":"LiveWS","message":"[LiveWS] Client connected: %s (%s) [%d total] 2f165020 127.0.0.1 17"}
{"timestamp":"2026-07-28T08:56:31.548Z","level":"info","component":"LiveWS","message":"[LiveWS] Client disconnected: %s [%d remaining] 2f165020 16"}
{"timestamp":"2026-07-28T08:56:31.861Z","level":"info","component":"LiveWS","message":"[LiveWS] Client connected: %s (%s) [%d total] 01b3ef39 127.0.0.1 17"}
{"timestamp":"2026-07-28T08:56:34.548Z","level":"info","component":"LiveWS","message":"[LiveWS] Client connected: %s (%s) [%d total] e158d0a8 127.0.0.1 18"}
{"timestamp":"2026-07-28T08:56:34.552Z","level":"info","component":"LiveWS","message":"[LiveWS] Client disconnected: %s [%d remaining] e158d0a8 17"}
{"timestamp":"2026-07-28T08:56:34.860Z","level":"info","component":"LiveWS","message":"[LiveWS] Client connected: %s (%s) [%d total] 8f36e328 127.0.0.1 18"}
{"timestamp":"2026-07-28T08:56:34.922Z","level":"info","component":"LiveWS","message":"[LiveWS] Client disconnected: %s [%d remaining] 10d79dea 14"}
{"timestamp":"2026-07-28T08:56:34.923Z","level":"info","component":"LiveWS","message":"[LiveWS] Client disconnected: %s [%d remaining] 7f4cfd4d 14"}
{"timestamp":"2026-07-28T08:56:34.924Z","level":"info","component":"LiveWS","message":"[LiveWS] Client disconnected: %s [%d remaining] 045bd640 14"}
{"timestamp":"2026-07-28T08:56:34.927Z","level":"info","component":"LiveWS","message":"[LiveWS] Client disconnected: %s [%d remaining] 1e785f56 14"}
{"timestamp":"2026-07-28T08:56:35.556Z","level":"info","component":"LiveWS","message":"[LiveWS] Client connected: %s (%s) [%d total] 2b87cbff 127.0.0.1 15"}
{"timestamp":"2026-07-28T08:56:35.559Z","level":"info","component":"LiveWS","message":"[LiveWS] Client disconnected: %s [%d remaining] 2b87cbff 14"}
{"timestamp":"2026-07-28T08:56:35.870Z","level":"info","component":"LiveWS","message":"[LiveWS] Client connected: %s (%s) [%d total] 377d69cb 127.0.0.1 15"}
{"timestamp":"2026-07-28T08:56:36.548Z","level":"info","component":"LiveWS","message":"[LiveWS] Client connected: %s (%s) [%d total] 82b6ebcf 127.0.0.1 16"}
{"timestamp":"2026-07-28T08:56:36.550Z","level":"info","component":"LiveWS","message":"[LiveWS] Client disconnected: %s [%d remaining] 82b6ebcf 15"}
{"timestamp":"2026-07-28T08:56:36.862Z","level":"info","component":"LiveWS","message":"[LiveWS] Client connected: %s (%s) [%d total] 17797086 127.0.0.1 16"}
{"timestamp":"2026-07-28T08:56:37.542Z","level":"info","component":"LiveWS","message":"[LiveWS] Client connected: %s (%s) [%d total] 9633637b 127.0.0.1 17"}
{"timestamp":"2026-07-28T08:56:37.544Z","level":"info","component":"LiveWS","message":"[LiveWS] Client disconnected: %s [%d remaining] 9633637b 16"}
{"timestamp":"2026-07-28T08:56:37.857Z","level":"info","component":"LiveWS","message":"[LiveWS] Client connected: %s (%s) [%d total] c7015f4d 127.0.0.1 17"}
{"timestamp":"2026-07-28T08:56:40.542Z","level":"info","component":"LiveWS","message":"[LiveWS] Client connected: %s (%s) [%d total] ff546a1a 127.0.0.1 18"}
{"timestamp":"2026-07-28T08:56:40.545Z","level":"info","component":"LiveWS","message":"[LiveWS] Client disconnected: %s [%d remaining] ff546a1a 17"}
{"timestamp":"2026-07-28T08:56:40.856Z","level":"info","component":"LiveWS","message":"[LiveWS] Client connected: %s (%s) [%d total] 5846e09e 127.0.0.1 18"}
{"timestamp":"2026-07-28T08:56:43.540Z","level":"info","component":"LiveWS","message":"[LiveWS] Client connected: %s (%s) [%d total] 047e2abc 127.0.0.1 19"}
{"timestamp":"2026-07-28T08:56:43.543Z","level":"info","component":"LiveWS","message":"[LiveWS] Client disconnected: %s [%d remaining] 047e2abc 18"}
{"timestamp":"2026-07-28T08:56:43.855Z","level":"info","component":"LiveWS","message":"[LiveWS] Client connected: %s (%s) [%d total] f844f37e 127.0.0.1 19"}
{"timestamp":"2026-07-28T08:56:46.554Z","level":"info","component":"LiveWS","message":"[LiveWS] Client connected: %s (%s) [%d total] 15d1ed1b 127.0.0.1 20"}
{"timestamp":"2026-07-28T08:56:46.557Z","level":"info","component":"LiveWS","message":"[LiveWS] Client disconnected: %s [%d remaining] 15d1ed1b 19"}
{"timestamp":"2026-07-28T08:56:46.870Z","level":"info","component":"LiveWS","message":"[LiveWS] Client connected: %s (%s) [%d total] 54d51d3e 127.0.0.1 20"}
{"timestamp":"2026-07-28T08:56:49.554Z","level":"info","component":"LiveWS","message":"[LiveWS] Client connected: %s (%s) [%d total] f3c9a9bf 127.0.0.1 21"}
{"timestamp":"2026-07-28T08:56:49.556Z","level":"info","component":"LiveWS","message":"[LiveWS] Client disconnected: %s [%d remaining] f3c9a9bf 20"}
{"timestamp":"2026-07-28T08:56:49.873Z","level":"info","component":"LiveWS","message":"[LiveWS] Client connected: %s (%s) [%d total] 7f4994c6 127.0.0.1 21"}
{"timestamp":"2026-07-28T08:56:49.933Z","level":"info","component":"LiveWS","message":"[LiveWS] Client disconnected: %s [%d remaining] 61471035 15"}
{"timestamp":"2026-07-28T08:56:49.935Z","level":"info","component":"LiveWS","message":"[LiveWS] Client disconnected: %s [%d remaining] ccdcb011 15"}
{"timestamp":"2026-07-28T08:56:49.936Z","level":"info","component":"LiveWS","message":"[LiveWS] Client disconnected: %s [%d remaining] 9b9be36d 15"}
{"timestamp":"2026-07-28T08:56:49.936Z","level":"info","component":"LiveWS","message":"[LiveWS] Client disconnected: %s [%d remaining] 10e921f4 15"}
{"timestamp":"2026-07-28T08:56:49.937Z","level":"info","component":"LiveWS","message":"[LiveWS] Client disconnected: %s [%d remaining] b7983832 15"}
{"timestamp":"2026-07-28T08:56:49.937Z","level":"info","component":"LiveWS","message":"[LiveWS] Client disconnected: %s [%d remaining] 1f1ebe45 15"}
{"timestamp":"2026-07-28T08:56:50.549Z","level":"info","component":"LiveWS","message":"[LiveWS] Client connected: %s (%s) [%d total] 5c8922dc 127.0.0.1 16"}
{"timestamp":"2026-07-28T08:56:50.552Z","level":"info","component":"LiveWS","message":"[LiveWS] Client disconnected: %s [%d remaining] 5c8922dc 15"}
{"timestamp":"2026-07-28T08:56:50.864Z","level":"info","component":"LiveWS","message":"[LiveWS] Client connected: %s (%s) [%d total] 7ae04e64 127.0.0.1 16"}
{"timestamp":"2026-07-28T08:56:51.542Z","level":"info","component":"LiveWS","message":"[LiveWS] Client connected: %s (%s) [%d total] d504571a 127.0.0.1 17"}
{"timestamp":"2026-07-28T08:56:51.859Z","level":"info","component":"LiveWS","message":"[LiveWS] Client connected: %s (%s) [%d total] be10185d 127.0.0.1 18"}
{"timestamp":"2026-07-28T08:56:52.237Z","level":"info","component":"LiveWS","message":"[LiveWS] Client disconnected: %s [%d remaining] be10185d 17"}
{"timestamp":"2026-07-28T08:56:52.553Z","level":"info","component":"LiveWS","message":"[LiveWS] Client connected: %s (%s) [%d total] 826f23ed 127.0.0.1 18"}
{"timestamp":"2026-07-28T08:56:52.868Z","level":"info","component":"LiveWS","message":"[LiveWS] Client connected: %s (%s) [%d total] fd9901ea 127.0.0.1 19"}
{"timestamp":"2026-07-28T08:57:04.948Z","level":"info","component":"LiveWS","message":"[LiveWS] Client disconnected: %s [%d remaining] a9a4b79f 13"}
{"timestamp":"2026-07-28T08:57:04.950Z","level":"info","component":"LiveWS","message":"[LiveWS] Client disconnected: %s [%d remaining] 3aab77b4 13"}
{"timestamp":"2026-07-28T08:57:04.951Z","level":"info","component":"LiveWS","message":"[LiveWS] Client disconnected: %s [%d remaining] 771bfa19 13"}
{"timestamp":"2026-07-28T08:57:04.952Z","level":"info","component":"LiveWS","message":"[LiveWS] Client disconnected: %s [%d remaining] d9a92ae5 13"}
{"timestamp":"2026-07-28T08:57:04.953Z","level":"info","component":"LiveWS","message":"[LiveWS] Client disconnected: %s [%d remaining] 660b584c 13"}
{"timestamp":"2026-07-28T08:57:04.956Z","level":"info","component":"LiveWS","message":"[LiveWS] Client disconnected: %s [%d remaining] caa81098 13"}
{"timestamp":"2026-07-28T08:57:06.549Z","level":"info","component":"LiveWS","message":"[LiveWS] Client connected: %s (%s) [%d total] e468420a 127.0.0.1 14"}
{"timestamp":"2026-07-28T08:57:06.865Z","level":"info","component":"LiveWS","message":"[LiveWS] Client connected: %s (%s) [%d total] bfa76e79 127.0.0.1 15"}
{"timestamp":"2026-07-28T08:57:19.959Z","level":"info","component":"LiveWS","message":"[LiveWS] Client disconnected: %s [%d remaining] f844f37e 8"}
{"timestamp":"2026-07-28T08:57:19.961Z","level":"info","component":"LiveWS","message":"[LiveWS] Client disconnected: %s [%d remaining] 5846e09e 8"}
{"timestamp":"2026-07-28T08:57:19.964Z","level":"info","component":"LiveWS","message":"[LiveWS] Client disconnected: %s [%d remaining] c7015f4d 8"}
{"timestamp":"2026-07-28T08:57:19.965Z","level":"info","component":"LiveWS","message":"[LiveWS] Client disconnected: %s [%d remaining] 17797086 8"}
{"timestamp":"2026-07-28T08:57:19.967Z","level":"info","component":"LiveWS","message":"[LiveWS] Client disconnected: %s [%d remaining] 377d69cb 8"}
{"timestamp":"2026-07-28T08:57:19.968Z","level":"info","component":"LiveWS","message":"[LiveWS] Client disconnected: %s [%d remaining] 8f36e328 8"}
{"timestamp":"2026-07-28T08:57:19.969Z","level":"info","component":"LiveWS","message":"[LiveWS] Client disconnected: %s [%d remaining] 01b3ef39 8"}
{"timestamp":"2026-07-28T08:57:21.548Z","level":"info","component":"LiveWS","message":"[LiveWS] Client connected: %s (%s) [%d total] 9af9eedd 127.0.0.1 9"}
{"timestamp":"2026-07-28T08:57:21.860Z","level":"info","component":"LiveWS","message":"[LiveWS] Client connected: %s (%s) [%d total] 08e6a865 127.0.0.1 10"}
{"timestamp":"2026-07-28T08:57:34.963Z","level":"info","component":"LiveWS","message":"[LiveWS] Client disconnected: %s [%d remaining] fd9901ea 4"}
{"timestamp":"2026-07-28T08:57:34.965Z","level":"info","component":"LiveWS","message":"[LiveWS] Client disconnected: %s [%d remaining] 826f23ed 4"}
{"timestamp":"2026-07-28T08:57:34.966Z","level":"info","component":"LiveWS","message":"[LiveWS] Client disconnected: %s [%d remaining] d504571a 4"}
{"timestamp":"2026-07-28T08:57:34.967Z","level":"info","component":"LiveWS","message":"[LiveWS] Client disconnected: %s [%d remaining] 7ae04e64 4"}
{"timestamp":"2026-07-28T08:57:34.968Z","level":"info","component":"LiveWS","message":"[LiveWS] Client disconnected: %s [%d remaining] 7f4994c6 4"}
{"timestamp":"2026-07-28T08:57:34.968Z","level":"info","component":"LiveWS","message":"[LiveWS] Client disconnected: %s [%d remaining] 54d51d3e 4"}
{"timestamp":"2026-07-28T08:57:36.541Z","level":"info","component":"LiveWS","message":"[LiveWS] Client connected: %s (%s) [%d total] 65b35747 127.0.0.1 5"}
{"timestamp":"2026-07-28T08:57:36.544Z","level":"info","component":"LiveWS","message":"[LiveWS] Client disconnected: %s [%d remaining] 65b35747 4"}
{"timestamp":"2026-07-28T08:57:36.857Z","level":"info","component":"LiveWS","message":"[LiveWS] Client connected: %s (%s) [%d total] 08e36ea8 127.0.0.1 5"}
{"timestamp":"2026-07-28T08:57:37.551Z","level":"info","component":"LiveWS","message":"[LiveWS] Client connected: %s (%s) [%d total] ed72fd5a 127.0.0.1 6"}
{"timestamp":"2026-07-28T08:57:37.553Z","level":"info","component":"LiveWS","message":"[LiveWS] Client disconnected: %s [%d remaining] ed72fd5a 5"}
{"timestamp":"2026-07-28T08:57:37.866Z","level":"info","component":"LiveWS","message":"[LiveWS] Client connected: %s (%s) [%d total] 0bec3c80 127.0.0.1 6"}
{"timestamp":"2026-07-28T08:57:40.547Z","level":"info","component":"LiveWS","message":"[LiveWS] Client connected: %s (%s) [%d total] 87634c0d 127.0.0.1 7"}
{"timestamp":"2026-07-28T08:57:40.549Z","level":"info","component":"LiveWS","message":"[LiveWS] Client disconnected: %s [%d remaining] 87634c0d 6"}
{"timestamp":"2026-07-28T08:57:40.862Z","level":"info","component":"LiveWS","message":"[LiveWS] Client connected: %s (%s) [%d total] e79323a9 127.0.0.1 7"}
{"timestamp":"2026-07-28T08:57:43.546Z","level":"info","component":"LiveWS","message":"[LiveWS] Client connected: %s (%s) [%d total] 8ae0e820 127.0.0.1 8"}
{"timestamp":"2026-07-28T08:57:43.548Z","level":"info","component":"LiveWS","message":"[LiveWS] Client disconnected: %s [%d remaining] 8ae0e820 7"}
{"timestamp":"2026-07-28T08:57:43.865Z","level":"info","component":"LiveWS","message":"[LiveWS] Client connected: %s (%s) [%d total] 46d13993 127.0.0.1 8"}
{"timestamp":"2026-07-28T08:57:46.549Z","level":"info","component":"LiveWS","message":"[LiveWS] Client connected: %s (%s) [%d total] 15a30ec3 127.0.0.1 9"}
{"timestamp":"2026-07-28T08:57:46.552Z","level":"info","component":"LiveWS","message":"[LiveWS] Client disconnected: %s [%d remaining] 15a30ec3 8"}
{"timestamp":"2026-07-28T08:57:46.864Z","level":"info","component":"LiveWS","message":"[LiveWS] Client connected: %s (%s) [%d total] c3e9c14f 127.0.0.1 9"}
{"timestamp":"2026-07-28T08:57:49.548Z","level":"info","component":"LiveWS","message":"[LiveWS] Client connected: %s (%s) [%d total] e2447e3d 127.0.0.1 10"}
{"timestamp":"2026-07-28T08:57:49.551Z","level":"info","component":"LiveWS","message":"[LiveWS] Client disconnected: %s [%d remaining] e2447e3d 9"}
{"timestamp":"2026-07-28T08:57:49.865Z","level":"info","component":"LiveWS","message":"[LiveWS] Client connected: %s (%s) [%d total] 44ddb9a5 127.0.0.1 10"}
{"timestamp":"2026-07-28T08:57:49.972Z","level":"info","component":"LiveWS","message":"[LiveWS] Client disconnected: %s [%d remaining] bfa76e79 8"}
{"timestamp":"2026-07-28T08:57:49.973Z","level":"info","component":"LiveWS","message":"[LiveWS] Client disconnected: %s [%d remaining] e468420a 8"}
{"timestamp":"2026-07-28T08:57:51.553Z","level":"info","component":"LiveWS","message":"[LiveWS] Client connected: %s (%s) [%d total] 66421e02 127.0.0.1 9"}
{"timestamp":"2026-07-28T08:57:51.555Z","level":"info","component":"LiveWS","message":"[LiveWS] Client disconnected: %s [%d remaining] 66421e02 8"}
{"timestamp":"2026-07-28T08:57:51.869Z","level":"info","component":"LiveWS","message":"[LiveWS] Client connected: %s (%s) [%d total] 5a51731a 127.0.0.1 9"}
{"timestamp":"2026-07-28T08:57:52.547Z","level":"info","component":"LiveWS","message":"[LiveWS] Client connected: %s (%s) [%d total] 8cd7016c 127.0.0.1 10"}
{"timestamp":"2026-07-28T08:57:52.550Z","level":"info","component":"LiveWS","message":"[LiveWS] Client disconnected: %s [%d remaining] 8cd7016c 9"}
{"timestamp":"2026-07-28T08:57:52.863Z","level":"info","component":"LiveWS","message":"[LiveWS] Client connected: %s (%s) [%d total] 7c1dbada 127.0.0.1 10"}
{"timestamp":"2026-07-28T08:57:55.551Z","level":"info","component":"LiveWS","message":"[LiveWS] Client connected: %s (%s) [%d total] 3ddfccaa 127.0.0.1 11"}
{"timestamp":"2026-07-28T08:57:55.553Z","level":"info","component":"LiveWS","message":"[LiveWS] Client disconnected: %s [%d remaining] 3ddfccaa 10"}
{"timestamp":"2026-07-28T08:57:55.867Z","level":"info","component":"LiveWS","message":"[LiveWS] Client connected: %s (%s) [%d total] 290d281b 127.0.0.1 11"}
{"timestamp":"2026-07-28T08:57:58.554Z","level":"info","component":"LiveWS","message":"[LiveWS] Client connected: %s (%s) [%d total] 3a0bb2cc 127.0.0.1 12"}
{"timestamp":"2026-07-28T08:57:58.557Z","level":"info","component":"LiveWS","message":"[LiveWS] Client disconnected: %s [%d remaining] 3a0bb2cc 11"}
{"timestamp":"2026-07-28T08:57:58.870Z","level":"info","component":"LiveWS","message":"[LiveWS] Client connected: %s (%s) [%d total] f3413032 127.0.0.1 12"}
{"timestamp":"2026-07-28T08:58:01.553Z","level":"info","component":"LiveWS","message":"[LiveWS] Client connected: %s (%s) [%d total] a291da5a 127.0.0.1 13"}
{"timestamp":"2026-07-28T08:58:01.556Z","level":"info","component":"LiveWS","message":"[LiveWS] Client disconnected: %s [%d remaining] a291da5a 12"}
{"timestamp":"2026-07-28T08:58:01.868Z","level":"info","component":"LiveWS","message":"[LiveWS] Client connected: %s (%s) [%d total] 39ffaf53 127.0.0.1 13"}
{"timestamp":"2026-07-28T08:58:04.554Z","level":"info","component":"LiveWS","message":"[LiveWS] Client connected: %s (%s) [%d total] c76105de 127.0.0.1 14"}
{"timestamp":"2026-07-28T08:58:04.557Z","level":"info","component":"LiveWS","message":"[LiveWS] Client disconnected: %s [%d remaining] c76105de 13"}
{"timestamp":"2026-07-28T08:58:04.869Z","level":"info","component":"LiveWS","message":"[LiveWS] Client connected: %s (%s) [%d total] e4754821 127.0.0.1 14"}
{"timestamp":"2026-07-28T08:58:04.978Z","level":"info","component":"LiveWS","message":"[LiveWS] Client disconnected: %s [%d remaining] 08e6a865 12"}
{"timestamp":"2026-07-28T08:58:04.980Z","level":"info","component":"LiveWS","message":"[LiveWS] Client disconnected: %s [%d remaining] 9af9eedd 12"}
{"timestamp":"2026-07-28T08:58:05.548Z","level":"info","component":"LiveWS","message":"[LiveWS] Client connected: %s (%s) [%d total] f935d10d 127.0.0.1 13"}
{"timestamp":"2026-07-28T08:58:05.550Z","level":"info","component":"LiveWS","message":"[LiveWS] Client disconnected: %s [%d remaining] f935d10d 12"}
{"timestamp":"2026-07-28T08:58:05.863Z","level":"info","component":"LiveWS","message":"[LiveWS] Client connected: %s (%s) [%d total] eeff2a80 127.0.0.1 13"}
{"timestamp":"2026-07-28T08:58:07.548Z","level":"info","component":"LiveWS","message":"[LiveWS] Client connected: %s (%s) [%d total] 5ea6ecd4 127.0.0.1 14"}
{"timestamp":"2026-07-28T08:58:07.550Z","level":"info","component":"LiveWS","message":"[LiveWS] Client disconnected: %s [%d remaining] 5ea6ecd4 13"}
{"timestamp":"2026-07-28T08:58:07.864Z","level":"info","component":"LiveWS","message":"[LiveWS] Client connected: %s (%s) [%d total] 9478ea6b 127.0.0.1 14"}
{"timestamp":"2026-07-28T08:58:10.538Z","level":"info","component":"LiveWS","message":"[LiveWS] Client connected: %s (%s) [%d total] 0194be47 127.0.0.1 15"}
{"timestamp":"2026-07-28T08:58:10.542Z","level":"info","component":"LiveWS","message":"[LiveWS] Client disconnected: %s [%d remaining] 0194be47 14"}
{"timestamp":"2026-07-28T08:58:10.855Z","level":"info","component":"LiveWS","message":"[LiveWS] Client connected: %s (%s) [%d total] 9759ecc7 127.0.0.1 15"}
{"timestamp":"2026-07-28T08:58:13.553Z","level":"info","component":"LiveWS","message":"[LiveWS] Client connected: %s (%s) [%d total] 4fa5bf9a 127.0.0.1 16"}
{"timestamp":"2026-07-28T08:58:13.554Z","level":"info","component":"LiveWS","message":"[LiveWS] Client disconnected: %s [%d remaining] 4fa5bf9a 15"}
{"timestamp":"2026-07-28T08:58:13.869Z","level":"info","component":"LiveWS","message":"[LiveWS] Client connected: %s (%s) [%d total] 91b30ad8 127.0.0.1 16"}
{"timestamp":"2026-07-28T08:58:16.552Z","level":"info","component":"LiveWS","message":"[LiveWS] Client connected: %s (%s) [%d total] 8e6c518b 127.0.0.1 17"}
{"timestamp":"2026-07-28T08:58:16.554Z","level":"info","component":"LiveWS","message":"[LiveWS] Client disconnected: %s [%d remaining] 8e6c518b 16"}
{"timestamp":"2026-07-28T08:58:16.868Z","level":"info","component":"LiveWS","message":"[LiveWS] Client connected: %s (%s) [%d total] 50baa027 127.0.0.1 17"}
{"timestamp":"2026-07-28T08:58:19.555Z","level":"info","component":"LiveWS","message":"[LiveWS] Client connected: %s (%s) [%d total] 308e12aa 127.0.0.1 18"}
{"timestamp":"2026-07-28T08:58:19.558Z","level":"info","component":"LiveWS","message":"[LiveWS] Client disconnected: %s [%d remaining] 308e12aa 17"}
{"timestamp":"2026-07-28T08:58:19.869Z","level":"info","component":"LiveWS","message":"[LiveWS] Client connected: %s (%s) [%d total] 1f7c286f 127.0.0.1 18"}
{"timestamp":"2026-07-28T08:58:19.980Z","level":"info","component":"LiveWS","message":"[LiveWS] Client disconnected: %s [%d remaining] 46d13993 14"}
{"timestamp":"2026-07-28T08:58:19.981Z","level":"info","component":"LiveWS","message":"[LiveWS] Client disconnected: %s [%d remaining] e79323a9 14"}
{"timestamp":"2026-07-28T08:58:19.982Z","level":"info","component":"LiveWS","message":"[LiveWS] Client disconnected: %s [%d remaining] 0bec3c80 14"}
{"timestamp":"2026-07-28T08:58:19.982Z","level":"info","component":"LiveWS","message":"[LiveWS] Client disconnected: %s [%d remaining] 08e36ea8 14"}
{"timestamp":"2026-07-28T08:58:20.548Z","level":"info","component":"LiveWS","message":"[LiveWS] Client connected: %s (%s) [%d total] e03e08b5 127.0.0.1 15"}
{"timestamp":"2026-07-28T08:58:20.551Z","level":"info","component":"LiveWS","message":"[LiveWS] Client disconnected: %s [%d remaining] e03e08b5 14"}
{"timestamp":"2026-07-28T08:58:20.856Z","level":"info","component":"LiveWS","message":"[LiveWS] Client connected: %s (%s) [%d total] 3fbbc236 127.0.0.1 15"}
{"timestamp":"2026-07-28T08:58:21.550Z","level":"info","component":"LiveWS","message":"[LiveWS] Client connected: %s (%s) [%d total] 36a0457e 127.0.0.1 16"}
{"timestamp":"2026-07-28T08:58:21.554Z","level":"info","component":"LiveWS","message":"[LiveWS] Client disconnected: %s [%d remaining] 36a0457e 15"}
{"timestamp":"2026-07-28T08:58:21.866Z","level":"info","component":"LiveWS","message":"[LiveWS] Client connected: %s (%s) [%d total] d899b60f 127.0.0.1 16"}
{"timestamp":"2026-07-28T08:58:22.544Z","level":"info","component":"LiveWS","message":"[LiveWS] Client connected: %s (%s) [%d total] 0b4532c6 127.0.0.1 17"}
{"timestamp":"2026-07-28T08:58:22.547Z","level":"info","component":"LiveWS","message":"[LiveWS] Client disconnected: %s [%d remaining] 0b4532c6 16"}
{"timestamp":"2026-07-28T08:58:22.859Z","level":"info","component":"LiveWS","message":"[LiveWS] Client connected: %s (%s) [%d total] 53641054 127.0.0.1 17"}
{"timestamp":"2026-07-28T08:58:25.555Z","level":"info","component":"LiveWS","message":"[LiveWS] Client connected: %s (%s) [%d total] 3f75278e 127.0.0.1 18"}
{"timestamp":"2026-07-28T08:58:25.558Z","level":"info","component":"LiveWS","message":"[LiveWS] Client disconnected: %s [%d remaining] 3f75278e 17"}
{"timestamp":"2026-07-28T08:58:25.873Z","level":"info","component":"LiveWS","message":"[LiveWS] Client connected: %s (%s) [%d total] 06a65d5a 127.0.0.1 18"}
{"timestamp":"2026-07-28T08:58:28.541Z","level":"info","component":"LiveWS","message":"[LiveWS] Client connected: %s (%s) [%d total] 414b6b21 127.0.0.1 19"}
{"timestamp":"2026-07-28T08:58:28.544Z","level":"info","component":"LiveWS","message":"[LiveWS] Client disconnected: %s [%d remaining] 414b6b21 18"}
{"timestamp":"2026-07-28T08:58:28.857Z","level":"info","component":"LiveWS","message":"[LiveWS] Client connected: %s (%s) [%d total] 96bb700e 127.0.0.1 19"}
{"timestamp":"2026-07-28T08:58:31.556Z","level":"info","component":"LiveWS","message":"[LiveWS] Client connected: %s (%s) [%d total] e65f0908 127.0.0.1 20"}
{"timestamp":"2026-07-28T08:58:31.559Z","level":"info","component":"LiveWS","message":"[LiveWS] Client disconnected: %s [%d remaining] e65f0908 19"}
{"timestamp":"2026-07-28T08:58:31.869Z","level":"info","component":"LiveWS","message":"[LiveWS] Client connected: %s (%s) [%d total] 0b256a63 127.0.0.1 20"}
{"timestamp":"2026-07-28T08:58:34.555Z","level":"info","component":"LiveWS","message":"[LiveWS] Client connected: %s (%s) [%d total] d68d68b6 127.0.0.1 21"}
{"timestamp":"2026-07-28T08:58:34.557Z","level":"info","component":"LiveWS","message":"[LiveWS] Client disconnected: %s [%d remaining] d68d68b6 20"}
{"timestamp":"2026-07-28T08:58:34.870Z","level":"info","component":"LiveWS","message":"[LiveWS] Client connected: %s (%s) [%d total] 5f77ccd3 127.0.0.1 21"}
{"timestamp":"2026-07-28T08:58:34.980Z","level":"info","component":"LiveWS","message":"[LiveWS] Client disconnected: %s [%d remaining] f3413032 15"}
{"timestamp":"2026-07-28T08:58:34.982Z","level":"info","component":"LiveWS","message":"[LiveWS] Client disconnected: %s [%d remaining] 290d281b 15"}
{"timestamp":"2026-07-28T08:58:34.983Z","level":"info","component":"LiveWS","message":"[LiveWS] Client disconnected: %s [%d remaining] 7c1dbada 15"}
{"timestamp":"2026-07-28T08:58:34.984Z","level":"info","component":"LiveWS","message":"[LiveWS] Client disconnected: %s [%d remaining] 5a51731a 15"}
{"timestamp":"2026-07-28T08:58:34.985Z","level":"info","component":"LiveWS","message":"[LiveWS] Client disconnected: %s [%d remaining] 44ddb9a5 15"}
{"timestamp":"2026-07-28T08:58:34.986Z","level":"info","component":"LiveWS","message":"[LiveWS] Client disconnected: %s [%d remaining] c3e9c14f 15"}
{"timestamp":"2026-07-28T08:58:35.549Z","level":"info","component":"LiveWS","message":"[LiveWS] Client connected: %s (%s) [%d total] 2f392997 127.0.0.1 16"}
{"timestamp":"2026-07-28T08:58:35.551Z","level":"info","component":"LiveWS","message":"[LiveWS] Client disconnected: %s [%d remaining] 2f392997 15"}
{"timestamp":"2026-07-28T08:58:35.866Z","level":"info","component":"LiveWS","message":"[LiveWS] Client connected: %s (%s) [%d total] 719d35ab 127.0.0.1 16"}
{"timestamp":"2026-07-28T08:58:36.547Z","level":"info","component":"LiveWS","message":"[LiveWS] Client connected: %s (%s) [%d total] 983172ae 127.0.0.1 17"}
{"timestamp":"2026-07-28T08:58:36.862Z","level":"info","component":"LiveWS","message":"[LiveWS] Client connected: %s (%s) [%d total] c4bf7e0a 127.0.0.1 18"}
{"timestamp":"2026-07-28T08:58:37.224Z","level":"info","component":"LiveWS","message":"[LiveWS] Client disconnected: %s [%d remaining] c4bf7e0a 17"}
{"timestamp":"2026-07-28T08:58:37.541Z","level":"info","component":"LiveWS","message":"[LiveWS] Client connected: %s (%s) [%d total] d4e5228d 127.0.0.1 18"}
{"timestamp":"2026-07-28T08:58:37.858Z","level":"info","component":"LiveWS","message":"[LiveWS] Client connected: %s (%s) [%d total] 1d3a126d 127.0.0.1 19"}
{"timestamp":"2026-07-28T08:58:49.979Z","level":"info","component":"LiveWS","message":"[LiveWS] Client disconnected: %s [%d remaining] 91b30ad8 13"}
{"timestamp":"2026-07-28T08:58:49.981Z","level":"info","component":"LiveWS","message":"[LiveWS] Client disconnected: %s [%d remaining] 9759ecc7 13"}
{"timestamp":"2026-07-28T08:58:49.983Z","level":"info","component":"LiveWS","message":"[LiveWS] Client disconnected: %s [%d remaining] 9478ea6b 13"}
{"timestamp":"2026-07-28T08:58:49.984Z","level":"info","component":"LiveWS","message":"[LiveWS] Client disconnected: %s [%d remaining] eeff2a80 13"}
{"timestamp":"2026-07-28T08:58:49.985Z","level":"info","component":"LiveWS","message":"[LiveWS] Client disconnected: %s [%d remaining] e4754821 13"}
{"timestamp":"2026-07-28T08:58:49.986Z","level":"info","component":"LiveWS","message":"[LiveWS] Client disconnected: %s [%d remaining] 39ffaf53 13"}
{"timestamp":"2026-07-28T08:58:51.545Z","level":"info","component":"LiveWS","message":"[LiveWS] Client connected: %s (%s) [%d total] ea12c2f2 127.0.0.1 14"}
{"timestamp":"2026-07-28T08:58:51.547Z","level":"info","component":"LiveWS","message":"[LiveWS] Client disconnected: %s [%d remaining] ea12c2f2 13"}
{"timestamp":"2026-07-28T08:58:51.862Z","level":"info","component":"LiveWS","message":"[LiveWS] Client connected: %s (%s) [%d total] b27fb64c 127.0.0.1 14"}
{"timestamp":"2026-07-28T08:59:04.986Z","level":"info","component":"LiveWS","message":"[LiveWS] Client disconnected: %s [%d remaining] 96bb700e 7"}
{"timestamp":"2026-07-28T08:59:04.988Z","level":"info","component":"LiveWS","message":"[LiveWS] Client disconnected: %s [%d remaining] 06a65d5a 7"}
{"timestamp":"2026-07-28T08:59:04.989Z","level":"info","component":"LiveWS","message":"[LiveWS] Client disconnected: %s [%d remaining] 53641054 7"}
{"timestamp":"2026-07-28T08:59:04.990Z","level":"info","component":"LiveWS","message":"[LiveWS] Client disconnected: %s [%d remaining] d899b60f 7"}
{"timestamp":"2026-07-28T08:59:04.990Z","level":"info","component":"LiveWS","message":"[LiveWS] Client disconnected: %s [%d remaining] 3fbbc236 7"}
{"timestamp":"2026-07-28T08:59:04.991Z","level":"info","component":"LiveWS","message":"[LiveWS] Client disconnected: %s [%d remaining] 1f7c286f 7"}
{"timestamp":"2026-07-28T08:59:04.992Z","level":"info","component":"LiveWS","message":"[LiveWS] Client disconnected: %s [%d remaining] 50baa027 7"}
{"timestamp":"2026-07-28T08:59:06.547Z","level":"info","component":"LiveWS","message":"[LiveWS] Client connected: %s (%s) [%d total] b7d07217 127.0.0.1 8"}
{"timestamp":"2026-07-28T08:59:06.862Z","level":"info","component":"LiveWS","message":"[LiveWS] Client connected: %s (%s) [%d total] 7ecd03c9 127.0.0.1 9"}
{"timestamp":"2026-07-28T08:59:20.004Z","level":"info","component":"LiveWS","message":"[LiveWS] Client disconnected: %s [%d remaining] 1d3a126d 3"}
{"timestamp":"2026-07-28T08:59:20.012Z","level":"info","component":"LiveWS","message":"[LiveWS] Client disconnected: %s [%d remaining] d4e5228d 3"}
{"timestamp":"2026-07-28T08:59:20.013Z","level":"info","component":"LiveWS","message":"[LiveWS] Client disconnected: %s [%d remaining] 983172ae 3"}
{"timestamp":"2026-07-28T08:59:20.014Z","level":"info","component":"LiveWS","message":"[LiveWS] Client disconnected: %s [%d remaining] 719d35ab 3"}
{"timestamp":"2026-07-28T08:59:20.015Z","level":"info","component":"LiveWS","message":"[LiveWS] Client disconnected: %s [%d remaining] 5f77ccd3 3"}
{"timestamp":"2026-07-28T08:59:20.016Z","level":"info","component":"LiveWS","message":"[LiveWS] Client disconnected: %s [%d remaining] 0b256a63 3"}
{"timestamp":"2026-07-28T08:59:21.539Z","level":"info","component":"LiveWS","message":"[LiveWS] Client connected: %s (%s) [%d total] 23e2444f 127.0.0.1 4"}
{"timestamp":"2026-07-28T08:59:21.541Z","level":"info","component":"LiveWS","message":"[LiveWS] Client disconnected: %s [%d remaining] 23e2444f 3"}
{"timestamp":"2026-07-28T08:59:21.846Z","level":"info","component":"LiveWS","message":"[LiveWS] Client connected: %s (%s) [%d total] f5074e5a 127.0.0.1 4"}
{"timestamp":"2026-07-28T08:59:22.547Z","level":"info","component":"LiveWS","message":"[LiveWS] Client connected: %s (%s) [%d total] 4cc3365c 127.0.0.1 5"}
{"timestamp":"2026-07-28T08:59:22.549Z","level":"info","component":"LiveWS","message":"[LiveWS] Client disconnected: %s [%d remaining] 4cc3365c 4"}
{"timestamp":"2026-07-28T08:59:22.865Z","level":"info","component":"LiveWS","message":"[LiveWS] Client connected: %s (%s) [%d total] b17409a0 127.0.0.1 5"}
{"timestamp":"2026-07-28T08:59:27.534Z","level":"info","component":"LiveWS","message":"[LiveWS] Client connected: %s (%s) [%d total] 65cd829d 127.0.0.1 6"}
{"timestamp":"2026-07-28T08:59:27.537Z","level":"info","component":"LiveWS","message":"[LiveWS] Client disconnected: %s [%d remaining] 65cd829d 5"}
{"timestamp":"2026-07-28T08:59:27.847Z","level":"info","component":"LiveWS","message":"[LiveWS] Client connected: %s (%s) [%d total] d3140643 127.0.0.1 6"}
{"timestamp":"2026-07-28T08:59:30.547Z","level":"info","component":"LiveWS","message":"[LiveWS] Client connected: %s (%s) [%d total] d4a04fc2 127.0.0.1 7"}
{"timestamp":"2026-07-28T08:59:30.550Z","level":"info","component":"LiveWS","message":"[LiveWS] Client disconnected: %s [%d remaining] d4a04fc2 6"}
{"timestamp":"2026-07-28T08:59:30.854Z","level":"info","component":"LiveWS","message":"[LiveWS] Client connected: %s (%s) [%d total] 346766d9 127.0.0.1 7"}
{"timestamp":"2026-07-28T08:59:33.536Z","level":"info","component":"LiveWS","message":"[LiveWS] Client connected: %s (%s) [%d total] 31839d7d 127.0.0.1 8"}
{"timestamp":"2026-07-28T08:59:33.538Z","level":"info","component":"LiveWS","message":"[LiveWS] Client disconnected: %s [%d remaining] 31839d7d 7"}
{"timestamp":"2026-07-28T08:59:33.845Z","level":"info","component":"LiveWS","message":"[LiveWS] Client connected: %s (%s) [%d total] 08b98af0 127.0.0.1 8"}
{"timestamp":"2026-07-28T08:59:35.005Z","level":"info","component":"LiveWS","message":"[LiveWS] Client disconnected: %s [%d remaining] b27fb64c 7"}
{"timestamp":"2026-07-28T08:59:36.564Z","level":"info","component":"LiveWS","message":"[LiveWS] Client connected: %s (%s) [%d total] 2cb3007d 127.0.0.1 8"}
{"timestamp":"2026-07-28T08:59:36.585Z","level":"info","component":"LiveWS","message":"[LiveWS] Client disconnected: %s [%d remaining] 2cb3007d 7"}
{"timestamp":"2026-07-28T08:59:36.890Z","level":"info","component":"LiveWS","message":"[LiveWS] Client connected: %s (%s) [%d total] 362bd4ff 127.0.0.1 8"}
{"timestamp":"2026-07-28T08:59:41.530Z","level":"info","component":"LiveWS","message":"[LiveWS] Client connected: %s (%s) [%d total] 767aed3d 127.0.0.1 9"}
{"timestamp":"2026-07-28T08:59:41.532Z","level":"info","component":"LiveWS","message":"[LiveWS] Client disconnected: %s [%d remaining] 767aed3d 8"}
{"timestamp":"2026-07-28T08:59:41.847Z","level":"info","component":"LiveWS","message":"[LiveWS] Client connected: %s (%s) [%d total] 1806c620 127.0.0.1 9"}
{"timestamp":"2026-07-28T08:59:44.536Z","level":"info","component":"LiveWS","message":"[LiveWS] Client connected: %s (%s) [%d total] 8f07e0ad 127.0.0.1 10"}
{"timestamp":"2026-07-28T08:59:44.539Z","level":"info","component":"LiveWS","message":"[LiveWS] Client disconnected: %s [%d remaining] 8f07e0ad 9"}
{"timestamp":"2026-07-28T08:59:44.885Z","level":"info","component":"LiveWS","message":"[LiveWS] Client connected: %s (%s) [%d total] d2d90d09 127.0.0.1 10"}
{"timestamp":"2026-07-28T08:59:47.543Z","level":"info","component":"LiveWS","message":"[LiveWS] Client connected: %s (%s) [%d total] a382e64b 127.0.0.1 11"}
{"timestamp":"2026-07-28T08:59:47.546Z","level":"info","component":"LiveWS","message":"[LiveWS] Client disconnected: %s [%d remaining] a382e64b 10"}
{"timestamp":"2026-07-28T08:59:47.850Z","level":"info","component":"LiveWS","message":"[LiveWS] Client connected: %s (%s) [%d total] 8f8fcb33 127.0.0.1 11"}
{"timestamp":"2026-07-28T08:59:50.013Z","level":"info","component":"LiveWS","message":"[LiveWS] Client disconnected: %s [%d remaining] 7ecd03c9 9"}
{"timestamp":"2026-07-28T08:59:50.022Z","level":"info","component":"LiveWS","message":"[LiveWS] Client disconnected: %s [%d remaining] b7d07217 9"}
{"timestamp":"2026-07-28T08:59:50.534Z","level":"info","component":"LiveWS","message":"[LiveWS] Client connected: %s (%s) [%d total] aca3330f 127.0.0.1 10"}
{"timestamp":"2026-07-28T08:59:50.541Z","level":"info","component":"LiveWS","message":"[LiveWS] Client disconnected: %s [%d remaining] aca3330f 9"}
{"timestamp":"2026-07-28T08:59:50.844Z","level":"info","component":"LiveWS","message":"[LiveWS] Client connected: %s (%s) [%d total] dcc99636 127.0.0.1 10"}
{"timestamp":"2026-07-28T08:59:55.533Z","level":"info","component":"LiveWS","message":"[LiveWS] Client connected: %s (%s) [%d total] f6c6ca5d 127.0.0.1 11"}
{"timestamp":"2026-07-28T08:59:55.537Z","level":"info","component":"LiveWS","message":"[LiveWS] Client disconnected: %s [%d remaining] f6c6ca5d 10"}
{"timestamp":"2026-07-28T08:59:55.856Z","level":"info","component":"LiveWS","message":"[LiveWS] Client connected: %s (%s) [%d total] 1d3a7a39 127.0.0.1 11"}
{"timestamp":"2026-07-28T08:59:58.541Z","level":"info","component":"LiveWS","message":"[LiveWS] Client connected: %s (%s) [%d total] b5b78015 127.0.0.1 12"}
{"timestamp":"2026-07-28T08:59:58.543Z","level":"info","component":"LiveWS","message":"[LiveWS] Client disconnected: %s [%d remaining] b5b78015 11"}
{"timestamp":"2026-07-28T08:59:58.852Z","level":"info","component":"LiveWS","message":"[LiveWS] Client connected: %s (%s) [%d total] 4ffec681 127.0.0.1 12"}
{"timestamp":"2026-07-28T09:00:01.555Z","level":"info","component":"LiveWS","message":"[LiveWS] Client connected: %s (%s) [%d total] 4faa26b3 127.0.0.1 13"}
{"timestamp":"2026-07-28T09:00:01.578Z","level":"info","component":"LiveWS","message":"[LiveWS] Client disconnected: %s [%d remaining] 4faa26b3 12"}
{"timestamp":"2026-07-28T09:00:01.861Z","level":"info","component":"LiveWS","message":"[LiveWS] Client connected: %s (%s) [%d total] c45c5f1e 127.0.0.1 13"}
{"timestamp":"2026-07-28T09:00:04.535Z","level":"info","component":"LiveWS","message":"[LiveWS] Client connected: %s (%s) [%d total] c90fdd3e 127.0.0.1 14"}
{"timestamp":"2026-07-28T09:00:04.542Z","level":"info","component":"LiveWS","message":"[LiveWS] Client disconnected: %s [%d remaining] c90fdd3e 13"}
{"timestamp":"2026-07-28T09:00:04.840Z","level":"info","component":"LiveWS","message":"[LiveWS] Client connected: %s (%s) [%d total] dcd01cef 127.0.0.1 14"}
{"timestamp":"2026-07-28T09:00:05.012Z","level":"info","component":"LiveWS","message":"[LiveWS] Client disconnected: %s [%d remaining] d3140643 11"}
{"timestamp":"2026-07-28T09:00:05.023Z","level":"info","component":"LiveWS","message":"[LiveWS] Client disconnected: %s [%d remaining] b17409a0 11"}
{"timestamp":"2026-07-28T09:00:05.037Z","level":"info","component":"LiveWS","message":"[LiveWS] Client disconnected: %s [%d remaining] f5074e5a 11"}
{"timestamp":"2026-07-28T09:00:06.533Z","level":"info","component":"LiveWS","message":"[LiveWS] Client connected: %s (%s) [%d total] 9e75b4d3 127.0.0.1 12"}
{"timestamp":"2026-07-28T09:00:06.540Z","level":"info","component":"LiveWS","message":"[LiveWS] Client disconnected: %s [%d remaining] 9e75b4d3 11"}
{"timestamp":"2026-07-28T09:00:06.840Z","level":"info","component":"LiveWS","message":"[LiveWS] Client connected: %s (%s) [%d total] 8f4b2d27 127.0.0.1 12"}
{"timestamp":"2026-07-28T09:00:07.533Z","level":"info","component":"LiveWS","message":"[LiveWS] Client connected: %s (%s) [%d total] 1109e307 127.0.0.1 13"}
{"timestamp":"2026-07-28T09:00:07.535Z","level":"info","component":"LiveWS","message":"[LiveWS] Client disconnected: %s [%d remaining] 1109e307 12"}
{"timestamp":"2026-07-28T09:00:07.843Z","level":"info","component":"LiveWS","message":"[LiveWS] Client connected: %s (%s) [%d total] 96094d67 127.0.0.1 13"}
{"timestamp":"2026-07-28T09:00:10.540Z","level":"info","component":"LiveWS","message":"[LiveWS] Client connected: %s (%s) [%d total] a8b8ca96 127.0.0.1 14"}
{"timestamp":"2026-07-28T09:00:10.544Z","level":"info","component":"LiveWS","message":"[LiveWS] Client disconnected: %s [%d remaining] a8b8ca96 13"}
{"timestamp":"2026-07-28T09:00:10.851Z","level":"info","component":"LiveWS","message":"[LiveWS] Client connected: %s (%s) [%d total] 2fdd488c 127.0.0.1 14"}
{"timestamp":"2026-07-28T09:00:13.537Z","level":"info","component":"LiveWS","message":"[LiveWS] Client connected: %s (%s) [%d total] 4c554d3b 127.0.0.1 15"}
{"timestamp":"2026-07-28T09:00:13.539Z","level":"info","component":"LiveWS","message":"[LiveWS] Client disconnected: %s [%d remaining] 4c554d3b 14"}
{"timestamp":"2026-07-28T09:00:13.856Z","level":"info","component":"LiveWS","message":"[LiveWS] Client connected: %s (%s) [%d total] c8d1e8b3 127.0.0.1 15"}
{"timestamp":"2026-07-28T09:00:16.536Z","level":"info","component":"LiveWS","message":"[LiveWS] Client connected: %s (%s) [%d total] 5ce7895a 127.0.0.1 16"}
{"timestamp":"2026-07-28T09:00:16.538Z","level":"info","component":"LiveWS","message":"[LiveWS] Client disconnected: %s [%d remaining] 5ce7895a 15"}
{"timestamp":"2026-07-28T09:00:16.842Z","level":"info","component":"LiveWS","message":"[LiveWS] Client connected: %s (%s) [%d total] cf55bf6a 127.0.0.1 16"}
{"timestamp":"2026-07-28T09:00:19.536Z","level":"info","component":"LiveWS","message":"[LiveWS] Client connected: %s (%s) [%d total] 2904b91e 127.0.0.1 17"}
{"timestamp":"2026-07-28T09:00:19.539Z","level":"info","component":"LiveWS","message":"[LiveWS] Client disconnected: %s [%d remaining] 2904b91e 16"}
{"timestamp":"2026-07-28T09:00:19.845Z","level":"info","component":"LiveWS","message":"[LiveWS] Client connected: %s (%s) [%d total] fa21d253 127.0.0.1 17"}
{"timestamp":"2026-07-28T09:00:20.019Z","level":"info","component":"LiveWS","message":"[LiveWS] Client disconnected: %s [%d remaining] d2d90d09 12"}
{"timestamp":"2026-07-28T09:00:20.020Z","level":"info","component":"LiveWS","message":"[LiveWS] Client disconnected: %s [%d remaining] 1806c620 12"}
{"timestamp":"2026-07-28T09:00:20.021Z","level":"info","component":"LiveWS","message":"[LiveWS] Client disconnected: %s [%d remaining] 362bd4ff 12"}
{"timestamp":"2026-07-28T09:00:20.022Z","level":"info","component":"LiveWS","message":"[LiveWS] Client disconnected: %s [%d remaining] 08b98af0 12"}
{"timestamp":"2026-07-28T09:00:20.023Z","level":"info","component":"LiveWS","message":"[LiveWS] Client disconnected: %s [%d remaining] 346766d9 12"}
{"timestamp":"2026-07-28T09:00:20.536Z","level":"info","component":"LiveWS","message":"[LiveWS] Client connected: %s (%s) [%d total] c9f5d0de 127.0.0.1 13"}
{"timestamp":"2026-07-28T09:00:20.539Z","level":"info","component":"LiveWS","message":"[LiveWS] Client disconnected: %s [%d remaining] c9f5d0de 12"}
{"timestamp":"2026-07-28T09:00:20.848Z","level":"info","component":"LiveWS","message":"[LiveWS] Client connected: %s (%s) [%d total] b7b2eb50 127.0.0.1 13"}
{"timestamp":"2026-07-28T09:00:21.546Z","level":"info","component":"LiveWS","message":"[LiveWS] Client connected: %s (%s) [%d total] 9ccf328f 127.0.0.1 14"}
{"timestamp":"2026-07-28T09:00:21.550Z","level":"info","component":"LiveWS","message":"[LiveWS] Client disconnected: %s [%d remaining] 9ccf328f 13"}
{"timestamp":"2026-07-28T09:00:21.864Z","level":"info","component":"LiveWS","message":"[LiveWS] Client connected: %s (%s) [%d total] 3f80157e 127.0.0.1 14"}
{"timestamp":"2026-07-28T09:00:22.545Z","level":"info","component":"LiveWS","message":"[LiveWS] Client connected: %s (%s) [%d total] 2047b2c4 127.0.0.1 15"}
{"timestamp":"2026-07-28T09:00:22.548Z","level":"info","component":"LiveWS","message":"[LiveWS] Client disconnected: %s [%d remaining] 2047b2c4 14"}
{"timestamp":"2026-07-28T09:00:22.855Z","level":"info","component":"LiveWS","message":"[LiveWS] Client connected: %s (%s) [%d total] f2c70586 127.0.0.1 15"}
{"timestamp":"2026-07-28T09:00:25.547Z","level":"info","component":"LiveWS","message":"[LiveWS] Client connected: %s (%s) [%d total] c7792a87 127.0.0.1 16"}
{"timestamp":"2026-07-28T09:00:25.549Z","level":"info","component":"LiveWS","message":"[LiveWS] Client disconnected: %s [%d remaining] c7792a87 15"}
{"timestamp":"2026-07-28T09:00:25.863Z","level":"info","component":"LiveWS","message":"[LiveWS] Client connected: %s (%s) [%d total] 4f2e4159 127.0.0.1 16"}
{"timestamp":"2026-07-28T09:00:28.544Z","level":"info","component":"LiveWS","message":"[LiveWS] Client connected: %s (%s) [%d total] 0f894b0b 127.0.0.1 17"}
{"timestamp":"2026-07-28T09:00:28.550Z","level":"info","component":"LiveWS","message":"[LiveWS] Client disconnected: %s [%d remaining] 0f894b0b 16"}
{"timestamp":"2026-07-28T09:00:28.858Z","level":"info","component":"LiveWS","message":"[LiveWS] Client connected: %s (%s) [%d total] 4ac08472 127.0.0.1 17"}
{"timestamp":"2026-07-28T09:00:31.551Z","level":"info","component":"LiveWS","message":"[LiveWS] Client connected: %s (%s) [%d total] 752d7d5d 127.0.0.1 18"}
{"timestamp":"2026-07-28T09:00:31.554Z","level":"info","component":"LiveWS","message":"[LiveWS] Client disconnected: %s [%d remaining] 752d7d5d 17"}
{"timestamp":"2026-07-28T09:00:31.869Z","level":"info","component":"LiveWS","message":"[LiveWS] Client connected: %s (%s) [%d total] ad5f185c 127.0.0.1 18"}
{"timestamp":"2026-07-28T09:00:34.554Z","level":"info","component":"LiveWS","message":"[LiveWS] Client connected: %s (%s) [%d total] 4343cbef 127.0.0.1 19"}
{"timestamp":"2026-07-28T09:00:34.558Z","level":"info","component":"LiveWS","message":"[LiveWS] Client disconnected: %s [%d remaining] 4343cbef 18"}
{"timestamp":"2026-07-28T09:00:34.872Z","level":"info","component":"LiveWS","message":"[LiveWS] Client connected: %s (%s) [%d total] eff87412 127.0.0.1 19"}
{"timestamp":"2026-07-28T09:00:35.028Z","level":"info","component":"LiveWS","message":"[LiveWS] Client disconnected: %s [%d remaining] 4ffec681 15"}
{"timestamp":"2026-07-28T09:00:35.030Z","level":"info","component":"LiveWS","message":"[LiveWS] Client disconnected: %s [%d remaining] 1d3a7a39 15"}
{"timestamp":"2026-07-28T09:00:35.031Z","level":"info","component":"LiveWS","message":"[LiveWS] Client disconnected: %s [%d remaining] dcc99636 15"}
{"timestamp":"2026-07-28T09:00:35.032Z","level":"info","component":"LiveWS","message":"[LiveWS] Client disconnected: %s [%d remaining] 8f8fcb33 15"}
{"timestamp":"2026-07-28T09:00:36.557Z","level":"info","component":"LiveWS","message":"[LiveWS] Client connected: %s (%s) [%d total] 108e71c6 127.0.0.1 16"}
{"timestamp":"2026-07-28T09:00:36.560Z","level":"info","component":"LiveWS","message":"[LiveWS] Client disconnected: %s [%d remaining] 108e71c6 15"}
{"timestamp":"2026-07-28T09:00:36.872Z","level":"info","component":"LiveWS","message":"[LiveWS] Client connected: %s (%s) [%d total] c945b086 127.0.0.1 16"}
{"timestamp":"2026-07-28T09:00:37.558Z","level":"info","component":"LiveWS","message":"[LiveWS] Client connected: %s (%s) [%d total] 5d73692c 127.0.0.1 17"}
{"timestamp":"2026-07-28T09:00:37.562Z","level":"info","component":"LiveWS","message":"[LiveWS] Client disconnected: %s [%d remaining] 5d73692c 16"}
{"timestamp":"2026-07-28T09:00:37.875Z","level":"info","component":"LiveWS","message":"[LiveWS] Client connected: %s (%s) [%d total] 4410ece7 127.0.0.1 17"}
{"timestamp":"2026-07-28T09:00:40.554Z","level":"info","component":"LiveWS","message":"[LiveWS] Client connected: %s (%s) [%d total] 81e95594 127.0.0.1 18"}
{"timestamp":"2026-07-28T09:00:40.557Z","level":"info","component":"LiveWS","message":"[LiveWS] Client disconnected: %s [%d remaining] 81e95594 17"}
{"timestamp":"2026-07-28T09:00:40.872Z","level":"info","component":"LiveWS","message":"[LiveWS] Client connected: %s (%s) [%d total] db855b1b 127.0.0.1 18"}
{"timestamp":"2026-07-28T09:00:43.543Z","level":"info","component":"LiveWS","message":"[LiveWS] Client connected: %s (%s) [%d total] 3bb61f70 127.0.0.1 19"}
{"timestamp":"2026-07-28T09:00:43.547Z","level":"info","component":"LiveWS","message":"[LiveWS] Client disconnected: %s [%d remaining] 3bb61f70 18"}
{"timestamp":"2026-07-28T09:00:43.862Z","level":"info","component":"LiveWS","message":"[LiveWS] Client connected: %s (%s) [%d total] a93ff62c 127.0.0.1 19"}
{"timestamp":"2026-07-28T09:00:46.550Z","level":"info","component":"LiveWS","message":"[LiveWS] Client connected: %s (%s) [%d total] ff02d9f8 127.0.0.1 20"}
{"timestamp":"2026-07-28T09:00:46.553Z","level":"info","component":"LiveWS","message":"[LiveWS] Client disconnected: %s [%d remaining] ff02d9f8 19"}
{"timestamp":"2026-07-28T09:00:46.867Z","level":"info","component":"LiveWS","message":"[LiveWS] Client connected: %s (%s) [%d total] a8a5d766 127.0.0.1 20"}
{"timestamp":"2026-07-28T09:00:49.548Z","level":"info","component":"LiveWS","message":"[LiveWS] Client connected: %s (%s) [%d total] db2afa2e 127.0.0.1 21"}
{"timestamp":"2026-07-28T09:00:49.552Z","level":"info","component":"LiveWS","message":"[LiveWS] Client disconnected: %s [%d remaining] db2afa2e 20"}
{"timestamp":"2026-07-28T09:00:49.865Z","level":"info","component":"LiveWS","message":"[LiveWS] Client connected: %s (%s) [%d total] d5de72f9 127.0.0.1 21"}
{"timestamp":"2026-07-28T09:00:50.039Z","level":"info","component":"LiveWS","message":"[LiveWS] Client disconnected: %s [%d remaining] c8d1e8b3 15"}
{"timestamp":"2026-07-28T09:00:50.041Z","level":"info","component":"LiveWS","message":"[LiveWS] Client disconnected: %s [%d remaining] 2fdd488c 15"}
{"timestamp":"2026-07-28T09:00:50.042Z","level":"info","component":"LiveWS","message":"[LiveWS] Client disconnected: %s [%d remaining] 96094d67 15"}
{"timestamp":"2026-07-28T09:00:50.044Z","level":"info","component":"LiveWS","message":"[LiveWS] Client disconnected: %s [%d remaining] 8f4b2d27 15"}
{"timestamp":"2026-07-28T09:00:50.046Z","level":"info","component":"LiveWS","message":"[LiveWS] Client disconnected: %s [%d remaining] dcd01cef 15"}
{"timestamp":"2026-07-28T09:00:50.047Z","level":"info","component":"LiveWS","message":"[LiveWS] Client disconnected: %s [%d remaining] c45c5f1e 15"}
{"timestamp":"2026-07-28T09:00:51.550Z","level":"info","component":"LiveWS","message":"[LiveWS] Client connected: %s (%s) [%d total] 6cdb73af 127.0.0.1 16"}
{"timestamp":"2026-07-28T09:00:51.866Z","level":"info","component":"LiveWS","message":"[LiveWS] Client connected: %s (%s) [%d total] 59e7c79d 127.0.0.1 17"}
{"timestamp":"2026-07-28T09:00:52.231Z","level":"info","component":"LiveWS","message":"[LiveWS] Client disconnected: %s [%d remaining] 59e7c79d 16"}
{"timestamp":"2026-07-28T09:00:52.550Z","level":"info","component":"LiveWS","message":"[LiveWS] Client connected: %s (%s) [%d total] f00b599a 127.0.0.1 17"}
{"timestamp":"2026-07-28T09:00:52.868Z","level":"info","component":"LiveWS","message":"[LiveWS] Client connected: %s (%s) [%d total] 494c75e3 127.0.0.1 18"}
{"timestamp":"2026-07-28T09:01:05.039Z","level":"info","component":"LiveWS","message":"[LiveWS] Client disconnected: %s [%d remaining] 4ac08472 11"}
{"timestamp":"2026-07-28T09:01:05.041Z","level":"info","component":"LiveWS","message":"[LiveWS] Client disconnected: %s [%d remaining] 4f2e4159 11"}
{"timestamp":"2026-07-28T09:01:05.043Z","level":"info","component":"LiveWS","message":"[LiveWS] Client disconnected: %s [%d remaining] f2c70586 11"}
{"timestamp":"2026-07-28T09:01:05.046Z","level":"info","component":"LiveWS","message":"[LiveWS] Client disconnected: %s [%d remaining] 3f80157e 11"}
{"timestamp":"2026-07-28T09:01:05.047Z","level":"info","component":"LiveWS","message":"[LiveWS] Client disconnected: %s [%d remaining] b7b2eb50 11"}
{"timestamp":"2026-07-28T09:01:05.048Z","level":"info","component":"LiveWS","message":"[LiveWS] Client disconnected: %s [%d remaining] fa21d253 11"}
{"timestamp":"2026-07-28T09:01:05.048Z","level":"info","component":"LiveWS","message":"[LiveWS] Client disconnected: %s [%d remaining] cf55bf6a 11"}
{"timestamp":"2026-07-28T09:01:06.546Z","level":"info","component":"LiveWS","message":"[LiveWS] Client connected: %s (%s) [%d total] 09ede421 127.0.0.1 12"}
{"timestamp":"2026-07-28T09:01:06.863Z","level":"info","component":"LiveWS","message":"[LiveWS] Client connected: %s (%s) [%d total] 23cd53a6 127.0.0.1 13"}
{"timestamp":"2026-07-28T09:01:20.046Z","level":"info","component":"LiveWS","message":"[LiveWS] Client disconnected: %s [%d remaining] a93ff62c 7"}
{"timestamp":"2026-07-28T09:01:20.048Z","level":"info","component":"LiveWS","message":"[LiveWS] Client disconnected: %s [%d remaining] db855b1b 7"}
{"timestamp":"2026-07-28T09:01:20.050Z","level":"info","component":"LiveWS","message":"[LiveWS] Client disconnected: %s [%d remaining] 4410ece7 7"}
{"timestamp":"2026-07-28T09:01:20.051Z","level":"info","component":"LiveWS","message":"[LiveWS] Client disconnected: %s [%d remaining] c945b086 7"}
{"timestamp":"2026-07-28T09:01:20.052Z","level":"info","component":"LiveWS","message":"[LiveWS] Client disconnected: %s [%d remaining] eff87412 7"}
{"timestamp":"2026-07-28T09:01:20.053Z","level":"info","component":"LiveWS","message":"[LiveWS] Client disconnected: %s [%d remaining] ad5f185c 7"}
{"timestamp":"2026-07-28T09:01:21.551Z","level":"info","component":"LiveWS","message":"[LiveWS] Client connected: %s (%s) [%d total] 04f3cf6e 127.0.0.1 8"}
{"timestamp":"2026-07-28T09:01:21.868Z","level":"info","component":"LiveWS","message":"[LiveWS] Client connected: %s (%s) [%d total] 23d0cf46 127.0.0.1 9"}
{"timestamp":"2026-07-28T09:01:35.050Z","level":"info","component":"LiveWS","message":"[LiveWS] Client disconnected: %s [%d remaining] 494c75e3 4"}
{"timestamp":"2026-07-28T09:01:35.052Z","level":"info","component":"LiveWS","message":"[LiveWS] Client disconnected: %s [%d remaining] f00b599a 4"}
{"timestamp":"2026-07-28T09:01:35.053Z","level":"info","component":"LiveWS","message":"[LiveWS] Client disconnected: %s [%d remaining] 6cdb73af 4"}
{"timestamp":"2026-07-28T09:01:35.054Z","level":"info","component":"LiveWS","message":"[LiveWS] Client disconnected: %s [%d remaining] d5de72f9 4"}
{"timestamp":"2026-07-28T09:01:35.055Z","level":"info","component":"LiveWS","message":"[LiveWS] Client disconnected: %s [%d remaining] a8a5d766 4"}
{"timestamp":"2026-07-28T09:01:36.554Z","level":"info","component":"LiveWS","message":"[LiveWS] Client connected: %s (%s) [%d total] f7a597dc 127.0.0.1 5"}
{"timestamp":"2026-07-28T09:01:36.557Z","level":"info","component":"LiveWS","message":"[LiveWS] Client disconnected: %s [%d remaining] f7a597dc 4"}
{"timestamp":"2026-07-28T09:01:36.864Z","level":"info","component":"LiveWS","message":"[LiveWS] Client connected: %s (%s) [%d total] a5766f36 127.0.0.1 5"}
{"timestamp":"2026-07-28T09:01:37.559Z","level":"info","component":"LiveWS","message":"[LiveWS] Client connected: %s (%s) [%d total] fc606370 127.0.0.1 6"}
{"timestamp":"2026-07-28T09:01:37.563Z","level":"info","component":"LiveWS","message":"[LiveWS] Client disconnected: %s [%d remaining] fc606370 5"}
{"timestamp":"2026-07-28T09:01:37.873Z","level":"info","component":"LiveWS","message":"[LiveWS] Client connected: %s (%s) [%d total] 4c4001f5 127.0.0.1 6"}
{"timestamp":"2026-07-28T09:01:40.533Z","level":"info","component":"LiveWS","message":"[LiveWS] Client connected: %s (%s) [%d total] 33cf26ec 127.0.0.1 7"}
{"timestamp":"2026-07-28T09:01:40.535Z","level":"info","component":"LiveWS","message":"[LiveWS] Client disconnected: %s [%d remaining] 33cf26ec 6"}
{"timestamp":"2026-07-28T09:01:40.845Z","level":"info","component":"LiveWS","message":"[LiveWS] Client connected: %s (%s) [%d total] c219b93c 127.0.0.1 7"}
{"timestamp":"2026-07-28T09:01:43.535Z","level":"info","component":"LiveWS","message":"[LiveWS] Client connected: %s (%s) [%d total] d57ec85e 127.0.0.1 8"}
{"timestamp":"2026-07-28T09:01:43.538Z","level":"info","component":"LiveWS","message":"[LiveWS] Client disconnected: %s [%d remaining] d57ec85e 7"}
{"timestamp":"2026-07-28T09:01:43.848Z","level":"info","component":"LiveWS","message":"[LiveWS] Client connected: %s (%s) [%d total] 820fd26d 127.0.0.1 8"}
{"timestamp":"2026-07-28T09:01:46.546Z","level":"info","component":"LiveWS","message":"[LiveWS] Client connected: %s (%s) [%d total] c027b582 127.0.0.1 9"}
{"timestamp":"2026-07-28T09:01:46.549Z","level":"info","component":"LiveWS","message":"[LiveWS] Client disconnected: %s [%d remaining] c027b582 8"}
{"timestamp":"2026-07-28T09:01:46.862Z","level":"info","component":"LiveWS","message":"[LiveWS] Client connected: %s (%s) [%d total] 48b60e32 127.0.0.1 9"}
{"timestamp":"2026-07-28T09:01:49.539Z","level":"info","component":"LiveWS","message":"[LiveWS] Client connected: %s (%s) [%d total] 095225cd 127.0.0.1 10"}
{"timestamp":"2026-07-28T09:01:49.543Z","level":"info","component":"LiveWS","message":"[LiveWS] Client disconnected: %s [%d remaining] 095225cd 9"}
{"timestamp":"2026-07-28T09:01:49.852Z","level":"info","component":"LiveWS","message":"[LiveWS] Client connected: %s (%s) [%d total] a7f66564 127.0.0.1 10"}
{"timestamp":"2026-07-28T09:01:50.055Z","level":"info","component":"LiveWS","message":"[LiveWS] Client disconnected: %s [%d remaining] 23cd53a6 8"}
{"timestamp":"2026-07-28T09:01:50.058Z","level":"info","component":"LiveWS","message":"[LiveWS] Client disconnected: %s [%d remaining] 09ede421 8"}
{"timestamp":"2026-07-28T09:01:51.547Z","level":"info","component":"LiveWS","message":"[LiveWS] Client connected: %s (%s) [%d total] 7f8b4b29 127.0.0.1 9"}
{"timestamp":"2026-07-28T09:01:51.551Z","level":"info","component":"LiveWS","message":"[LiveWS] Client disconnected: %s [%d remaining] 7f8b4b29 8"}
{"timestamp":"2026-07-28T09:01:51.863Z","level":"info","component":"LiveWS","message":"[LiveWS] Client connected: %s (%s) [%d total] 2871d212 127.0.0.1 9"}
{"timestamp":"2026-07-28T09:01:52.557Z","level":"info","component":"LiveWS","message":"[LiveWS] Client connected: %s (%s) [%d total] e4e3ea65 127.0.0.1 10"}
{"timestamp":"2026-07-28T09:01:52.562Z","level":"info","component":"LiveWS","message":"[LiveWS] Client disconnected: %s [%d remaining] e4e3ea65 9"}
{"timestamp":"2026-07-28T09:01:52.870Z","level":"info","component":"LiveWS","message":"[LiveWS] Client connected: %s (%s) [%d total] e5bc5237 127.0.0.1 10"}
{"timestamp":"2026-07-28T09:01:55.549Z","level":"info","component":"LiveWS","message":"[LiveWS] Client connected: %s (%s) [%d total] 0ac0faf4 127.0.0.1 11"}
{"timestamp":"2026-07-28T09:01:55.553Z","level":"info","component":"LiveWS","message":"[LiveWS] Client disconnected: %s [%d remaining] 0ac0faf4 10"}
{"timestamp":"2026-07-28T09:01:55.864Z","level":"info","component":"LiveWS","message":"[LiveWS] Client connected: %s (%s) [%d total] df442df8 127.0.0.1 11"}
{"timestamp":"2026-07-28T09:01:58.553Z","level":"info","component":"LiveWS","message":"[LiveWS] Client connected: %s (%s) [%d total] dc825109 127.0.0.1 12"}
{"timestamp":"2026-07-28T09:01:58.557Z","level":"info","component":"LiveWS","message":"[LiveWS] Client disconnected: %s [%d remaining] dc825109 11"}
{"timestamp":"2026-07-28T09:01:58.867Z","level":"info","component":"LiveWS","message":"[LiveWS] Client connected: %s (%s) [%d total] d9f8f843 127.0.0.1 12"}
{"timestamp":"2026-07-28T09:02:01.554Z","level":"info","component":"LiveWS","message":"[LiveWS] Client connected: %s (%s) [%d total] 0d2719f9 127.0.0.1 13"}
{"timestamp":"2026-07-28T09:02:01.557Z","level":"info","component":"LiveWS","message":"[LiveWS] Client disconnected: %s [%d remaining] 0d2719f9 12"}
{"timestamp":"2026-07-28T09:02:01.873Z","level":"info","component":"LiveWS","message":"[LiveWS] Client connected: %s (%s) [%d total] cccf2a70 127.0.0.1 13"}
{"timestamp":"2026-07-28T09:02:04.555Z","level":"info","component":"LiveWS","message":"[LiveWS] Client connected: %s (%s) [%d total] 386586a3 127.0.0.1 14"}
{"timestamp":"2026-07-28T09:02:04.559Z","level":"info","component":"LiveWS","message":"[LiveWS] Client disconnected: %s [%d remaining] 386586a3 13"}
{"timestamp":"2026-07-28T09:02:04.872Z","level":"info","component":"LiveWS","message":"[LiveWS] Client connected: %s (%s) [%d total] 36eb36bb 127.0.0.1 14"}
{"timestamp":"2026-07-28T09:02:05.062Z","level":"info","component":"LiveWS","message":"[LiveWS] Client disconnected: %s [%d remaining] 23d0cf46 12"}
{"timestamp":"2026-07-28T09:02:05.065Z","level":"info","component":"LiveWS","message":"[LiveWS] Client disconnected: %s [%d remaining] 04f3cf6e 12"}
{"timestamp":"2026-07-28T09:02:05.554Z","level":"info","component":"LiveWS","message":"[LiveWS] Client connected: %s (%s) [%d total] 14ade4f5 127.0.0.1 13"}
{"timestamp":"2026-07-28T09:02:05.557Z","level":"info","component":"LiveWS","message":"[LiveWS] Client disconnected: %s [%d remaining] 14ade4f5 12"}
{"timestamp":"2026-07-28T09:02:05.874Z","level":"info","component":"LiveWS","message":"[LiveWS] Client connected: %s (%s) [%d total] b205ddbe 127.0.0.1 13"}
{"timestamp":"2026-07-28T09:02:07.554Z","level":"info","component":"LiveWS","message":"[LiveWS] Client connected: %s (%s) [%d total] 9f929aa0 127.0.0.1 14"}
{"timestamp":"2026-07-28T09:02:07.559Z","level":"info","component":"LiveWS","message":"[LiveWS] Client disconnected: %s [%d remaining] 9f929aa0 13"}
{"timestamp":"2026-07-28T09:02:07.871Z","level":"info","component":"LiveWS","message":"[LiveWS] Client connected: %s (%s) [%d total] c84a8c13 127.0.0.1 14"}
{"timestamp":"2026-07-28T09:02:10.553Z","level":"info","component":"LiveWS","message":"[LiveWS] Client connected: %s (%s) [%d total] 3261db7d 127.0.0.1 15"}
{"timestamp":"2026-07-28T09:02:10.556Z","level":"info","component":"LiveWS","message":"[LiveWS] Client disconnected: %s [%d remaining] 3261db7d 14"}
{"timestamp":"2026-07-28T09:02:10.871Z","level":"info","component":"LiveWS","message":"[LiveWS] Client connected: %s (%s) [%d total] 6aa585ff 127.0.0.1 15"}
{"timestamp":"2026-07-28T09:02:13.547Z","level":"info","component":"LiveWS","message":"[LiveWS] Client connected: %s (%s) [%d total] a8675585 127.0.0.1 16"}
{"timestamp":"2026-07-28T09:02:13.549Z","level":"info","component":"LiveWS","message":"[LiveWS] Client disconnected: %s [%d remaining] a8675585 15"}
{"timestamp":"2026-07-28T09:02:13.866Z","level":"info","component":"LiveWS","message":"[LiveWS] Client connected: %s (%s) [%d total] 4ed41f6e 127.0.0.1 16"}
{"timestamp":"2026-07-28T09:02:16.541Z","level":"info","component":"LiveWS","message":"[LiveWS] Client connected: %s (%s) [%d total] 23f444e1 127.0.0.1 17"}
{"timestamp":"2026-07-28T09:02:16.544Z","level":"info","component":"LiveWS","message":"[LiveWS] Client disconnected: %s [%d remaining] 23f444e1 16"}
{"timestamp":"2026-07-28T09:02:16.860Z","level":"info","component":"LiveWS","message":"[LiveWS] Client connected: %s (%s) [%d total] 9d449bb3 127.0.0.1 17"}
{"timestamp":"2026-07-28T09:02:19.554Z","level":"info","component":"LiveWS","message":"[LiveWS] Client connected: %s (%s) [%d total] ab3bd47b 127.0.0.1 18"}
{"timestamp":"2026-07-28T09:02:19.558Z","level":"info","component":"LiveWS","message":"[LiveWS] Client disconnected: %s [%d remaining] ab3bd47b 17"}
{"timestamp":"2026-07-28T09:02:19.869Z","level":"info","component":"LiveWS","message":"[LiveWS] Client connected: %s (%s) [%d total] c0902285 127.0.0.1 18"}
{"timestamp":"2026-07-28T09:02:20.073Z","level":"info","component":"LiveWS","message":"[LiveWS] Client disconnected: %s [%d remaining] 820fd26d 14"}
{"timestamp":"2026-07-28T09:02:20.076Z","level":"info","component":"LiveWS","message":"[LiveWS] Client disconnected: %s [%d remaining] c219b93c 14"}
{"timestamp":"2026-07-28T09:02:20.077Z","level":"info","component":"LiveWS","message":"[LiveWS] Client disconnected: %s [%d remaining] 4c4001f5 14"}
{"timestamp":"2026-07-28T09:02:20.078Z","level":"info","component":"LiveWS","message":"[LiveWS] Client disconnected: %s [%d remaining] a5766f36 14"}
{"timestamp":"2026-07-28T09:02:20.547Z","level":"info","component":"LiveWS","message":"[LiveWS] Client connected: %s (%s) [%d total] 348a1e36 127.0.0.1 15"}
{"timestamp":"2026-07-28T09:02:20.551Z","level":"info","component":"LiveWS","message":"[LiveWS] Client disconnected: %s [%d remaining] 348a1e36 14"}
{"timestamp":"2026-07-28T09:02:20.866Z","level":"info","component":"LiveWS","message":"[LiveWS] Client connected: %s (%s) [%d total] d477239a 127.0.0.1 15"}
{"timestamp":"2026-07-28T09:02:21.544Z","level":"info","component":"LiveWS","message":"[LiveWS] Client connected: %s (%s) [%d total] 488627bd 127.0.0.1 16"}
{"timestamp":"2026-07-28T09:02:21.546Z","level":"info","component":"LiveWS","message":"[LiveWS] Client disconnected: %s [%d remaining] 488627bd 15"}
{"timestamp":"2026-07-28T09:02:21.861Z","level":"info","component":"LiveWS","message":"[LiveWS] Client connected: %s (%s) [%d total] 33e85f05 127.0.0.1 16"}
{"timestamp":"2026-07-28T09:02:22.558Z","level":"info","component":"LiveWS","message":"[LiveWS] Client connected: %s (%s) [%d total] 433df25b 127.0.0.1 17"}
{"timestamp":"2026-07-28T09:02:22.561Z","level":"info","component":"LiveWS","message":"[LiveWS] Client disconnected: %s [%d remaining] 433df25b 16"}
{"timestamp":"2026-07-28T09:02:22.872Z","level":"info","component":"LiveWS","message":"[LiveWS] Client connected: %s (%s) [%d total] 71f62b4b 127.0.0.1 17"}
{"timestamp":"2026-07-28T09:02:25.548Z","level":"info","component":"LiveWS","message":"[LiveWS] Client connected: %s (%s) [%d total] 27fdf94d 127.0.0.1 18"}
{"timestamp":"2026-07-28T09:02:25.551Z","level":"info","component":"LiveWS","message":"[LiveWS] Client disconnected: %s [%d remaining] 27fdf94d 17"}
{"timestamp":"2026-07-28T09:02:25.867Z","level":"info","component":"LiveWS","message":"[LiveWS] Client connected: %s (%s) [%d total] 92664e69 127.0.0.1 18"}
{"timestamp":"2026-07-28T09:02:28.549Z","level":"info","component":"LiveWS","message":"[LiveWS] Client connected: %s (%s) [%d total] b5ae8d5c 127.0.0.1 19"}
{"timestamp":"2026-07-28T09:02:28.552Z","level":"info","component":"LiveWS","message":"[LiveWS] Client disconnected: %s [%d remaining] b5ae8d5c 18"}
{"timestamp":"2026-07-28T09:02:28.862Z","level":"info","component":"LiveWS","message":"[LiveWS] Client connected: %s (%s) [%d total] 8f93da5e 127.0.0.1 19"}
{"timestamp":"2026-07-28T09:02:31.545Z","level":"info","component":"LiveWS","message":"[LiveWS] Client connected: %s (%s) [%d total] a987b420 127.0.0.1 20"}
{"timestamp":"2026-07-28T09:02:31.548Z","level":"info","component":"LiveWS","message":"[LiveWS] Client disconnected: %s [%d remaining] a987b420 19"}
{"timestamp":"2026-07-28T09:02:31.861Z","level":"info","component":"LiveWS","message":"[LiveWS] Client connected: %s (%s) [%d total] 2086f8e3 127.0.0.1 20"}
{"timestamp":"2026-07-28T09:02:34.542Z","level":"info","component":"LiveWS","message":"[LiveWS] Client connected: %s (%s) [%d total] 95bf8840 127.0.0.1 21"}
{"timestamp":"2026-07-28T09:02:34.545Z","level":"info","component":"LiveWS","message":"[LiveWS] Client disconnected: %s [%d remaining] 95bf8840 20"}
{"timestamp":"2026-07-28T09:02:34.859Z","level":"info","component":"LiveWS","message":"[LiveWS] Client connected: %s (%s) [%d total] bbf25039 127.0.0.1 21"}
{"timestamp":"2026-07-28T09:02:35.079Z","level":"info","component":"LiveWS","message":"[LiveWS] Client disconnected: %s [%d remaining] d9f8f843 15"}
{"timestamp":"2026-07-28T09:02:35.081Z","level":"info","component":"LiveWS","message":"[LiveWS] Client disconnected: %s [%d remaining] df442df8 15"}
{"timestamp":"2026-07-28T09:02:35.082Z","level":"info","component":"LiveWS","message":"[LiveWS] Client disconnected: %s [%d remaining] e5bc5237 15"}
{"timestamp":"2026-07-28T09:02:35.083Z","level":"info","component":"LiveWS","message":"[LiveWS] Client disconnected: %s [%d remaining] 2871d212 15"}
{"timestamp":"2026-07-28T09:02:35.084Z","level":"info","component":"LiveWS","message":"[LiveWS] Client disconnected: %s [%d remaining] a7f66564 15"}
{"timestamp":"2026-07-28T09:02:35.085Z","level":"info","component":"LiveWS","message":"[LiveWS] Client disconnected: %s [%d remaining] 48b60e32 15"}
{"timestamp":"2026-07-28T09:02:35.551Z","level":"info","component":"LiveWS","message":"[LiveWS] Client connected: %s (%s) [%d total] 091544db 127.0.0.1 16"}
{"timestamp":"2026-07-28T09:02:35.553Z","level":"info","component":"LiveWS","message":"[LiveWS] Client disconnected: %s [%d remaining] 091544db 15"}
{"timestamp":"2026-07-28T09:02:35.869Z","level":"info","component":"LiveWS","message":"[LiveWS] Client connected: %s (%s) [%d total] acbebd80 127.0.0.1 16"}
{"timestamp":"2026-07-28T09:02:36.546Z","level":"info","component":"LiveWS","message":"[LiveWS] Client connected: %s (%s) [%d total] bea562de 127.0.0.1 17"}
{"timestamp":"2026-07-28T09:02:36.861Z","level":"info","component":"LiveWS","message":"[LiveWS] Client connected: %s (%s) [%d total] 5840772f 127.0.0.1 18"}
{"timestamp":"2026-07-28T09:02:37.238Z","level":"info","component":"LiveWS","message":"[LiveWS] Client disconnected: %s [%d remaining] 5840772f 17"}
{"timestamp":"2026-07-28T09:02:37.554Z","level":"info","component":"LiveWS","message":"[LiveWS] Client connected: %s (%s) [%d total] 3b6675bf 127.0.0.1 18"}
{"timestamp":"2026-07-28T09:02:37.870Z","level":"info","component":"LiveWS","message":"[LiveWS] Client connected: %s (%s) [%d total] 382655d8 127.0.0.1 19"}
{"timestamp":"2026-07-28T09:02:50.083Z","level":"info","component":"LiveWS","message":"[LiveWS] Client disconnected: %s [%d remaining] 4ed41f6e 13"}
{"timestamp":"2026-07-28T09:02:50.084Z","level":"info","component":"LiveWS","message":"[LiveWS] Client disconnected: %s [%d remaining] 6aa585ff 13"}
{"timestamp":"2026-07-28T09:02:50.086Z","level":"info","component":"LiveWS","message":"[LiveWS] Client disconnected: %s [%d remaining] c84a8c13 13"}
{"timestamp":"2026-07-28T09:02:50.087Z","level":"info","component":"LiveWS","message":"[LiveWS] Client disconnected: %s [%d remaining] b205ddbe 13"}
{"timestamp":"2026-07-28T09:02:50.088Z","level":"info","component":"LiveWS","message":"[LiveWS] Client disconnected: %s [%d remaining] 36eb36bb 13"}
{"timestamp":"2026-07-28T09:02:50.089Z","level":"info","component":"LiveWS","message":"[LiveWS] Client disconnected: %s [%d remaining] cccf2a70 13"}
{"timestamp":"2026-07-28T09:02:51.547Z","level":"info","component":"LiveWS","message":"[LiveWS] Client connected: %s (%s) [%d total] 3fc6d700 127.0.0.1 14"}
{"timestamp":"2026-07-28T09:02:51.864Z","level":"info","component":"LiveWS","message":"[LiveWS] Client connected: %s (%s) [%d total] 2758c2b9 127.0.0.1 15"}
{"timestamp":"2026-07-28T09:03:05.084Z","level":"info","component":"LiveWS","message":"[LiveWS] Client disconnected: %s [%d remaining] 8f93da5e 8"}
{"timestamp":"2026-07-28T09:03:05.086Z","level":"info","component":"LiveWS","message":"[LiveWS] Client disconnected: %s [%d remaining] 92664e69 8"}
{"timestamp":"2026-07-28T09:03:05.087Z","level":"info","component":"LiveWS","message":"[LiveWS] Client disconnected: %s [%d remaining] 71f62b4b 8"}
{"timestamp":"2026-07-28T09:03:05.088Z","level":"info","component":"LiveWS","message":"[LiveWS] Client disconnected: %s [%d remaining] 33e85f05 8"}
{"timestamp":"2026-07-28T09:03:05.089Z","level":"info","component":"LiveWS","message":"[LiveWS] Client disconnected: %s [%d remaining] d477239a 8"}
{"timestamp":"2026-07-28T09:03:05.090Z","level":"info","component":"LiveWS","message":"[LiveWS] Client disconnected: %s [%d remaining] c0902285 8"}
{"timestamp":"2026-07-28T09:03:05.091Z","level":"info","component":"LiveWS","message":"[LiveWS] Client disconnected: %s [%d remaining] 9d449bb3 8"}
{"timestamp":"2026-07-28T09:03:06.543Z","level":"info","component":"LiveWS","message":"[LiveWS] Client connected: %s (%s) [%d total] 2d8fab1b 127.0.0.1 9"}
{"timestamp":"2026-07-28T09:03:06.860Z","level":"info","component":"LiveWS","message":"[LiveWS] Client connected: %s (%s) [%d total] f426ea7d 127.0.0.1 10"}
{"timestamp":"2026-07-28T09:03:20.086Z","level":"info","component":"LiveWS","message":"[LiveWS] Client disconnected: %s [%d remaining] 382655d8 4"}
{"timestamp":"2026-07-28T09:03:20.089Z","level":"info","component":"LiveWS","message":"[LiveWS] Client disconnected: %s [%d remaining] 3b6675bf 4"}
{"timestamp":"2026-07-28T09:03:20.091Z","level":"info","component":"LiveWS","message":"[LiveWS] Client disconnected: %s [%d remaining] bea562de 4"}
{"timestamp":"2026-07-28T09:03:20.092Z","level":"info","component":"LiveWS","message":"[LiveWS] Client disconnected: %s [%d remaining] acbebd80 4"}
{"timestamp":"2026-07-28T09:03:20.093Z","level":"info","component":"LiveWS","message":"[LiveWS] Client disconnected: %s [%d remaining] bbf25039 4"}
{"timestamp":"2026-07-28T09:03:20.094Z","level":"info","component":"LiveWS","message":"[LiveWS] Client disconnected: %s [%d remaining] 2086f8e3 4"}
{"timestamp":"2026-07-28T09:03:21.544Z","level":"info","component":"LiveWS","message":"[LiveWS] Client connected: %s (%s) [%d total] 27a936bc 127.0.0.1 5"}
{"timestamp":"2026-07-28T09:03:21.548Z","level":"info","component":"LiveWS","message":"[LiveWS] Client disconnected: %s [%d remaining] 27a936bc 4"}
{"timestamp":"2026-07-28T09:03:21.863Z","level":"info","component":"LiveWS","message":"[LiveWS] Client connected: %s (%s) [%d total] 088a0605 127.0.0.1 5"}
{"timestamp":"2026-07-28T09:03:22.547Z","level":"info","component":"LiveWS","message":"[LiveWS] Client connected: %s (%s) [%d total] 79697471 127.0.0.1 6"}
{"timestamp":"2026-07-28T09:03:22.551Z","level":"info","component":"LiveWS","message":"[LiveWS] Client disconnected: %s [%d remaining] 79697471 5"}
{"timestamp":"2026-07-28T09:03:22.866Z","level":"info","component":"LiveWS","message":"[LiveWS] Client connected: %s (%s) [%d total] ccd1d8ef 127.0.0.1 6"}
{"timestamp":"2026-07-28T09:03:25.551Z","level":"info","component":"LiveWS","message":"[LiveWS] Client connected: %s (%s) [%d total] 47c849cf 127.0.0.1 7"}
{"timestamp":"2026-07-28T09:03:25.555Z","level":"info","component":"LiveWS","message":"[LiveWS] Client disconnected: %s [%d remaining] 47c849cf 6"}
{"timestamp":"2026-07-28T09:03:25.865Z","level":"info","component":"LiveWS","message":"[LiveWS] Client connected: %s (%s) [%d total] b6cdbd08 127.0.0.1 7"}
{"timestamp":"2026-07-28T09:03:28.543Z","level":"info","component":"LiveWS","message":"[LiveWS] Client connected: %s (%s) [%d total] da77b350 127.0.0.1 8"}
{"timestamp":"2026-07-28T09:03:28.546Z","level":"info","component":"LiveWS","message":"[LiveWS] Client disconnected: %s [%d remaining] da77b350 7"}
{"timestamp":"2026-07-28T09:03:28.859Z","level":"info","component":"LiveWS","message":"[LiveWS] Client connected: %s (%s) [%d total] 0cdf73b0 127.0.0.1 8"}
{"timestamp":"2026-07-28T09:03:31.545Z","level":"info","component":"LiveWS","message":"[LiveWS] Client connected: %s (%s) [%d total] 5e9cc7dd 127.0.0.1 9"}
{"timestamp":"2026-07-28T09:03:31.549Z","level":"info","component":"LiveWS","message":"[LiveWS] Client disconnected: %s [%d remaining] 5e9cc7dd 8"}
{"timestamp":"2026-07-28T09:03:31.859Z","level":"info","component":"LiveWS","message":"[LiveWS] Client connected: %s (%s) [%d total] a2999c32 127.0.0.1 9"}
{"timestamp":"2026-07-28T09:03:34.550Z","level":"info","component":"LiveWS","message":"[LiveWS] Client connected: %s (%s) [%d total] a4b40b7c 127.0.0.1 10"}
{"timestamp":"2026-07-28T09:03:34.554Z","level":"info","component":"LiveWS","message":"[LiveWS] Client disconnected: %s [%d remaining] a4b40b7c 9"}
{"timestamp":"2026-07-28T09:03:34.866Z","level":"info","component":"LiveWS","message":"[LiveWS] Client connected: %s (%s) [%d total] 27324674 127.0.0.1 10"}
{"timestamp":"2026-07-28T09:03:35.101Z","level":"info","component":"LiveWS","message":"[LiveWS] Client disconnected: %s [%d remaining] 2758c2b9 8"}
{"timestamp":"2026-07-28T09:03:35.104Z","level":"info","component":"LiveWS","message":"[LiveWS] Client disconnected: %s [%d remaining] 3fc6d700 8"}
{"timestamp":"2026-07-28T09:03:36.548Z","level":"info","component":"LiveWS","message":"[LiveWS] Client connected: %s (%s) [%d total] f8c96152 127.0.0.1 9"}
{"timestamp":"2026-07-28T09:03:36.552Z","level":"info","component":"LiveWS","message":"[LiveWS] Client disconnected: %s [%d remaining] f8c96152 8"}
{"timestamp":"2026-07-28T09:03:36.863Z","level":"info","component":"LiveWS","message":"[LiveWS] Client connected: %s (%s) [%d total] d6dbbe38 127.0.0.1 9"}
{"timestamp":"2026-07-28T09:03:37.556Z","level":"info","component":"LiveWS","message":"[LiveWS] Client connected: %s (%s) [%d total] 2f2b5367 127.0.0.1 10"}
{"timestamp":"2026-07-28T09:03:37.560Z","level":"info","component":"LiveWS","message":"[LiveWS] Client disconnected: %s [%d remaining] 2f2b5367 9"}
{"timestamp":"2026-07-28T09:03:37.871Z","level":"info","component":"LiveWS","message":"[LiveWS] Client connected: %s (%s) [%d total] d3f935bb 127.0.0.1 10"}
{"timestamp":"2026-07-28T09:03:40.554Z","level":"info","component":"LiveWS","message":"[LiveWS] Client connected: %s (%s) [%d total] fc7c702f 127.0.0.1 11"}
{"timestamp":"2026-07-28T09:03:40.557Z","level":"info","component":"LiveWS","message":"[LiveWS] Client disconnected: %s [%d remaining] fc7c702f 10"}
{"timestamp":"2026-07-28T09:03:40.870Z","level":"info","component":"LiveWS","message":"[LiveWS] Client connected: %s (%s) [%d total] f81041de 127.0.0.1 11"}
{"timestamp":"2026-07-28T09:03:43.547Z","level":"info","component":"LiveWS","message":"[LiveWS] Client connected: %s (%s) [%d total] 9082f8a8 127.0.0.1 12"}
{"timestamp":"2026-07-28T09:03:43.552Z","level":"info","component":"LiveWS","message":"[LiveWS] Client disconnected: %s [%d remaining] 9082f8a8 11"}
{"timestamp":"2026-07-28T09:03:43.863Z","level":"info","component":"LiveWS","message":"[LiveWS] Client connected: %s (%s) [%d total] 1db958e2 127.0.0.1 12"}
{"timestamp":"2026-07-28T09:03:46.542Z","level":"info","component":"LiveWS","message":"[LiveWS] Client connected: %s (%s) [%d total] 208b8f25 127.0.0.1 13"}
{"timestamp":"2026-07-28T09:03:46.547Z","level":"info","component":"LiveWS","message":"[LiveWS] Client disconnected: %s [%d remaining] 208b8f25 12"}
{"timestamp":"2026-07-28T09:03:46.856Z","level":"info","component":"LiveWS","message":"[LiveWS] Client connected: %s (%s) [%d total] aa92974d 127.0.0.1 13"}
{"timestamp":"2026-07-28T09:03:49.542Z","level":"info","component":"LiveWS","message":"[LiveWS] Client connected: %s (%s) [%d total] 8b47ffe2 127.0.0.1 14"}
{"timestamp":"2026-07-28T09:03:49.546Z","level":"info","component":"LiveWS","message":"[LiveWS] Client disconnected: %s [%d remaining] 8b47ffe2 13"}
{"timestamp":"2026-07-28T09:03:49.855Z","level":"info","component":"LiveWS","message":"[LiveWS] Client connected: %s (%s) [%d total] cc86bd9a 127.0.0.1 14"}
{"timestamp":"2026-07-28T09:03:50.106Z","level":"info","component":"LiveWS","message":"[LiveWS] Client disconnected: %s [%d remaining] f426ea7d 12"}
{"timestamp":"2026-07-28T09:03:50.108Z","level":"info","component":"LiveWS","message":"[LiveWS] Client disconnected: %s [%d remaining] 2d8fab1b 12"}
{"timestamp":"2026-07-28T09:03:50.547Z","level":"info","component":"LiveWS","message":"[LiveWS] Client connected: %s (%s) [%d total] a3affff3 127.0.0.1 13"}
{"timestamp":"2026-07-28T09:03:50.551Z","level":"info","component":"LiveWS","message":"[LiveWS] Client disconnected: %s [%d remaining] a3affff3 12"}
{"timestamp":"2026-07-28T09:03:50.863Z","level":"info","component":"LiveWS","message":"[LiveWS] Client connected: %s (%s) [%d total] 165dadb5 127.0.0.1 13"}
{"timestamp":"2026-07-28T09:03:52.542Z","level":"info","component":"LiveWS","message":"[LiveWS] Client connected: %s (%s) [%d total] c57c3403 127.0.0.1 14"}
{"timestamp":"2026-07-28T09:03:52.545Z","level":"info","component":"LiveWS","message":"[LiveWS] Client disconnected: %s [%d remaining] c57c3403 13"}
{"timestamp":"2026-07-28T09:03:52.862Z","level":"info","component":"LiveWS","message":"[LiveWS] Client connected: %s (%s) [%d total] 17aef500 127.0.0.1 14"}
{"timestamp":"2026-07-28T09:03:55.542Z","level":"info","component":"LiveWS","message":"[LiveWS] Client connected: %s (%s) [%d total] 752486ea 127.0.0.1 15"}
{"timestamp":"2026-07-28T09:03:55.545Z","level":"info","component":"LiveWS","message":"[LiveWS] Client disconnected: %s [%d remaining] 752486ea 14"}
{"timestamp":"2026-07-28T09:03:55.854Z","level":"info","component":"LiveWS","message":"[LiveWS] Client connected: %s (%s) [%d total] 1e3269db 127.0.0.1 15"}
{"timestamp":"2026-07-28T09:03:58.537Z","level":"info","component":"LiveWS","message":"[LiveWS] Client connected: %s (%s) [%d total] 396af2d9 127.0.0.1 16"}
{"timestamp":"2026-07-28T09:03:58.540Z","level":"info","component":"LiveWS","message":"[LiveWS] Client disconnected: %s [%d remaining] 396af2d9 15"}
{"timestamp":"2026-07-28T09:03:58.845Z","level":"info","component":"LiveWS","message":"[LiveWS] Client connected: %s (%s) [%d total] 9342b8d1 127.0.0.1 16"}
{"timestamp":"2026-07-28T09:04:01.541Z","level":"info","component":"LiveWS","message":"[LiveWS] Client connected: %s (%s) [%d total] 3ad88629 127.0.0.1 17"}
{"timestamp":"2026-07-28T09:04:01.545Z","level":"info","component":"LiveWS","message":"[LiveWS] Client disconnected: %s [%d remaining] 3ad88629 16"}
{"timestamp":"2026-07-28T09:04:01.850Z","level":"info","component":"LiveWS","message":"[LiveWS] Client connected: %s (%s) [%d total] de6c4b02 127.0.0.1 17"}
{"timestamp":"2026-07-28T09:04:04.536Z","level":"info","component":"LiveWS","message":"[LiveWS] Client connected: %s (%s) [%d total] 8c304c73 127.0.0.1 18"}
{"timestamp":"2026-07-28T09:04:04.540Z","level":"info","component":"LiveWS","message":"[LiveWS] Client disconnected: %s [%d remaining] 8c304c73 17"}
{"timestamp":"2026-07-28T09:04:04.852Z","level":"info","component":"LiveWS","message":"[LiveWS] Client connected: %s (%s) [%d total] 9923c121 127.0.0.1 18"}
{"timestamp":"2026-07-28T09:04:05.120Z","level":"info","component":"LiveWS","message":"[LiveWS] Client disconnected: %s [%d remaining] 0cdf73b0 14"}
{"timestamp":"2026-07-28T09:04:05.122Z","level":"info","component":"LiveWS","message":"[LiveWS] Client disconnected: %s [%d remaining] b6cdbd08 14"}
{"timestamp":"2026-07-28T09:04:05.123Z","level":"info","component":"LiveWS","message":"[LiveWS] Client disconnected: %s [%d remaining] ccd1d8ef 14"}
{"timestamp":"2026-07-28T09:04:05.125Z","level":"info","component":"LiveWS","message":"[LiveWS] Client disconnected: %s [%d remaining] 088a0605 14"}
{"timestamp":"2026-07-28T09:04:05.547Z","level":"info","component":"LiveWS","message":"[LiveWS] Client connected: %s (%s) [%d total] c5d53b3b 127.0.0.1 15"}
{"timestamp":"2026-07-28T09:04:05.551Z","level":"info","component":"LiveWS","message":"[LiveWS] Client disconnected: %s [%d remaining] c5d53b3b 14"}
{"timestamp":"2026-07-28T09:04:05.859Z","level":"info","component":"LiveWS","message":"[LiveWS] Client connected: %s (%s) [%d total] ca24a2ab 127.0.0.1 15"}
{"timestamp":"2026-07-28T09:04:06.554Z","level":"info","component":"LiveWS","message":"[LiveWS] Client connected: %s (%s) [%d total] 7945ff8a 127.0.0.1 16"}
{"timestamp":"2026-07-28T09:04:06.557Z","level":"info","component":"LiveWS","message":"[LiveWS] Client disconnected: %s [%d remaining] 7945ff8a 15"}
{"timestamp":"2026-07-28T09:04:06.872Z","level":"info","component":"LiveWS","message":"[LiveWS] Client connected: %s (%s) [%d total] bf6cb593 127.0.0.1 16"}
{"timestamp":"2026-07-28T09:04:07.540Z","level":"info","component":"LiveWS","message":"[LiveWS] Client connected: %s (%s) [%d total] 32873ca2 127.0.0.1 17"}
{"timestamp":"2026-07-28T09:04:07.543Z","level":"info","component":"LiveWS","message":"[LiveWS] Client disconnected: %s [%d remaining] 32873ca2 16"}
{"timestamp":"2026-07-28T09:04:07.853Z","level":"info","component":"LiveWS","message":"[LiveWS] Client connected: %s (%s) [%d total] 50f4365c 127.0.0.1 17"}
{"timestamp":"2026-07-28T09:04:10.541Z","level":"info","component":"LiveWS","message":"[LiveWS] Client connected: %s (%s) [%d total] bbfa3bb3 127.0.0.1 18"}
{"timestamp":"2026-07-28T09:04:10.544Z","level":"info","component":"LiveWS","message":"[LiveWS] Client disconnected: %s [%d remaining] bbfa3bb3 17"}
{"timestamp":"2026-07-28T09:04:10.863Z","level":"info","component":"LiveWS","message":"[LiveWS] Client connected: %s (%s) [%d total] b684ed9d 127.0.0.1 18"}
{"timestamp":"2026-07-28T09:04:13.547Z","level":"info","component":"LiveWS","message":"[LiveWS] Client connected: %s (%s) [%d total] de25e4ae 127.0.0.1 19"}
{"timestamp":"2026-07-28T09:04:13.550Z","level":"info","component":"LiveWS","message":"[LiveWS] Client disconnected: %s [%d remaining] de25e4ae 18"}
{"timestamp":"2026-07-28T09:04:13.867Z","level":"info","component":"LiveWS","message":"[LiveWS] Client connected: %s (%s) [%d total] 0669c86e 127.0.0.1 19"}
{"timestamp":"2026-07-28T09:04:16.540Z","level":"info","component":"LiveWS","message":"[LiveWS] Client connected: %s (%s) [%d total] 4b1c2940 127.0.0.1 20"}
{"timestamp":"2026-07-28T09:04:16.545Z","level":"info","component":"LiveWS","message":"[LiveWS] Client disconnected: %s [%d remaining] 4b1c2940 19"}
{"timestamp":"2026-07-28T09:04:16.849Z","level":"info","component":"LiveWS","message":"[LiveWS] Client connected: %s (%s) [%d total] af3b70e8 127.0.0.1 20"}
{"timestamp":"2026-07-28T09:04:19.541Z","level":"info","component":"LiveWS","message":"[LiveWS] Client connected: %s (%s) [%d total] 9ff6cf02 127.0.0.1 21"}
{"timestamp":"2026-07-28T09:04:19.544Z","level":"info","component":"LiveWS","message":"[LiveWS] Client disconnected: %s [%d remaining] 9ff6cf02 20"}
{"timestamp":"2026-07-28T09:04:19.849Z","level":"info","component":"LiveWS","message":"[LiveWS] Client connected: %s (%s) [%d total] 4c7db4a4 127.0.0.1 21"}
{"timestamp":"2026-07-28T09:04:20.134Z","level":"info","component":"LiveWS","message":"[LiveWS] Client disconnected: %s [%d remaining] 1db958e2 15"}
{"timestamp":"2026-07-28T09:04:20.138Z","level":"info","component":"LiveWS","message":"[LiveWS] Client disconnected: %s [%d remaining] f81041de 15"}
{"timestamp":"2026-07-28T09:04:20.140Z","level":"info","component":"LiveWS","message":"[LiveWS] Client disconnected: %s [%d remaining] d3f935bb 15"}
{"timestamp":"2026-07-28T09:04:20.142Z","level":"info","component":"LiveWS","message":"[LiveWS] Client disconnected: %s [%d remaining] d6dbbe38 15"}
{"timestamp":"2026-07-28T09:04:20.143Z","level":"info","component":"LiveWS","message":"[LiveWS] Client disconnected: %s [%d remaining] 27324674 15"}
{"timestamp":"2026-07-28T09:04:20.144Z","level":"info","component":"LiveWS","message":"[LiveWS] Client disconnected: %s [%d remaining] a2999c32 15"}
{"timestamp":"2026-07-28T09:04:20.549Z","level":"info","component":"LiveWS","message":"[LiveWS] Client connected: %s (%s) [%d total] 0f1e006c 127.0.0.1 16"}
{"timestamp":"2026-07-28T09:04:20.555Z","level":"info","component":"LiveWS","message":"[LiveWS] Client disconnected: %s [%d remaining] 0f1e006c 15"}
{"timestamp":"2026-07-28T09:04:20.857Z","level":"info","component":"LiveWS","message":"[LiveWS] Client connected: %s (%s) [%d total] d2e67428 127.0.0.1 16"}
{"timestamp":"2026-07-28T09:04:21.544Z","level":"info","component":"LiveWS","message":"[LiveWS] Client connected: %s (%s) [%d total] 6399ce51 127.0.0.1 17"}
{"timestamp":"2026-07-28T09:04:21.550Z","level":"info","component":"LiveWS","message":"[LiveWS] Client disconnected: %s [%d remaining] 6399ce51 16"}
{"timestamp":"2026-07-28T09:04:21.855Z","level":"info","component":"LiveWS","message":"[LiveWS] Client connected: %s (%s) [%d total] 6a73c1c5 127.0.0.1 17"}
{"timestamp":"2026-07-28T09:04:22.537Z","level":"info","component":"LiveWS","message":"[LiveWS] Client connected: %s (%s) [%d total] 97138209 127.0.0.1 18"}
{"timestamp":"2026-07-28T09:04:22.540Z","level":"info","component":"LiveWS","message":"[LiveWS] Client disconnected: %s [%d remaining] 97138209 17"}
{"timestamp":"2026-07-28T09:04:22.849Z","level":"info","component":"LiveWS","message":"[LiveWS] Client connected: %s (%s) [%d total] d052005f 127.0.0.1 18"}
{"timestamp":"2026-07-28T09:04:25.538Z","level":"info","component":"LiveWS","message":"[LiveWS] Client connected: %s (%s) [%d total] 7b7d9db2 127.0.0.1 19"}
{"timestamp":"2026-07-28T09:04:25.541Z","level":"info","component":"LiveWS","message":"[LiveWS] Client disconnected: %s [%d remaining] 7b7d9db2 18"}
{"timestamp":"2026-07-28T09:04:25.849Z","level":"info","component":"LiveWS","message":"[LiveWS] Client connected: %s (%s) [%d total] ec006c8f 127.0.0.1 19"}
{"timestamp":"2026-07-28T09:04:28.550Z","level":"info","component":"LiveWS","message":"[LiveWS] Client connected: %s (%s) [%d total] 0f083418 127.0.0.1 20"}
{"timestamp":"2026-07-28T09:04:28.553Z","level":"info","component":"LiveWS","message":"[LiveWS] Client disconnected: %s [%d remaining] 0f083418 19"}
{"timestamp":"2026-07-28T09:04:28.862Z","level":"info","component":"LiveWS","message":"[LiveWS] Client connected: %s (%s) [%d total] 18d25a6a 127.0.0.1 20"}
{"timestamp":"2026-07-28T09:04:31.550Z","level":"info","component":"LiveWS","message":"[LiveWS] Client connected: %s (%s) [%d total] 3089e8c8 127.0.0.1 21"}
{"timestamp":"2026-07-28T09:04:31.555Z","level":"info","component":"LiveWS","message":"[LiveWS] Client disconnected: %s [%d remaining] 3089e8c8 20"}
{"timestamp":"2026-07-28T09:04:31.869Z","level":"info","component":"LiveWS","message":"[LiveWS] Client connected: %s (%s) [%d total] eff2fa89 127.0.0.1 21"}
{"timestamp":"2026-07-28T09:04:34.545Z","level":"info","component":"LiveWS","message":"[LiveWS] Client connected: %s (%s) [%d total] d144f232 127.0.0.1 22"}
{"timestamp":"2026-07-28T09:04:34.548Z","level":"info","component":"LiveWS","message":"[LiveWS] Client disconnected: %s [%d remaining] d144f232 21"}
{"timestamp":"2026-07-28T09:04:34.862Z","level":"info","component":"LiveWS","message":"[LiveWS] Client connected: %s (%s) [%d total] 8836a467 127.0.0.1 22"}
{"timestamp":"2026-07-28T09:04:35.154Z","level":"info","component":"LiveWS","message":"[LiveWS] Client disconnected: %s [%d remaining] 9342b8d1 16"}
{"timestamp":"2026-07-28T09:04:35.157Z","level":"info","component":"LiveWS","message":"[LiveWS] Client disconnected: %s [%d remaining] 1e3269db 16"}
{"timestamp":"2026-07-28T09:04:35.158Z","level":"info","component":"LiveWS","message":"[LiveWS] Client disconnected: %s [%d remaining] 17aef500 16"}
{"timestamp":"2026-07-28T09:04:35.159Z","level":"info","component":"LiveWS","message":"[LiveWS] Client disconnected: %s [%d remaining] 165dadb5 16"}
{"timestamp":"2026-07-28T09:04:35.160Z","level":"info","component":"LiveWS","message":"[LiveWS] Client disconnected: %s [%d remaining] cc86bd9a 16"}
{"timestamp":"2026-07-28T09:04:35.161Z","level":"info","component":"LiveWS","message":"[LiveWS] Client disconnected: %s [%d remaining] aa92974d 16"}
{"timestamp":"2026-07-28T09:04:36.552Z","level":"info","component":"LiveWS","message":"[LiveWS] Client connected: %s (%s) [%d total] b09fee61 127.0.0.1 17"}
{"timestamp":"2026-07-28T09:04:36.867Z","level":"info","component":"LiveWS","message":"[LiveWS] Client connected: %s (%s) [%d total] 03d5540b 127.0.0.1 18"}
{"timestamp":"2026-07-28T09:04:37.231Z","level":"info","component":"LiveWS","message":"[LiveWS] Client disconnected: %s [%d remaining] 03d5540b 17"}
{"timestamp":"2026-07-28T09:04:37.546Z","level":"info","component":"LiveWS","message":"[LiveWS] Client connected: %s (%s) [%d total] 1332f909 127.0.0.1 18"}
{"timestamp":"2026-07-28T09:04:37.856Z","level":"info","component":"LiveWS","message":"[LiveWS] Client connected: %s (%s) [%d total] 918be172 127.0.0.1 19"}
{"timestamp":"2026-07-28T09:04:50.155Z","level":"info","component":"LiveWS","message":"[LiveWS] Client disconnected: %s [%d remaining] 0669c86e 12"}
{"timestamp":"2026-07-28T09:04:50.158Z","level":"info","component":"LiveWS","message":"[LiveWS] Client disconnected: %s [%d remaining] b684ed9d 12"}
{"timestamp":"2026-07-28T09:04:50.159Z","level":"info","component":"LiveWS","message":"[LiveWS] Client disconnected: %s [%d remaining] 50f4365c 12"}
{"timestamp":"2026-07-28T09:04:50.162Z","level":"info","component":"LiveWS","message":"[LiveWS] Client disconnected: %s [%d remaining] bf6cb593 12"}
{"timestamp":"2026-07-28T09:04:50.164Z","level":"info","component":"LiveWS","message":"[LiveWS] Client disconnected: %s [%d remaining] ca24a2ab 12"}
{"timestamp":"2026-07-28T09:04:50.165Z","level":"info","component":"LiveWS","message":"[LiveWS] Client disconnected: %s [%d remaining] 9923c121 12"}
{"timestamp":"2026-07-28T09:04:50.167Z","level":"info","component":"LiveWS","message":"[LiveWS] Client disconnected: %s [%d remaining] de6c4b02 12"}
{"timestamp":"2026-07-28T09:04:51.547Z","level":"info","component":"LiveWS","message":"[LiveWS] Client connected: %s (%s) [%d total] b392fd37 127.0.0.1 13"}
{"timestamp":"2026-07-28T09:04:51.863Z","level":"info","component":"LiveWS","message":"[LiveWS] Client connected: %s (%s) [%d total] e9fcc341 127.0.0.1 14"}
{"timestamp":"2026-07-28T09:05:05.154Z","level":"info","component":"LiveWS","message":"[LiveWS] Client disconnected: %s [%d remaining] 18d25a6a 7"}
{"timestamp":"2026-07-28T09:05:05.157Z","level":"info","component":"LiveWS","message":"[LiveWS] Client disconnected: %s [%d remaining] ec006c8f 7"}
{"timestamp":"2026-07-28T09:05:05.159Z","level":"info","component":"LiveWS","message":"[LiveWS] Client disconnected: %s [%d remaining] d052005f 7"}
{"timestamp":"2026-07-28T09:05:05.160Z","level":"info","component":"LiveWS","message":"[LiveWS] Client disconnected: %s [%d remaining] 6a73c1c5 7"}
{"timestamp":"2026-07-28T09:05:05.161Z","level":"info","component":"LiveWS","message":"[LiveWS] Client disconnected: %s [%d remaining] d2e67428 7"}
{"timestamp":"2026-07-28T09:05:05.162Z","level":"info","component":"LiveWS","message":"[LiveWS] Client disconnected: %s [%d remaining] 4c7db4a4 7"}
{"timestamp":"2026-07-28T09:05:05.163Z","level":"info","component":"LiveWS","message":"[LiveWS] Client disconnected: %s [%d remaining] af3b70e8 7"}
{"timestamp":"2026-07-28T09:05:06.545Z","level":"info","component":"LiveWS","message":"[LiveWS] Client connected: %s (%s) [%d total] 1574d052 127.0.0.1 8"}
{"timestamp":"2026-07-28T09:05:06.856Z","level":"info","component":"LiveWS","message":"[LiveWS] Client connected: %s (%s) [%d total] 3218277a 127.0.0.1 9"}
{"timestamp":"2026-07-28T09:05:20.155Z","level":"info","component":"LiveWS","message":"[LiveWS] Client disconnected: %s [%d remaining] 918be172 4"}
{"timestamp":"2026-07-28T09:05:20.158Z","level":"info","component":"LiveWS","message":"[LiveWS] Client disconnected: %s [%d remaining] 1332f909 4"}
{"timestamp":"2026-07-28T09:05:20.159Z","level":"info","component":"LiveWS","message":"[LiveWS] Client disconnected: %s [%d remaining] b09fee61 4"}
{"timestamp":"2026-07-28T09:05:20.160Z","level":"info","component":"LiveWS","message":"[LiveWS] Client disconnected: %s [%d remaining] 8836a467 4"}
{"timestamp":"2026-07-28T09:05:20.161Z","level":"info","component":"LiveWS","message":"[LiveWS] Client disconnected: %s [%d remaining] eff2fa89 4"}
{"timestamp":"2026-07-28T09:05:21.564Z","level":"info","component":"LiveWS","message":"[LiveWS] Client connected: %s (%s) [%d total] e295fe5c 127.0.0.1 5"}
{"timestamp":"2026-07-28T09:05:21.570Z","level":"info","component":"LiveWS","message":"[LiveWS] Client disconnected: %s [%d remaining] e295fe5c 4"}
{"timestamp":"2026-07-28T09:05:21.874Z","level":"info","component":"LiveWS","message":"[LiveWS] Client connected: %s (%s) [%d total] 0ad279e0 127.0.0.1 5"}
{"timestamp":"2026-07-28T09:05:22.542Z","level":"info","component":"LiveWS","message":"[LiveWS] Client connected: %s (%s) [%d total] 9b84b186 127.0.0.1 6"}
{"timestamp":"2026-07-28T09:05:22.545Z","level":"info","component":"LiveWS","message":"[LiveWS] Client disconnected: %s [%d remaining] 9b84b186 5"}
{"timestamp":"2026-07-28T09:05:22.852Z","level":"info","component":"LiveWS","message":"[LiveWS] Client connected: %s (%s) [%d total] 3be13382 127.0.0.1 6"}
{"timestamp":"2026-07-28T09:05:25.548Z","level":"info","component":"LiveWS","message":"[LiveWS] Client connected: %s (%s) [%d total] b117a068 127.0.0.1 7"}
{"timestamp":"2026-07-28T09:05:25.550Z","level":"info","component":"LiveWS","message":"[LiveWS] Client disconnected: %s [%d remaining] b117a068 6"}
{"timestamp":"2026-07-28T09:05:25.864Z","level":"info","component":"LiveWS","message":"[LiveWS] Client connected: %s (%s) [%d total] b0779f29 127.0.0.1 7"}
{"timestamp":"2026-07-28T09:05:28.539Z","level":"info","component":"LiveWS","message":"[LiveWS] Client connected: %s (%s) [%d total] 7744c597 127.0.0.1 8"}
{"timestamp":"2026-07-28T09:05:28.543Z","level":"info","component":"LiveWS","message":"[LiveWS] Client disconnected: %s [%d remaining] 7744c597 7"}
{"timestamp":"2026-07-28T09:05:28.852Z","level":"info","component":"LiveWS","message":"[LiveWS] Client connected: %s (%s) [%d total] 05468f7e 127.0.0.1 8"}
{"timestamp":"2026-07-28T09:05:31.557Z","level":"info","component":"LiveWS","message":"[LiveWS] Client connected: %s (%s) [%d total] 94662be5 127.0.0.1 9"}
{"timestamp":"2026-07-28T09:05:31.560Z","level":"info","component":"LiveWS","message":"[LiveWS] Client disconnected: %s [%d remaining] 94662be5 8"}
{"timestamp":"2026-07-28T09:05:31.865Z","level":"info","component":"LiveWS","message":"[LiveWS] Client connected: %s (%s) [%d total] cc1811c5 127.0.0.1 9"}
{"timestamp":"2026-07-28T09:05:34.547Z","level":"info","component":"LiveWS","message":"[LiveWS] Client connected: %s (%s) [%d total] d48f9361 127.0.0.1 10"}
{"timestamp":"2026-07-28T09:05:34.550Z","level":"info","component":"LiveWS","message":"[LiveWS] Client disconnected: %s [%d remaining] d48f9361 9"}
{"timestamp":"2026-07-28T09:05:34.866Z","level":"info","component":"LiveWS","message":"[LiveWS] Client connected: %s (%s) [%d total] c094fcf0 127.0.0.1 10"}
{"timestamp":"2026-07-28T09:05:35.163Z","level":"info","component":"LiveWS","message":"[LiveWS] Client disconnected: %s [%d remaining] e9fcc341 8"}
{"timestamp":"2026-07-28T09:05:35.165Z","level":"info","component":"LiveWS","message":"[LiveWS] Client disconnected: %s [%d remaining] b392fd37 8"}
{"timestamp":"2026-07-28T09:05:36.547Z","level":"info","component":"LiveWS","message":"[LiveWS] Client connected: %s (%s) [%d total] aa9fc3b2 127.0.0.1 9"}
{"timestamp":"2026-07-28T09:05:36.550Z","level":"info","component":"LiveWS","message":"[LiveWS] Client disconnected: %s [%d remaining] aa9fc3b2 8"}
{"timestamp":"2026-07-28T09:05:36.864Z","level":"info","component":"LiveWS","message":"[LiveWS] Client connected: %s (%s) [%d total] fde269a2 127.0.0.1 9"}
{"timestamp":"2026-07-28T09:05:37.550Z","level":"info","component":"LiveWS","message":"[LiveWS] Client connected: %s (%s) [%d total] d082540f 127.0.0.1 10"}
{"timestamp":"2026-07-28T09:05:37.553Z","level":"info","component":"LiveWS","message":"[LiveWS] Client disconnected: %s [%d remaining] d082540f 9"}
{"timestamp":"2026-07-28T09:05:37.868Z","level":"info","component":"LiveWS","message":"[LiveWS] Client connected: %s (%s) [%d total] 6fd93c1d 127.0.0.1 10"}
{"timestamp":"2026-07-28T09:05:40.549Z","level":"info","component":"LiveWS","message":"[LiveWS] Client connected: %s (%s) [%d total] de4d5a0a 127.0.0.1 11"}
{"timestamp":"2026-07-28T09:05:40.552Z","level":"info","component":"LiveWS","message":"[LiveWS] Client disconnected: %s [%d remaining] de4d5a0a 10"}
{"timestamp":"2026-07-28T09:05:40.867Z","level":"info","component":"LiveWS","message":"[LiveWS] Client connected: %s (%s) [%d total] e2d647da 127.0.0.1 11"}
{"timestamp":"2026-07-28T09:05:43.556Z","level":"info","component":"LiveWS","message":"[LiveWS] Client connected: %s (%s) [%d total] f9e5b942 127.0.0.1 12"}
{"timestamp":"2026-07-28T09:05:43.560Z","level":"info","component":"LiveWS","message":"[LiveWS] Client disconnected: %s [%d remaining] f9e5b942 11"}
{"timestamp":"2026-07-28T09:05:43.870Z","level":"info","component":"LiveWS","message":"[LiveWS] Client connected: %s (%s) [%d total] 8eca4285 127.0.0.1 12"}
{"timestamp":"2026-07-28T09:05:46.554Z","level":"info","component":"LiveWS","message":"[LiveWS] Client connected: %s (%s) [%d total] 25cb36b9 127.0.0.1 13"}
{"timestamp":"2026-07-28T09:05:46.558Z","level":"info","component":"LiveWS","message":"[LiveWS] Client disconnected: %s [%d remaining] 25cb36b9 12"}
{"timestamp":"2026-07-28T09:05:46.871Z","level":"info","component":"LiveWS","message":"[LiveWS] Client connected: %s (%s) [%d total] e8c9fa55 127.0.0.1 13"}
{"timestamp":"2026-07-28T09:05:49.553Z","level":"info","component":"LiveWS","message":"[LiveWS] Client connected: %s (%s) [%d total] e876a764 127.0.0.1 14"}
{"timestamp":"2026-07-28T09:05:49.557Z","level":"info","component":"LiveWS","message":"[LiveWS] Client disconnected: %s [%d remaining] e876a764 13"}
{"timestamp":"2026-07-28T09:05:49.870Z","level":"info","component":"LiveWS","message":"[LiveWS] Client connected: %s (%s) [%d total] 9f656775 127.0.0.1 14"}
{"timestamp":"2026-07-28T09:05:50.172Z","level":"info","component":"LiveWS","message":"[LiveWS] Client disconnected: %s [%d remaining] 3218277a 12"}
{"timestamp":"2026-07-28T09:05:50.175Z","level":"info","component":"LiveWS","message":"[LiveWS] Client disconnected: %s [%d remaining] 1574d052 12"}
{"timestamp":"2026-07-28T09:05:50.553Z","level":"info","component":"LiveWS","message":"[LiveWS] Client connected: %s (%s) [%d total] 885be24e 127.0.0.1 13"}
{"timestamp":"2026-07-28T09:05:50.556Z","level":"info","component":"LiveWS","message":"[LiveWS] Client disconnected: %s [%d remaining] 885be24e 12"}
{"timestamp":"2026-07-28T09:05:50.870Z","level":"info","component":"LiveWS","message":"[LiveWS] Client connected: %s (%s) [%d total] de7d12ea 127.0.0.1 13"}
{"timestamp":"2026-07-28T09:05:52.539Z","level":"info","component":"LiveWS","message":"[LiveWS] Client connected: %s (%s) [%d total] 9693ab6e 127.0.0.1 14"}
{"timestamp":"2026-07-28T09:05:52.542Z","level":"info","component":"LiveWS","message":"[LiveWS] Client disconnected: %s [%d remaining] 9693ab6e 13"}
{"timestamp":"2026-07-28T09:05:52.854Z","level":"info","component":"LiveWS","message":"[LiveWS] Client connected: %s (%s) [%d total] 075ee1e3 127.0.0.1 14"}
{"timestamp":"2026-07-28T09:05:55.553Z","level":"info","component":"LiveWS","message":"[LiveWS] Client connected: %s (%s) [%d total] 7f7d3ef5 127.0.0.1 15"}
{"timestamp":"2026-07-28T09:05:55.557Z","level":"info","component":"LiveWS","message":"[LiveWS] Client disconnected: %s [%d remaining] 7f7d3ef5 14"}
{"timestamp":"2026-07-28T09:05:55.872Z","level":"info","component":"LiveWS","message":"[LiveWS] Client connected: %s (%s) [%d total] 25cc772b 127.0.0.1 15"}
{"timestamp":"2026-07-28T09:05:58.561Z","level":"info","component":"LiveWS","message":"[LiveWS] Client connected: %s (%s) [%d total] ca3efc9c 127.0.0.1 16"}
{"timestamp":"2026-07-28T09:05:58.565Z","level":"info","component":"LiveWS","message":"[LiveWS] Client disconnected: %s [%d remaining] ca3efc9c 15"}
{"timestamp":"2026-07-28T09:05:58.873Z","level":"info","component":"LiveWS","message":"[LiveWS] Client connected: %s (%s) [%d total] c3b4db11 127.0.0.1 16"}
{"timestamp":"2026-07-28T09:06:01.555Z","level":"info","component":"LiveWS","message":"[LiveWS] Client connected: %s (%s) [%d total] 33ce563c 127.0.0.1 17"}
{"timestamp":"2026-07-28T09:06:01.558Z","level":"info","component":"LiveWS","message":"[LiveWS] Client disconnected: %s [%d remaining] 33ce563c 16"}
{"timestamp":"2026-07-28T09:06:01.872Z","level":"info","component":"LiveWS","message":"[LiveWS] Client connected: %s (%s) [%d total] 937db285 127.0.0.1 17"}
{"timestamp":"2026-07-28T09:06:04.553Z","level":"info","component":"LiveWS","message":"[LiveWS] Client connected: %s (%s) [%d total] 64010ada 127.0.0.1 18"}
{"timestamp":"2026-07-28T09:06:04.557Z","level":"info","component":"LiveWS","message":"[LiveWS] Client disconnected: %s [%d remaining] 64010ada 17"}
{"timestamp":"2026-07-28T09:06:04.871Z","level":"info","component":"LiveWS","message":"[LiveWS] Client connected: %s (%s) [%d total] d7173c3e 127.0.0.1 18"}
{"timestamp":"2026-07-28T09:06:05.172Z","level":"info","component":"LiveWS","message":"[LiveWS] Client disconnected: %s [%d remaining] 05468f7e 14"}
{"timestamp":"2026-07-28T09:06:05.174Z","level":"info","component":"LiveWS","message":"[LiveWS] Client disconnected: %s [%d remaining] b0779f29 14"}
{"timestamp":"2026-07-28T09:06:05.175Z","level":"info","component":"LiveWS","message":"[LiveWS] Client disconnected: %s [%d remaining] 3be13382 14"}
{"timestamp":"2026-07-28T09:06:05.178Z","level":"info","component":"LiveWS","message":"[LiveWS] Client disconnected: %s [%d remaining] 0ad279e0 14"}
{"timestamp":"2026-07-28T09:06:05.557Z","level":"info","component":"LiveWS","message":"[LiveWS] Client connected: %s (%s) [%d total] 744b2a2f 127.0.0.1 15"}
{"timestamp":"2026-07-28T09:06:05.562Z","level":"info","component":"LiveWS","message":"[LiveWS] Client disconnected: %s [%d remaining] 744b2a2f 14"}
{"timestamp":"2026-07-28T09:06:05.874Z","level":"info","component":"LiveWS","message":"[LiveWS] Client connected: %s (%s) [%d total] 8932befe 127.0.0.1 15"}
{"timestamp":"2026-07-28T09:06:06.556Z","level":"info","component":"LiveWS","message":"[LiveWS] Client connected: %s (%s) [%d total] ac4dbc70 127.0.0.1 16"}
{"timestamp":"2026-07-28T09:06:06.559Z","level":"info","component":"LiveWS","message":"[LiveWS] Client disconnected: %s [%d remaining] ac4dbc70 15"}
{"timestamp":"2026-07-28T09:06:06.873Z","level":"info","component":"LiveWS","message":"[LiveWS] Client connected: %s (%s) [%d total] f892aed7 127.0.0.1 16"}
{"timestamp":"2026-07-28T09:06:07.557Z","level":"info","component":"LiveWS","message":"[LiveWS] Client connected: %s (%s) [%d total] 3b331009 127.0.0.1 17"}
{"timestamp":"2026-07-28T09:06:07.561Z","level":"info","component":"LiveWS","message":"[LiveWS] Client disconnected: %s [%d remaining] 3b331009 16"}
{"timestamp":"2026-07-28T09:06:07.873Z","level":"info","component":"LiveWS","message":"[LiveWS] Client connected: %s (%s) [%d total] c240078c 127.0.0.1 17"}
{"timestamp":"2026-07-28T09:06:10.545Z","level":"info","component":"LiveWS","message":"[LiveWS] Client connected: %s (%s) [%d total] 99590f61 127.0.0.1 18"}
{"timestamp":"2026-07-28T09:06:10.549Z","level":"info","component":"LiveWS","message":"[LiveWS] Client disconnected: %s [%d remaining] 99590f61 17"}
{"timestamp":"2026-07-28T09:06:10.861Z","level":"info","component":"LiveWS","message":"[LiveWS] Client connected: %s (%s) [%d total] b59d7414 127.0.0.1 18"}
{"timestamp":"2026-07-28T09:06:13.558Z","level":"info","component":"LiveWS","message":"[LiveWS] Client connected: %s (%s) [%d total] ac0fed58 127.0.0.1 19"}
{"timestamp":"2026-07-28T09:06:13.561Z","level":"info","component":"LiveWS","message":"[LiveWS] Client disconnected: %s [%d remaining] ac0fed58 18"}
{"timestamp":"2026-07-28T09:06:13.876Z","level":"info","component":"LiveWS","message":"[LiveWS] Client connected: %s (%s) [%d total] 880f22ee 127.0.0.1 19"}
{"timestamp":"2026-07-28T09:06:16.553Z","level":"info","component":"LiveWS","message":"[LiveWS] Client connected: %s (%s) [%d total] 527b04b9 127.0.0.1 20"}
{"timestamp":"2026-07-28T09:06:16.557Z","level":"info","component":"LiveWS","message":"[LiveWS] Client disconnected: %s [%d remaining] 527b04b9 19"}
{"timestamp":"2026-07-28T09:06:16.870Z","level":"info","component":"LiveWS","message":"[LiveWS] Client connected: %s (%s) [%d total] 86526b7e 127.0.0.1 20"}
{"timestamp":"2026-07-28T09:06:19.555Z","level":"info","component":"LiveWS","message":"[LiveWS] Client connected: %s (%s) [%d total] 5c7ef844 127.0.0.1 21"}
{"timestamp":"2026-07-28T09:06:19.559Z","level":"info","component":"LiveWS","message":"[LiveWS] Client disconnected: %s [%d remaining] 5c7ef844 20"}
{"timestamp":"2026-07-28T09:06:19.874Z","level":"info","component":"LiveWS","message":"[LiveWS] Client connected: %s (%s) [%d total] f3aed2f4 127.0.0.1 21"}
{"timestamp":"2026-07-28T09:06:20.173Z","level":"info","component":"LiveWS","message":"[LiveWS] Client disconnected: %s [%d remaining] 8eca4285 15"}
{"timestamp":"2026-07-28T09:06:20.178Z","level":"info","component":"LiveWS","message":"[LiveWS] Client disconnected: %s [%d remaining] e2d647da 15"}
{"timestamp":"2026-07-28T09:06:20.180Z","level":"info","component":"LiveWS","message":"[LiveWS] Client disconnected: %s [%d remaining] 6fd93c1d 15"}
{"timestamp":"2026-07-28T09:06:20.182Z","level":"info","component":"LiveWS","message":"[LiveWS] Client disconnected: %s [%d remaining] fde269a2 15"}
{"timestamp":"2026-07-28T09:06:20.184Z","level":"info","component":"LiveWS","message":"[LiveWS] Client disconnected: %s [%d remaining] c094fcf0 15"}
{"timestamp":"2026-07-28T09:06:20.185Z","level":"info","component":"LiveWS","message":"[LiveWS] Client disconnected: %s [%d remaining] cc1811c5 15"}
{"timestamp":"2026-07-28T09:06:20.556Z","level":"info","component":"LiveWS","message":"[LiveWS] Client connected: %s (%s) [%d total] e9b17aff 127.0.0.1 16"}
{"timestamp":"2026-07-28T09:06:20.560Z","level":"info","component":"LiveWS","message":"[LiveWS] Client disconnected: %s [%d remaining] e9b17aff 15"}
{"timestamp":"2026-07-28T09:06:20.874Z","level":"info","component":"LiveWS","message":"[LiveWS] Client connected: %s (%s) [%d total] 931bce7f 127.0.0.1 16"}
{"timestamp":"2026-07-28T09:06:21.554Z","level":"info","component":"LiveWS","message":"[LiveWS] Client connected: %s (%s) [%d total] 94763baa 127.0.0.1 17"}
{"timestamp":"2026-07-28T09:06:21.559Z","level":"info","component":"LiveWS","message":"[LiveWS] Client disconnected: %s [%d remaining] 94763baa 16"}
{"timestamp":"2026-07-28T09:06:21.870Z","level":"info","component":"LiveWS","message":"[LiveWS] Client connected: %s (%s) [%d total] 496985dc 127.0.0.1 17"}
{"timestamp":"2026-07-28T09:06:22.553Z","level":"info","component":"LiveWS","message":"[LiveWS] Client connected: %s (%s) [%d total] 1564a607 127.0.0.1 18"}
{"timestamp":"2026-07-28T09:06:22.558Z","level":"info","component":"LiveWS","message":"[LiveWS] Client disconnected: %s [%d remaining] 1564a607 17"}
{"timestamp":"2026-07-28T09:06:22.870Z","level":"info","component":"LiveWS","message":"[LiveWS] Client connected: %s (%s) [%d total] 5bd56ccd 127.0.0.1 18"}
{"timestamp":"2026-07-28T09:06:25.550Z","level":"info","component":"LiveWS","message":"[LiveWS] Client connected: %s (%s) [%d total] 1ff0777a 127.0.0.1 19"}
{"timestamp":"2026-07-28T09:06:25.553Z","level":"info","component":"LiveWS","message":"[LiveWS] Client disconnected: %s [%d remaining] 1ff0777a 18"}
{"timestamp":"2026-07-28T09:06:25.868Z","level":"info","component":"LiveWS","message":"[LiveWS] Client connected: %s (%s) [%d total] 65210b74 127.0.0.1 19"}
{"timestamp":"2026-07-28T09:06:28.550Z","level":"info","component":"LiveWS","message":"[LiveWS] Client connected: %s (%s) [%d total] 9ef608ff 127.0.0.1 20"}
{"timestamp":"2026-07-28T09:06:28.554Z","level":"info","component":"LiveWS","message":"[LiveWS] Client disconnected: %s [%d remaining] 9ef608ff 19"}
{"timestamp":"2026-07-28T09:06:28.867Z","level":"info","component":"LiveWS","message":"[LiveWS] Client connected: %s (%s) [%d total] 3a3a950e 127.0.0.1 20"}
{"timestamp":"2026-07-28T09:06:31.548Z","level":"info","component":"LiveWS","message":"[LiveWS] Client connected: %s (%s) [%d total] 4b4e4688 127.0.0.1 21"}
{"timestamp":"2026-07-28T09:06:31.552Z","level":"info","component":"LiveWS","message":"[LiveWS] Client disconnected: %s [%d remaining] 4b4e4688 20"}
{"timestamp":"2026-07-28T09:06:31.865Z","level":"info","component":"LiveWS","message":"[LiveWS] Client connected: %s (%s) [%d total] e1d327a5 127.0.0.1 21"}
{"timestamp":"2026-07-28T09:06:34.548Z","level":"info","component":"LiveWS","message":"[LiveWS] Client connected: %s (%s) [%d total] a037177c 127.0.0.1 22"}
{"timestamp":"2026-07-28T09:06:34.552Z","level":"info","component":"LiveWS","message":"[LiveWS] Client disconnected: %s [%d remaining] a037177c 21"}
{"timestamp":"2026-07-28T09:06:34.865Z","level":"info","component":"LiveWS","message":"[LiveWS] Client connected: %s (%s) [%d total] 654a72b9 127.0.0.1 22"}
{"timestamp":"2026-07-28T09:06:35.182Z","level":"info","component":"LiveWS","message":"[LiveWS] Client disconnected: %s [%d remaining] c3b4db11 16"}
{"timestamp":"2026-07-28T09:06:35.185Z","level":"info","component":"LiveWS","message":"[LiveWS] Client disconnected: %s [%d remaining] 25cc772b 16"}
{"timestamp":"2026-07-28T09:06:35.186Z","level":"info","component":"LiveWS","message":"[LiveWS] Client disconnected: %s [%d remaining] 075ee1e3 16"}
{"timestamp":"2026-07-28T09:06:35.189Z","level":"info","component":"LiveWS","message":"[LiveWS] Client disconnected: %s [%d remaining] de7d12ea 16"}
{"timestamp":"2026-07-28T09:06:35.190Z","level":"info","component":"LiveWS","message":"[LiveWS] Client disconnected: %s [%d remaining] 9f656775 16"}
{"timestamp":"2026-07-28T09:06:35.192Z","level":"info","component":"LiveWS","message":"[LiveWS] Client disconnected: %s [%d remaining] e8c9fa55 16"}
{"timestamp":"2026-07-28T09:06:36.547Z","level":"info","component":"LiveWS","message":"[LiveWS] Client connected: %s (%s) [%d total] 25df8d40 127.0.0.1 17"}
{"timestamp":"2026-07-28T09:06:36.865Z","level":"info","component":"LiveWS","message":"[LiveWS] Client connected: %s (%s) [%d total] bdd6b962 127.0.0.1 18"}
{"timestamp":"2026-07-28T09:06:37.232Z","level":"info","component":"LiveWS","message":"[LiveWS] Client disconnected: %s [%d remaining] bdd6b962 17"}
{"timestamp":"2026-07-28T09:06:37.549Z","level":"info","component":"LiveWS","message":"[LiveWS] Client connected: %s (%s) [%d total] a8a22289 127.0.0.1 18"}
{"timestamp":"2026-07-28T09:06:37.869Z","level":"info","component":"LiveWS","message":"[LiveWS] Client connected: %s (%s) [%d total] 60939083 127.0.0.1 19"}
{"timestamp":"2026-07-28T09:06:50.194Z","level":"info","component":"LiveWS","message":"[LiveWS] Client disconnected: %s [%d remaining] 880f22ee 12"}
{"timestamp":"2026-07-28T09:06:50.197Z","level":"info","component":"LiveWS","message":"[LiveWS] Client disconnected: %s [%d remaining] b59d7414 12"}
{"timestamp":"2026-07-28T09:06:50.199Z","level":"info","component":"LiveWS","message":"[LiveWS] Client disconnected: %s [%d remaining] c240078c 12"}
{"timestamp":"2026-07-28T09:06:50.200Z","level":"info","component":"LiveWS","message":"[LiveWS] Client disconnected: %s [%d remaining] f892aed7 12"}
{"timestamp":"2026-07-28T09:06:50.201Z","level":"info","component":"LiveWS","message":"[LiveWS] Client disconnected: %s [%d remaining] 8932befe 12"}
{"timestamp":"2026-07-28T09:06:50.202Z","level":"info","component":"LiveWS","message":"[LiveWS] Client disconnected: %s [%d remaining] d7173c3e 12"}
{"timestamp":"2026-07-28T09:06:50.203Z","level":"info","component":"LiveWS","message":"[LiveWS] Client disconnected: %s [%d remaining] 937db285 12"}
{"timestamp":"2026-07-28T09:06:51.554Z","level":"info","component":"LiveWS","message":"[LiveWS] Client connected: %s (%s) [%d total] bf417bfa 127.0.0.1 13"}
{"timestamp":"2026-07-28T09:06:51.871Z","level":"info","component":"LiveWS","message":"[LiveWS] Client connected: %s (%s) [%d total] e737094b 127.0.0.1 14"}
{"timestamp":"2026-07-28T09:07:05.193Z","level":"info","component":"LiveWS","message":"[LiveWS] Client disconnected: %s [%d remaining] 3a3a950e 7"}
{"timestamp":"2026-07-28T09:07:05.196Z","level":"info","component":"LiveWS","message":"[LiveWS] Client disconnected: %s [%d remaining] 65210b74 7"}
{"timestamp":"2026-07-28T09:07:05.197Z","level":"info","component":"LiveWS","message":"[LiveWS] Client disconnected: %s [%d remaining] 5bd56ccd 7"}
{"timestamp":"2026-07-28T09:07:05.199Z","level":"info","component":"LiveWS","message":"[LiveWS] Client disconnected: %s [%d remaining] 496985dc 7"}
{"timestamp":"2026-07-28T09:07:05.200Z","level":"info","component":"LiveWS","message":"[LiveWS] Client disconnected: %s [%d remaining] 931bce7f 7"}
{"timestamp":"2026-07-28T09:07:05.201Z","level":"info","component":"LiveWS","message":"[LiveWS] Client disconnected: %s [%d remaining] f3aed2f4 7"}
{"timestamp":"2026-07-28T09:07:05.203Z","level":"info","component":"LiveWS","message":"[LiveWS] Client disconnected: %s [%d remaining] 86526b7e 7"}
{"timestamp":"2026-07-28T09:07:06.536Z","level":"info","component":"LiveWS","message":"[LiveWS] Client connected: %s (%s) [%d total] 61dc1638 127.0.0.1 8"}
{"timestamp":"2026-07-28T09:07:06.847Z","level":"info","component":"LiveWS","message":"[LiveWS] Client connected: %s (%s) [%d total] e1102de1 127.0.0.1 9"}
{"timestamp":"2026-07-28T09:07:20.193Z","level":"info","component":"LiveWS","message":"[LiveWS] Client disconnected: %s [%d remaining] 60939083 4"}
{"timestamp":"2026-07-28T09:07:20.195Z","level":"info","component":"LiveWS","message":"[LiveWS] Client disconnected: %s [%d remaining] a8a22289 4"}
{"timestamp":"2026-07-28T09:07:20.197Z","level":"info","component":"LiveWS","message":"[LiveWS] Client disconnected: %s [%d remaining] 25df8d40 4"}
{"timestamp":"2026-07-28T09:07:20.198Z","level":"info","component":"LiveWS","message":"[LiveWS] Client disconnected: %s [%d remaining] 654a72b9 4"}
{"timestamp":"2026-07-28T09:07:20.199Z","level":"info","component":"LiveWS","message":"[LiveWS] Client disconnected: %s [%d remaining] e1d327a5 4"}
{"timestamp":"2026-07-28T09:07:21.548Z","level":"info","component":"LiveWS","message":"[LiveWS] Client connected: %s (%s) [%d total] a7cf2783 127.0.0.1 5"}
{"timestamp":"2026-07-28T09:07:21.551Z","level":"info","component":"LiveWS","message":"[LiveWS] Client disconnected: %s [%d remaining] a7cf2783 4"}
{"timestamp":"2026-07-28T09:07:21.859Z","level":"info","component":"LiveWS","message":"[LiveWS] Client connected: %s (%s) [%d total] 6859225d 127.0.0.1 5"}
{"timestamp":"2026-07-28T09:07:22.548Z","level":"info","component":"LiveWS","message":"[LiveWS] Client connected: %s (%s) [%d total] 505f5511 127.0.0.1 6"}
{"timestamp":"2026-07-28T09:07:22.553Z","level":"info","component":"LiveWS","message":"[LiveWS] Client disconnected: %s [%d remaining] 505f5511 5"}
{"timestamp":"2026-07-28T09:07:22.864Z","level":"info","component":"LiveWS","message":"[LiveWS] Client connected: %s (%s) [%d total] 45983cdd 127.0.0.1 6"}
{"timestamp":"2026-07-28T09:07:25.545Z","level":"info","component":"LiveWS","message":"[LiveWS] Client connected: %s (%s) [%d total] 43024b77 127.0.0.1 7"}
{"timestamp":"2026-07-28T09:07:25.548Z","level":"info","component":"LiveWS","message":"[LiveWS] Client disconnected: %s [%d remaining] 43024b77 6"}
{"timestamp":"2026-07-28T09:07:25.863Z","level":"info","component":"LiveWS","message":"[LiveWS] Client connected: %s (%s) [%d total] 99bfb208 127.0.0.1 7"}
{"timestamp":"2026-07-28T09:07:28.554Z","level":"info","component":"LiveWS","message":"[LiveWS] Client connected: %s (%s) [%d total] 245d2575 127.0.0.1 8"}
{"timestamp":"2026-07-28T09:07:28.557Z","level":"info","component":"LiveWS","message":"[LiveWS] Client disconnected: %s [%d remaining] 245d2575 7"}
{"timestamp":"2026-07-28T09:07:28.871Z","level":"info","component":"LiveWS","message":"[LiveWS] Client connected: %s (%s) [%d total] dc9942ea 127.0.0.1 8"}
{"timestamp":"2026-07-28T09:07:31.548Z","level":"info","component":"LiveWS","message":"[LiveWS] Client connected: %s (%s) [%d total] f26e480a 127.0.0.1 9"}
{"timestamp":"2026-07-28T09:07:31.552Z","level":"info","component":"LiveWS","message":"[LiveWS] Client disconnected: %s [%d remaining] f26e480a 8"}
{"timestamp":"2026-07-28T09:07:31.865Z","level":"info","component":"LiveWS","message":"[LiveWS] Client connected: %s (%s) [%d total] 92d9f5eb 127.0.0.1 9"}
{"timestamp":"2026-07-28T09:07:34.542Z","level":"info","component":"LiveWS","message":"[LiveWS] Client connected: %s (%s) [%d total] bae8f957 127.0.0.1 10"}
{"timestamp":"2026-07-28T09:07:34.546Z","level":"info","component":"LiveWS","message":"[LiveWS] Client disconnected: %s [%d remaining] bae8f957 9"}
{"timestamp":"2026-07-28T09:07:34.861Z","level":"info","component":"LiveWS","message":"[LiveWS] Client connected: %s (%s) [%d total] feb35255 127.0.0.1 10"}
{"timestamp":"2026-07-28T09:07:35.205Z","level":"info","component":"LiveWS","message":"[LiveWS] Client disconnected: %s [%d remaining] e737094b 8"}
{"timestamp":"2026-07-28T09:07:35.206Z","level":"info","component":"LiveWS","message":"[LiveWS] Client disconnected: %s [%d remaining] bf417bfa 8"}
{"timestamp":"2026-07-28T09:07:36.560Z","level":"info","component":"LiveWS","message":"[LiveWS] Client connected: %s (%s) [%d total] 6b32b5c7 127.0.0.1 9"}
{"timestamp":"2026-07-28T09:07:36.563Z","level":"info","component":"LiveWS","message":"[LiveWS] Client disconnected: %s [%d remaining] 6b32b5c7 8"}
{"timestamp":"2026-07-28T09:07:36.877Z","level":"info","component":"LiveWS","message":"[LiveWS] Client connected: %s (%s) [%d total] 6f77071c 127.0.0.1 9"}
{"timestamp":"2026-07-28T09:07:37.556Z","level":"info","component":"LiveWS","message":"[LiveWS] Client connected: %s (%s) [%d total] 7dd47271 127.0.0.1 10"}
{"timestamp":"2026-07-28T09:07:37.558Z","level":"info","component":"LiveWS","message":"[LiveWS] Client disconnected: %s [%d remaining] 7dd47271 9"}
{"timestamp":"2026-07-28T09:07:37.874Z","level":"info","component":"LiveWS","message":"[LiveWS] Client connected: %s (%s) [%d total] e15e9318 127.0.0.1 10"}
{"timestamp":"2026-07-28T09:07:40.557Z","level":"info","component":"LiveWS","message":"[LiveWS] Client connected: %s (%s) [%d total] 0e1ed4c4 127.0.0.1 11"}
{"timestamp":"2026-07-28T09:07:40.560Z","level":"info","component":"LiveWS","message":"[LiveWS] Client disconnected: %s [%d remaining] 0e1ed4c4 10"}
{"timestamp":"2026-07-28T09:07:40.873Z","level":"info","component":"LiveWS","message":"[LiveWS] Client connected: %s (%s) [%d total] 9673141b 127.0.0.1 11"}
{"timestamp":"2026-07-28T09:07:43.554Z","level":"info","component":"LiveWS","message":"[LiveWS] Client connected: %s (%s) [%d total] 9cee4453 127.0.0.1 12"}
{"timestamp":"2026-07-28T09:07:43.557Z","level":"info","component":"LiveWS","message":"[LiveWS] Client disconnected: %s [%d remaining] 9cee4453 11"}
{"timestamp":"2026-07-28T09:07:43.872Z","level":"info","component":"LiveWS","message":"[LiveWS] Client connected: %s (%s) [%d total] 60796ba5 127.0.0.1 12"}
{"timestamp":"2026-07-28T09:07:46.551Z","level":"info","component":"LiveWS","message":"[LiveWS] Client connected: %s (%s) [%d total] 8787437d 127.0.0.1 13"}
{"timestamp":"2026-07-28T09:07:46.555Z","level":"info","component":"LiveWS","message":"[LiveWS] Client disconnected: %s [%d remaining] 8787437d 12"}
{"timestamp":"2026-07-28T09:07:46.869Z","level":"info","component":"LiveWS","message":"[LiveWS] Client connected: %s (%s) [%d total] 2d72e8bc 127.0.0.1 13"}
{"timestamp":"2026-07-28T09:07:49.553Z","level":"info","component":"LiveWS","message":"[LiveWS] Client connected: %s (%s) [%d total] c207188c 127.0.0.1 14"}
{"timestamp":"2026-07-28T09:07:49.555Z","level":"info","component":"LiveWS","message":"[LiveWS] Client disconnected: %s [%d remaining] c207188c 13"}
{"timestamp":"2026-07-28T09:07:49.869Z","level":"info","component":"LiveWS","message":"[LiveWS] Client connected: %s (%s) [%d total] 26ba7423 127.0.0.1 14"}
{"timestamp":"2026-07-28T09:07:50.219Z","level":"info","component":"LiveWS","message":"[LiveWS] Client disconnected: %s [%d remaining] e1102de1 12"}
{"timestamp":"2026-07-28T09:07:50.221Z","level":"info","component":"LiveWS","message":"[LiveWS] Client disconnected: %s [%d remaining] 61dc1638 12"}
{"timestamp":"2026-07-28T09:07:50.556Z","level":"info","component":"LiveWS","message":"[LiveWS] Client connected: %s (%s) [%d total] 8422bf75 127.0.0.1 13"}
{"timestamp":"2026-07-28T09:07:50.560Z","level":"info","component":"LiveWS","message":"[LiveWS] Client disconnected: %s [%d remaining] 8422bf75 12"}
{"timestamp":"2026-07-28T09:07:50.870Z","level":"info","component":"LiveWS","message":"[LiveWS] Client connected: %s (%s) [%d total] 2c893133 127.0.0.1 13"}
{"timestamp":"2026-07-28T09:07:52.553Z","level":"info","component":"LiveWS","message":"[LiveWS] Client connected: %s (%s) [%d total] 826f714f 127.0.0.1 14"}
{"timestamp":"2026-07-28T09:07:52.559Z","level":"info","component":"LiveWS","message":"[LiveWS] Client disconnected: %s [%d remaining] 826f714f 13"}
{"timestamp":"2026-07-28T09:07:52.869Z","level":"info","component":"LiveWS","message":"[LiveWS] Client connected: %s (%s) [%d total] ec88bf2d 127.0.0.1 14"}
{"timestamp":"2026-07-28T09:07:55.557Z","level":"info","component":"LiveWS","message":"[LiveWS] Client connected: %s (%s) [%d total] e438edae 127.0.0.1 15"}
{"timestamp":"2026-07-28T09:07:55.561Z","level":"info","component":"LiveWS","message":"[LiveWS] Client disconnected: %s [%d remaining] e438edae 14"}
{"timestamp":"2026-07-28T09:07:55.876Z","level":"info","component":"LiveWS","message":"[LiveWS] Client connected: %s (%s) [%d total] a523c64e 127.0.0.1 15"}
{"timestamp":"2026-07-28T09:07:58.557Z","level":"info","component":"LiveWS","message":"[LiveWS] Client connected: %s (%s) [%d total] 0e815001 127.0.0.1 16"}
{"timestamp":"2026-07-28T09:07:58.560Z","level":"info","component":"LiveWS","message":"[LiveWS] Client disconnected: %s [%d remaining] 0e815001 15"}
{"timestamp":"2026-07-28T09:07:58.874Z","level":"info","component":"LiveWS","message":"[LiveWS] Client connected: %s (%s) [%d total] 0360d770 127.0.0.1 16"}
{"timestamp":"2026-07-28T09:08:01.558Z","level":"info","component":"LiveWS","message":"[LiveWS] Client connected: %s (%s) [%d total] bbf63e01 127.0.0.1 17"}
{"timestamp":"2026-07-28T09:08:01.562Z","level":"info","component":"LiveWS","message":"[LiveWS] Client disconnected: %s [%d remaining] bbf63e01 16"}
{"timestamp":"2026-07-28T09:08:01.877Z","level":"info","component":"LiveWS","message":"[LiveWS] Client connected: %s (%s) [%d total] 18321124 127.0.0.1 17"}
{"timestamp":"2026-07-28T09:08:04.546Z","level":"info","component":"LiveWS","message":"[LiveWS] Client connected: %s (%s) [%d total] a60a10c7 127.0.0.1 18"}
{"timestamp":"2026-07-28T09:08:04.549Z","level":"info","component":"LiveWS","message":"[LiveWS] Client disconnected: %s [%d remaining] a60a10c7 17"}
{"timestamp":"2026-07-28T09:08:04.864Z","level":"info","component":"LiveWS","message":"[LiveWS] Client connected: %s (%s) [%d total] 4e59569a 127.0.0.1 18"}
{"timestamp":"2026-07-28T09:08:05.229Z","level":"info","component":"LiveWS","message":"[LiveWS] Client disconnected: %s [%d remaining] dc9942ea 14"}
{"timestamp":"2026-07-28T09:08:05.231Z","level":"info","component":"LiveWS","message":"[LiveWS] Client disconnected: %s [%d remaining] 99bfb208 14"}
{"timestamp":"2026-07-28T09:08:05.232Z","level":"info","component":"LiveWS","message":"[LiveWS] Client disconnected: %s [%d remaining] 45983cdd 14"}
{"timestamp":"2026-07-28T09:08:05.233Z","level":"info","component":"LiveWS","message":"[LiveWS] Client disconnected: %s [%d remaining] 6859225d 14"}
{"timestamp":"2026-07-28T09:08:05.546Z","level":"info","component":"LiveWS","message":"[LiveWS] Client connected: %s (%s) [%d total] 9231ef9e 127.0.0.1 15"}
{"timestamp":"2026-07-28T09:08:05.866Z","level":"info","component":"LiveWS","message":"[LiveWS] Client connected: %s (%s) [%d total] b17ec267 127.0.0.1 16"}
{"timestamp":"2026-07-28T09:08:07.230Z","level":"info","component":"LiveWS","message":"[LiveWS] Client disconnected: %s [%d remaining] b17ec267 15"}
{"timestamp":"2026-07-28T09:08:07.549Z","level":"info","component":"LiveWS","message":"[LiveWS] Client connected: %s (%s) [%d total] ba5bd9f5 127.0.0.1 16"}
{"timestamp":"2026-07-28T09:08:07.866Z","level":"info","component":"LiveWS","message":"[LiveWS] Client connected: %s (%s) [%d total] 3ca63d5b 127.0.0.1 17"}
{"timestamp":"2026-07-28T09:08:20.233Z","level":"info","component":"LiveWS","message":"[LiveWS] Client disconnected: %s [%d remaining] 60796ba5 11"}
{"timestamp":"2026-07-28T09:08:20.235Z","level":"info","component":"LiveWS","message":"[LiveWS] Client disconnected: %s [%d remaining] 9673141b 11"}
{"timestamp":"2026-07-28T09:08:20.237Z","level":"info","component":"LiveWS","message":"[LiveWS] Client disconnected: %s [%d remaining] e15e9318 11"}
{"timestamp":"2026-07-28T09:08:20.238Z","level":"info","component":"LiveWS","message":"[LiveWS] Client disconnected: %s [%d remaining] 6f77071c 11"}
{"timestamp":"2026-07-28T09:08:20.238Z","level":"info","component":"LiveWS","message":"[LiveWS] Client disconnected: %s [%d remaining] feb35255 11"}
{"timestamp":"2026-07-28T09:08:20.239Z","level":"info","component":"LiveWS","message":"[LiveWS] Client disconnected: %s [%d remaining] 92d9f5eb 11"}
{"timestamp":"2026-07-28T09:08:20.548Z","level":"info","component":"LiveWS","message":"[LiveWS] Client connected: %s (%s) [%d total] ac07fb7c 127.0.0.1 12"}
{"timestamp":"2026-07-28T09:08:20.865Z","level":"info","component":"LiveWS","message":"[LiveWS] Client connected: %s (%s) [%d total] 7a03610c 127.0.0.1 13"}
{"timestamp":"2026-07-28T09:08:22.229Z","level":"info","component":"LiveWS","message":"[LiveWS] Client disconnected: %s [%d remaining] 7a03610c 12"}
{"timestamp":"2026-07-28T09:08:22.545Z","level":"info","component":"LiveWS","message":"[LiveWS] Client connected: %s (%s) [%d total] 3db4b799 127.0.0.1 13"}
{"timestamp":"2026-07-28T09:08:22.860Z","level":"info","component":"LiveWS","message":"[LiveWS] Client connected: %s (%s) [%d total] 2a077fbd 127.0.0.1 14"}
{"timestamp":"2026-07-28T09:08:35.242Z","level":"info","component":"LiveWS","message":"[LiveWS] Client disconnected: %s [%d remaining] 0360d770 8"}
{"timestamp":"2026-07-28T09:08:35.244Z","level":"info","component":"LiveWS","message":"[LiveWS] Client disconnected: %s [%d remaining] a523c64e 8"}
{"timestamp":"2026-07-28T09:08:35.246Z","level":"info","component":"LiveWS","message":"[LiveWS] Client disconnected: %s [%d remaining] ec88bf2d 8"}
{"timestamp":"2026-07-28T09:08:35.246Z","level":"info","component":"LiveWS","message":"[LiveWS] Client disconnected: %s [%d remaining] 2c893133 8"}
{"timestamp":"2026-07-28T09:08:35.247Z","level":"info","component":"LiveWS","message":"[LiveWS] Client disconnected: %s [%d remaining] 26ba7423 8"}
{"timestamp":"2026-07-28T09:08:35.248Z","level":"info","component":"LiveWS","message":"[LiveWS] Client disconnected: %s [%d remaining] 2d72e8bc 8"}
{"timestamp":"2026-07-28T09:08:37.553Z","level":"info","component":"LiveWS","message":"[LiveWS] Client connected: %s (%s) [%d total] e0f4cf56 127.0.0.1 9"}
{"timestamp":"2026-07-28T09:08:37.872Z","level":"info","component":"LiveWS","message":"[LiveWS] Client connected: %s (%s) [%d total] a9224e12 127.0.0.1 10"}
{"timestamp":"2026-07-28T09:08:50.244Z","level":"info","component":"LiveWS","message":"[LiveWS] Client disconnected: %s [%d remaining] 3ca63d5b 5"}
{"timestamp":"2026-07-28T09:08:50.246Z","level":"info","component":"LiveWS","message":"[LiveWS] Client disconnected: %s [%d remaining] ba5bd9f5 5"}
{"timestamp":"2026-07-28T09:08:50.248Z","level":"info","component":"LiveWS","message":"[LiveWS] Client disconnected: %s [%d remaining] 9231ef9e 5"}
{"timestamp":"2026-07-28T09:08:50.249Z","level":"info","component":"LiveWS","message":"[LiveWS] Client disconnected: %s [%d remaining] 4e59569a 5"}
{"timestamp":"2026-07-28T09:08:50.250Z","level":"info","component":"LiveWS","message":"[LiveWS] Client disconnected: %s [%d remaining] 18321124 5"}
{"timestamp":"2026-07-28T09:08:52.548Z","level":"info","component":"LiveWS","message":"[LiveWS] Client connected: %s (%s) [%d total] 96365b01 127.0.0.1 6"}
{"timestamp":"2026-07-28T09:08:52.555Z","level":"info","component":"LiveWS","message":"[LiveWS] Client disconnected: %s [%d remaining] 96365b01 5"}
{"timestamp":"2026-07-28T09:08:52.859Z","level":"info","component":"LiveWS","message":"[LiveWS] Client connected: %s (%s) [%d total] a7c5c529 127.0.0.1 6"}
{"timestamp":"2026-07-28T09:08:53.554Z","level":"info","component":"LiveWS","message":"[LiveWS] Client connected: %s (%s) [%d total] b32d41b4 127.0.0.1 7"}
{"timestamp":"2026-07-28T09:08:53.557Z","level":"info","component":"LiveWS","message":"[LiveWS] Client disconnected: %s [%d remaining] b32d41b4 6"}
{"timestamp":"2026-07-28T09:08:53.870Z","level":"info","component":"LiveWS","message":"[LiveWS] Client connected: %s (%s) [%d total] b04bbb7b 127.0.0.1 7"}
{"timestamp":"2026-07-28T09:08:56.552Z","level":"info","component":"LiveWS","message":"[LiveWS] Client connected: %s (%s) [%d total] 9efdef75 127.0.0.1 8"}
{"timestamp":"2026-07-28T09:08:56.555Z","level":"info","component":"LiveWS","message":"[LiveWS] Client disconnected: %s [%d remaining] 9efdef75 7"}
{"timestamp":"2026-07-28T09:08:56.870Z","level":"info","component":"LiveWS","message":"[LiveWS] Client connected: %s (%s) [%d total] d373de0f 127.0.0.1 8"}
{"timestamp":"2026-07-28T09:08:59.550Z","level":"info","component":"LiveWS","message":"[LiveWS] Client connected: %s (%s) [%d total] 1a8db201 127.0.0.1 9"}
{"timestamp":"2026-07-28T09:08:59.554Z","level":"info","component":"LiveWS","message":"[LiveWS] Client disconnected: %s [%d remaining] 1a8db201 8"}
{"timestamp":"2026-07-28T09:08:59.866Z","level":"info","component":"LiveWS","message":"[LiveWS] Client connected: %s (%s) [%d total] 51d55308 127.0.0.1 9"}
{"timestamp":"2026-07-28T09:09:02.541Z","level":"info","component":"LiveWS","message":"[LiveWS] Client connected: %s (%s) [%d total] dc6ed7d0 127.0.0.1 10"}
{"timestamp":"2026-07-28T09:09:02.543Z","level":"info","component":"LiveWS","message":"[LiveWS] Client disconnected: %s [%d remaining] dc6ed7d0 9"}
{"timestamp":"2026-07-28T09:09:02.860Z","level":"info","component":"LiveWS","message":"[LiveWS] Client connected: %s (%s) [%d total] e03a1fcf 127.0.0.1 10"}
{"timestamp":"2026-07-28T09:09:05.250Z","level":"info","component":"LiveWS","message":"[LiveWS] Client disconnected: %s [%d remaining] 2a077fbd 7"}
{"timestamp":"2026-07-28T09:09:05.252Z","level":"info","component":"LiveWS","message":"[LiveWS] Client disconnected: %s [%d remaining] 3db4b799 7"}
{"timestamp":"2026-07-28T09:09:05.253Z","level":"info","component":"LiveWS","message":"[LiveWS] Client disconnected: %s [%d remaining] ac07fb7c 7"}
{"timestamp":"2026-07-28T09:09:05.555Z","level":"info","component":"LiveWS","message":"[LiveWS] Client connected: %s (%s) [%d total] e2ea4497 127.0.0.1 8"}
{"timestamp":"2026-07-28T09:09:05.871Z","level":"info","component":"LiveWS","message":"[LiveWS] Client connected: %s (%s) [%d total] b14db7fa 127.0.0.1 9"}
{"timestamp":"2026-07-28T09:09:08.232Z","level":"info","component":"LiveWS","message":"[LiveWS] Client disconnected: %s [%d remaining] b14db7fa 8"}
{"timestamp":"2026-07-28T09:09:08.548Z","level":"info","component":"LiveWS","message":"[LiveWS] Client connected: %s (%s) [%d total] ffaa8739 127.0.0.1 9"}
{"timestamp":"2026-07-28T09:09:08.865Z","level":"info","component":"LiveWS","message":"[LiveWS] Client connected: %s (%s) [%d total] fd91268e 127.0.0.1 10"}
{"timestamp":"2026-07-28T09:09:20.264Z","level":"info","component":"LiveWS","message":"[LiveWS] Client disconnected: %s [%d remaining] a9224e12 8"}
{"timestamp":"2026-07-28T09:09:20.265Z","level":"info","component":"LiveWS","message":"[LiveWS] Client disconnected: %s [%d remaining] e0f4cf56 8"}
{"timestamp":"2026-07-28T09:09:22.553Z","level":"info","component":"LiveWS","message":"[LiveWS] Client connected: %s (%s) [%d total] 06be74c4 127.0.0.1 9"}
{"timestamp":"2026-07-28T09:09:22.556Z","level":"info","component":"LiveWS","message":"[LiveWS] Client disconnected: %s [%d remaining] 06be74c4 8"}
{"timestamp":"2026-07-28T09:09:22.870Z","level":"info","component":"LiveWS","message":"[LiveWS] Client connected: %s (%s) [%d total] 1a261425 127.0.0.1 9"}
{"timestamp":"2026-07-28T09:09:27.553Z","level":"info","component":"LiveWS","message":"[LiveWS] Client connected: %s (%s) [%d total] cccfb5fb 127.0.0.1 10"}
{"timestamp":"2026-07-28T09:09:27.556Z","level":"info","component":"LiveWS","message":"[LiveWS] Client disconnected: %s [%d remaining] cccfb5fb 9"}
{"timestamp":"2026-07-28T09:09:27.869Z","level":"info","component":"LiveWS","message":"[LiveWS] Client connected: %s (%s) [%d total] a461a2b0 127.0.0.1 10"}
{"timestamp":"2026-07-28T09:09:30.543Z","level":"info","component":"LiveWS","message":"[LiveWS] Client connected: %s (%s) [%d total] 93f0d83b 127.0.0.1 11"}
{"timestamp":"2026-07-28T09:09:30.546Z","level":"info","component":"LiveWS","message":"[LiveWS] Client disconnected: %s [%d remaining] 93f0d83b 10"}
{"timestamp":"2026-07-28T09:09:30.860Z","level":"info","component":"LiveWS","message":"[LiveWS] Client connected: %s (%s) [%d total] c6f87d82 127.0.0.1 11"}
{"timestamp":"2026-07-28T09:09:33.543Z","level":"info","component":"LiveWS","message":"[LiveWS] Client connected: %s (%s) [%d total] 7911d32f 127.0.0.1 12"}
{"timestamp":"2026-07-28T09:09:33.546Z","level":"info","component":"LiveWS","message":"[LiveWS] Client disconnected: %s [%d remaining] 7911d32f 11"}
{"timestamp":"2026-07-28T09:09:33.859Z","level":"info","component":"LiveWS","message":"[LiveWS] Client connected: %s (%s) [%d total] 14eb7dd4 127.0.0.1 12"}
{"timestamp":"2026-07-28T09:09:35.268Z","level":"info","component":"LiveWS","message":"[LiveWS] Client disconnected: %s [%d remaining] 51d55308 8"}
{"timestamp":"2026-07-28T09:09:35.269Z","level":"info","component":"LiveWS","message":"[LiveWS] Client disconnected: %s [%d remaining] d373de0f 8"}
{"timestamp":"2026-07-28T09:09:35.272Z","level":"info","component":"LiveWS","message":"[LiveWS] Client disconnected: %s [%d remaining] b04bbb7b 8"}
{"timestamp":"2026-07-28T09:09:35.273Z","level":"info","component":"LiveWS","message":"[LiveWS] Client disconnected: %s [%d remaining] a7c5c529 8"}
{"timestamp":"2026-07-28T09:09:36.554Z","level":"info","component":"LiveWS","message":"[LiveWS] Client connected: %s (%s) [%d total] cc35273b 127.0.0.1 9"}
{"timestamp":"2026-07-28T09:09:36.557Z","level":"info","component":"LiveWS","message":"[LiveWS] Client disconnected: %s [%d remaining] cc35273b 8"}
{"timestamp":"2026-07-28T09:09:36.872Z","level":"info","component":"LiveWS","message":"[LiveWS] Client connected: %s (%s) [%d total] 11ad626e 127.0.0.1 9"}
{"timestamp":"2026-07-28T09:09:37.552Z","level":"info","component":"LiveWS","message":"[LiveWS] Client connected: %s (%s) [%d total] d04005af 127.0.0.1 10"}
{"timestamp":"2026-07-28T09:09:37.554Z","level":"info","component":"LiveWS","message":"[LiveWS] Client disconnected: %s [%d remaining] d04005af 9"}
{"timestamp":"2026-07-28T09:09:37.869Z","level":"info","component":"LiveWS","message":"[LiveWS] Client connected: %s (%s) [%d total] a9ce3d38 127.0.0.1 10"}
{"timestamp":"2026-07-28T09:09:46.544Z","level":"info","component":"LiveWS","message":"[LiveWS] Client connected: %s (%s) [%d total] 234494fe 127.0.0.1 11"}
{"timestamp":"2026-07-28T09:09:46.548Z","level":"info","component":"LiveWS","message":"[LiveWS] Client disconnected: %s [%d remaining] 234494fe 10"}
{"timestamp":"2026-07-28T09:09:46.862Z","level":"info","component":"LiveWS","message":"[LiveWS] Client connected: %s (%s) [%d total] afa3a4f9 127.0.0.1 11"}
{"timestamp":"2026-07-28T09:09:49.553Z","level":"info","component":"LiveWS","message":"[LiveWS] Client connected: %s (%s) [%d total] 45583ad1 127.0.0.1 12"}
{"timestamp":"2026-07-28T09:09:49.557Z","level":"info","component":"LiveWS","message":"[LiveWS] Client disconnected: %s [%d remaining] 45583ad1 11"}
{"timestamp":"2026-07-28T09:09:49.868Z","level":"info","component":"LiveWS","message":"[LiveWS] Client connected: %s (%s) [%d total] 25c75c73 127.0.0.1 12"}
{"timestamp":"2026-07-28T09:09:50.277Z","level":"info","component":"LiveWS","message":"[LiveWS] Client disconnected: %s [%d remaining] fd91268e 8"}
{"timestamp":"2026-07-28T09:09:50.280Z","level":"info","component":"LiveWS","message":"[LiveWS] Client disconnected: %s [%d remaining] ffaa8739 8"}
{"timestamp":"2026-07-28T09:09:50.281Z","level":"info","component":"LiveWS","message":"[LiveWS] Client disconnected: %s [%d remaining] e2ea4497 8"}
{"timestamp":"2026-07-28T09:09:50.282Z","level":"info","component":"LiveWS","message":"[LiveWS] Client disconnected: %s [%d remaining] e03a1fcf 8"}
{"timestamp":"2026-07-28T09:09:51.546Z","level":"info","component":"LiveWS","message":"[LiveWS] Client connected: %s (%s) [%d total] 0b11998f 127.0.0.1 9"}
{"timestamp":"2026-07-28T09:09:51.550Z","level":"info","component":"LiveWS","message":"[LiveWS] Client disconnected: %s [%d remaining] 0b11998f 8"}
{"timestamp":"2026-07-28T09:09:51.864Z","level":"info","component":"LiveWS","message":"[LiveWS] Client connected: %s (%s) [%d total] 1340c11f 127.0.0.1 9"}
{"timestamp":"2026-07-28T09:09:52.546Z","level":"info","component":"LiveWS","message":"[LiveWS] Client connected: %s (%s) [%d total] 7be93d0a 127.0.0.1 10"}
{"timestamp":"2026-07-28T09:09:52.550Z","level":"info","component":"LiveWS","message":"[LiveWS] Client disconnected: %s [%d remaining] 7be93d0a 9"}
{"timestamp":"2026-07-28T09:09:52.863Z","level":"info","component":"LiveWS","message":"[LiveWS] Client connected: %s (%s) [%d total] 108333a7 127.0.0.1 10"}
{"timestamp":"2026-07-28T09:09:53.541Z","level":"info","component":"LiveWS","message":"[LiveWS] Client connected: %s (%s) [%d total] 97da5bf6 127.0.0.1 11"}
{"timestamp":"2026-07-28T09:09:53.545Z","level":"info","component":"LiveWS","message":"[LiveWS] Client disconnected: %s [%d remaining] 97da5bf6 10"}
{"timestamp":"2026-07-28T09:09:53.856Z","level":"info","component":"LiveWS","message":"[LiveWS] Client connected: %s (%s) [%d total] 8bd54b75 127.0.0.1 11"}
{"timestamp":"2026-07-28T09:09:58.554Z","level":"info","component":"LiveWS","message":"[LiveWS] Client connected: %s (%s) [%d total] c2125912 127.0.0.1 12"}
{"timestamp":"2026-07-28T09:09:58.559Z","level":"info","component":"LiveWS","message":"[LiveWS] Client disconnected: %s [%d remaining] c2125912 11"}
{"timestamp":"2026-07-28T09:09:58.870Z","level":"info","component":"LiveWS","message":"[LiveWS] Client connected: %s (%s) [%d total] efd9c9c2 127.0.0.1 12"}
{"timestamp":"2026-07-28T09:10:01.543Z","level":"info","component":"LiveWS","message":"[LiveWS] Client connected: %s (%s) [%d total] d3ba69cd 127.0.0.1 13"}
{"timestamp":"2026-07-28T09:10:01.546Z","level":"info","component":"LiveWS","message":"[LiveWS] Client disconnected: %s [%d remaining] d3ba69cd 12"}
{"timestamp":"2026-07-28T09:10:01.860Z","level":"info","component":"LiveWS","message":"[LiveWS] Client connected: %s (%s) [%d total] 374f1ce7 127.0.0.1 13"}
{"timestamp":"2026-07-28T09:10:04.549Z","level":"info","component":"LiveWS","message":"[LiveWS] Client connected: %s (%s) [%d total] 970b2bad 127.0.0.1 14"}
{"timestamp":"2026-07-28T09:10:04.555Z","level":"info","component":"LiveWS","message":"[LiveWS] Client disconnected: %s [%d remaining] 970b2bad 13"}
{"timestamp":"2026-07-28T09:10:04.866Z","level":"info","component":"LiveWS","message":"[LiveWS] Client connected: %s (%s) [%d total] 0b0496ac 127.0.0.1 14"}
{"timestamp":"2026-07-28T09:10:05.290Z","level":"info","component":"LiveWS","message":"[LiveWS] Client disconnected: %s [%d remaining] a461a2b0 12"}
{"timestamp":"2026-07-28T09:10:05.293Z","level":"info","component":"LiveWS","message":"[LiveWS] Client disconnected: %s [%d remaining] 1a261425 12"}
{"timestamp":"2026-07-28T09:10:07.553Z","level":"info","component":"LiveWS","message":"[LiveWS] Client connected: %s (%s) [%d total] 3deedf9b 127.0.0.1 13"}
{"timestamp":"2026-07-28T09:10:07.557Z","level":"info","component":"LiveWS","message":"[LiveWS] Client disconnected: %s [%d remaining] 3deedf9b 12"}
{"timestamp":"2026-07-28T09:10:07.870Z","level":"info","component":"LiveWS","message":"[LiveWS] Client connected: %s (%s) [%d total] aac92db4 127.0.0.1 13"}
{"timestamp":"2026-07-28T09:10:16.547Z","level":"info","component":"LiveWS","message":"[LiveWS] Client connected: %s (%s) [%d total] 3718b2c6 127.0.0.1 14"}
{"timestamp":"2026-07-28T09:10:16.552Z","level":"info","component":"LiveWS","message":"[LiveWS] Client disconnected: %s [%d remaining] 3718b2c6 13"}
{"timestamp":"2026-07-28T09:10:16.864Z","level":"info","component":"LiveWS","message":"[LiveWS] Client connected: %s (%s) [%d total] 49c2596d 127.0.0.1 14"}
{"timestamp":"2026-07-28T09:10:19.542Z","level":"info","component":"LiveWS","message":"[LiveWS] Client connected: %s (%s) [%d total] 74829fd8 127.0.0.1 15"}
{"timestamp":"2026-07-28T09:10:19.546Z","level":"info","component":"LiveWS","message":"[LiveWS] Client disconnected: %s [%d remaining] 74829fd8 14"}
{"timestamp":"2026-07-28T09:10:19.859Z","level":"info","component":"LiveWS","message":"[LiveWS] Client connected: %s (%s) [%d total] d75c25f9 127.0.0.1 15"}
{"timestamp":"2026-07-28T09:10:20.299Z","level":"info","component":"LiveWS","message":"[LiveWS] Client disconnected: %s [%d remaining] a9ce3d38 11"}
{"timestamp":"2026-07-28T09:10:20.302Z","level":"info","component":"LiveWS","message":"[LiveWS] Client disconnected: %s [%d remaining] 11ad626e 11"}
{"timestamp":"2026-07-28T09:10:20.303Z","level":"info","component":"LiveWS","message":"[LiveWS] Client disconnected: %s [%d remaining] 14eb7dd4 11"}
{"timestamp":"2026-07-28T09:10:20.304Z","level":"info","component":"LiveWS","message":"[LiveWS] Client disconnected: %s [%d remaining] c6f87d82 11"}
{"timestamp":"2026-07-28T09:10:22.545Z","level":"info","component":"LiveWS","message":"[LiveWS] Client connected: %s (%s) [%d total] 0f96adee 127.0.0.1 12"}
{"timestamp":"2026-07-28T09:10:22.861Z","level":"info","component":"LiveWS","message":"[LiveWS] Client connected: %s (%s) [%d total] 184a55d4 127.0.0.1 13"}
{"timestamp":"2026-07-28T09:10:35.302Z","level":"info","component":"LiveWS","message":"[LiveWS] Client disconnected: %s [%d remaining] efd9c9c2 7"}
{"timestamp":"2026-07-28T09:10:35.304Z","level":"info","component":"LiveWS","message":"[LiveWS] Client disconnected: %s [%d remaining] 8bd54b75 7"}
{"timestamp":"2026-07-28T09:10:35.305Z","level":"info","component":"LiveWS","message":"[LiveWS] Client disconnected: %s [%d remaining] 108333a7 7"}
{"timestamp":"2026-07-28T09:10:35.306Z","level":"info","component":"LiveWS","message":"[LiveWS] Client disconnected: %s [%d remaining] 1340c11f 7"}
{"timestamp":"2026-07-28T09:10:35.308Z","level":"info","component":"LiveWS","message":"[LiveWS] Client disconnected: %s [%d remaining] 25c75c73 7"}
{"timestamp":"2026-07-28T09:10:35.309Z","level":"info","component":"LiveWS","message":"[LiveWS] Client disconnected: %s [%d remaining] afa3a4f9 7"}
{"timestamp":"2026-07-28T09:10:37.549Z","level":"info","component":"LiveWS","message":"[LiveWS] Client connected: %s (%s) [%d total] 142ac391 127.0.0.1 8"}
{"timestamp":"2026-07-28T09:10:37.865Z","level":"info","component":"LiveWS","message":"[LiveWS] Client connected: %s (%s) [%d total] 40f636e0 127.0.0.1 9"}
{"timestamp":"2026-07-28T09:10:50.309Z","level":"info","component":"LiveWS","message":"[LiveWS] Client disconnected: %s [%d remaining] aac92db4 6"}
{"timestamp":"2026-07-28T09:10:50.312Z","level":"info","component":"LiveWS","message":"[LiveWS] Client disconnected: %s [%d remaining] 0b0496ac 6"}
{"timestamp":"2026-07-28T09:10:50.314Z","level":"info","component":"LiveWS","message":"[LiveWS] Client disconnected: %s [%d remaining] 374f1ce7 6"}
{"timestamp":"2026-07-28T09:10:52.540Z","level":"info","component":"LiveWS","message":"[LiveWS] Client connected: %s (%s) [%d total] 8460994f 127.0.0.1 7"}
{"timestamp":"2026-07-28T09:10:52.542Z","level":"info","component":"LiveWS","message":"[LiveWS] Client disconnected: %s [%d remaining] 8460994f 6"}
{"timestamp":"2026-07-28T09:10:52.855Z","level":"info","component":"LiveWS","message":"[LiveWS] Client connected: %s (%s) [%d total] 27808a1b 127.0.0.1 7"}
{"timestamp":"2026-07-28T09:11:01.552Z","level":"info","component":"LiveWS","message":"[LiveWS] Client connected: %s (%s) [%d total] 1e8c290f 127.0.0.1 8"}
{"timestamp":"2026-07-28T09:11:01.555Z","level":"info","component":"LiveWS","message":"[LiveWS] Client disconnected: %s [%d remaining] 1e8c290f 7"}
{"timestamp":"2026-07-28T09:11:01.871Z","level":"info","component":"LiveWS","message":"[LiveWS] Client connected: %s (%s) [%d total] d1696cf8 127.0.0.1 8"}
{"timestamp":"2026-07-28T09:11:04.547Z","level":"info","component":"LiveWS","message":"[LiveWS] Client connected: %s (%s) [%d total] 67eda0e5 127.0.0.1 9"}
{"timestamp":"2026-07-28T09:11:04.550Z","level":"info","component":"LiveWS","message":"[LiveWS] Client disconnected: %s [%d remaining] 67eda0e5 8"}
{"timestamp":"2026-07-28T09:11:04.864Z","level":"info","component":"LiveWS","message":"[LiveWS] Client connected: %s (%s) [%d total] 72dd6da3 127.0.0.1 9"}
{"timestamp":"2026-07-28T09:11:05.323Z","level":"info","component":"LiveWS","message":"[LiveWS] Client disconnected: %s [%d remaining] 184a55d4 5"}
{"timestamp":"2026-07-28T09:11:05.324Z","level":"info","component":"LiveWS","message":"[LiveWS] Client disconnected: %s [%d remaining] 0f96adee 5"}
{"timestamp":"2026-07-28T09:11:05.326Z","level":"info","component":"LiveWS","message":"[LiveWS] Client disconnected: %s [%d remaining] d75c25f9 5"}
{"timestamp":"2026-07-28T09:11:05.327Z","level":"info","component":"LiveWS","message":"[LiveWS] Client disconnected: %s [%d remaining] 49c2596d 5"}
{"timestamp":"2026-07-28T09:11:07.543Z","level":"info","component":"LiveWS","message":"[LiveWS] Client connected: %s (%s) [%d total] 1b18811c 127.0.0.1 6"}
{"timestamp":"2026-07-28T09:11:07.546Z","level":"info","component":"LiveWS","message":"[LiveWS] Client disconnected: %s [%d remaining] 1b18811c 5"}
{"timestamp":"2026-07-28T09:11:07.859Z","level":"info","component":"LiveWS","message":"[LiveWS] Client connected: %s (%s) [%d total] 15fcbd34 127.0.0.1 6"}
{"timestamp":"2026-07-28T09:11:20.331Z","level":"info","component":"LiveWS","message":"[LiveWS] Client disconnected: %s [%d remaining] 40f636e0 4"}
{"timestamp":"2026-07-28T09:11:20.334Z","level":"info","component":"LiveWS","message":"[LiveWS] Client disconnected: %s [%d remaining] 142ac391 4"}
{"timestamp":"2026-07-28T09:11:22.543Z","level":"info","component":"LiveWS","message":"[LiveWS] Client connected: %s (%s) [%d total] b5b54988 127.0.0.1 5"}
{"timestamp":"2026-07-28T09:11:22.546Z","level":"info","component":"LiveWS","message":"[LiveWS] Client disconnected: %s [%d remaining] b5b54988 4"}
{"timestamp":"2026-07-28T09:11:22.860Z","level":"info","component":"LiveWS","message":"[LiveWS] Client connected: %s (%s) [%d total] d0eb5dd2 127.0.0.1 5"}
{"timestamp":"2026-07-28T09:11:24.541Z","level":"info","component":"LiveWS","message":"[LiveWS] Client connected: %s (%s) [%d total] 74df1b4c 127.0.0.1 6"}
{"timestamp":"2026-07-28T09:11:24.544Z","level":"info","component":"LiveWS","message":"[LiveWS] Client disconnected: %s [%d remaining] 74df1b4c 5"}
{"timestamp":"2026-07-28T09:11:24.860Z","level":"info","component":"LiveWS","message":"[LiveWS] Client connected: %s (%s) [%d total] 0ad3d3c4 127.0.0.1 6"}
{"timestamp":"2026-07-28T09:11:27.531Z","level":"info","component":"LiveWS","message":"[LiveWS] Client connected: %s (%s) [%d total] 703031c1 127.0.0.1 7"}
{"timestamp":"2026-07-28T09:11:27.534Z","level":"info","component":"LiveWS","message":"[LiveWS] Client disconnected: %s [%d remaining] 703031c1 6"}
{"timestamp":"2026-07-28T09:11:27.851Z","level":"info","component":"LiveWS","message":"[LiveWS] Client connected: %s (%s) [%d total] f2635dbd 127.0.0.1 7"}
{"timestamp":"2026-07-28T09:11:30.543Z","level":"info","component":"LiveWS","message":"[LiveWS] Client connected: %s (%s) [%d total] 342f41df 127.0.0.1 8"}
{"timestamp":"2026-07-28T09:11:30.547Z","level":"info","component":"LiveWS","message":"[LiveWS] Client disconnected: %s [%d remaining] 342f41df 7"}
{"timestamp":"2026-07-28T09:11:30.850Z","level":"info","component":"LiveWS","message":"[LiveWS] Client connected: %s (%s) [%d total] 714a215d 127.0.0.1 8"}
{"timestamp":"2026-07-28T09:11:33.540Z","level":"info","component":"LiveWS","message":"[LiveWS] Client connected: %s (%s) [%d total] e1096be4 127.0.0.1 9"}
{"timestamp":"2026-07-28T09:11:33.543Z","level":"info","component":"LiveWS","message":"[LiveWS] Client disconnected: %s [%d remaining] e1096be4 8"}
{"timestamp":"2026-07-28T09:11:33.845Z","level":"info","component":"LiveWS","message":"[LiveWS] Client connected: %s (%s) [%d total] 07afe051 127.0.0.1 9"}
{"timestamp":"2026-07-28T09:11:35.339Z","level":"info","component":"LiveWS","message":"[LiveWS] Client disconnected: %s [%d remaining] 27808a1b 8"}
{"timestamp":"2026-07-28T09:11:36.548Z","level":"info","component":"LiveWS","message":"[LiveWS] Client connected: %s (%s) [%d total] 6727d6cc 127.0.0.1 9"}
{"timestamp":"2026-07-28T09:11:36.550Z","level":"info","component":"LiveWS","message":"[LiveWS] Client disconnected: %s [%d remaining] 6727d6cc 8"}
{"timestamp":"2026-07-28T09:11:36.858Z","level":"info","component":"LiveWS","message":"[LiveWS] Client connected: %s (%s) [%d total] deaed421 127.0.0.1 9"}
{"timestamp":"2026-07-28T09:11:41.558Z","level":"info","component":"LiveWS","message":"[LiveWS] Client connected: %s (%s) [%d total] 603944be 127.0.0.1 10"}
{"timestamp":"2026-07-28T09:11:41.562Z","level":"info","component":"LiveWS","message":"[LiveWS] Client disconnected: %s [%d remaining] 603944be 9"}
{"timestamp":"2026-07-28T09:11:41.877Z","level":"info","component":"LiveWS","message":"[LiveWS] Client connected: %s (%s) [%d total] a7bafa4d 127.0.0.1 10"}
{"timestamp":"2026-07-28T09:11:44.540Z","level":"info","component":"LiveWS","message":"[LiveWS] Client connected: %s (%s) [%d total] f8da1739 127.0.0.1 11"}
{"timestamp":"2026-07-28T09:11:44.544Z","level":"info","component":"LiveWS","message":"[LiveWS] Client disconnected: %s [%d remaining] f8da1739 10"}
{"timestamp":"2026-07-28T09:11:44.862Z","level":"info","component":"LiveWS","message":"[LiveWS] Client connected: %s (%s) [%d total] cafb8e7c 127.0.0.1 11"}
{"timestamp":"2026-07-28T09:11:47.546Z","level":"info","component":"LiveWS","message":"[LiveWS] Client connected: %s (%s) [%d total] 2ce3cbe1 127.0.0.1 12"}
{"timestamp":"2026-07-28T09:11:47.550Z","level":"info","component":"LiveWS","message":"[LiveWS] Client disconnected: %s [%d remaining] 2ce3cbe1 11"}
{"timestamp":"2026-07-28T09:11:47.858Z","level":"info","component":"LiveWS","message":"[LiveWS] Client connected: %s (%s) [%d total] 8abc633f 127.0.0.1 12"}
{"timestamp":"2026-07-28T09:11:50.345Z","level":"info","component":"LiveWS","message":"[LiveWS] Client disconnected: %s [%d remaining] 15fcbd34 9"}
{"timestamp":"2026-07-28T09:11:50.347Z","level":"info","component":"LiveWS","message":"[LiveWS] Client disconnected: %s [%d remaining] 72dd6da3 9"}
{"timestamp":"2026-07-28T09:11:50.349Z","level":"info","component":"LiveWS","message":"[LiveWS] Client disconnected: %s [%d remaining] d1696cf8 9"}
{"timestamp":"2026-07-28T09:11:50.546Z","level":"info","component":"LiveWS","message":"[LiveWS] Client connected: %s (%s) [%d total] a81c5eb3 127.0.0.1 10"}
{"timestamp":"2026-07-28T09:11:50.853Z","level":"info","component":"LiveWS","message":"[LiveWS] Client connected: %s (%s) [%d total] 36352b16 127.0.0.1 11"}
{"timestamp":"2026-07-28T09:11:51.225Z","level":"info","component":"LiveWS","message":"[LiveWS] Client disconnected: %s [%d remaining] 36352b16 10"}
{"timestamp":"2026-07-28T09:11:51.541Z","level":"info","component":"LiveWS","message":"[LiveWS] Client connected: %s (%s) [%d total] 5ea49463 127.0.0.1 11"}
{"timestamp":"2026-07-28T09:11:51.859Z","level":"info","component":"LiveWS","message":"[LiveWS] Client connected: %s (%s) [%d total] 74ed8fec 127.0.0.1 12"}
{"timestamp":"2026-07-28T09:11:52.239Z","level":"info","component":"LiveWS","message":"[LiveWS] Client disconnected: %s [%d remaining] 74ed8fec 11"}
{"timestamp":"2026-07-28T09:11:52.548Z","level":"info","component":"LiveWS","message":"[LiveWS] Client connected: %s (%s) [%d total] e8e6af0f 127.0.0.1 12"}
{"timestamp":"2026-07-28T09:11:52.862Z","level":"info","component":"LiveWS","message":"[LiveWS] Client connected: %s (%s) [%d total] 25b6496b 127.0.0.1 13"}
{"timestamp":"2026-07-28T09:12:05.357Z","level":"info","component":"LiveWS","message":"[LiveWS] Client disconnected: %s [%d remaining] f2635dbd 10"}
{"timestamp":"2026-07-28T09:12:05.359Z","level":"info","component":"LiveWS","message":"[LiveWS] Client disconnected: %s [%d remaining] 0ad3d3c4 10"}
{"timestamp":"2026-07-28T09:12:05.360Z","level":"info","component":"LiveWS","message":"[LiveWS] Client disconnected: %s [%d remaining] d0eb5dd2 10"}
{"timestamp":"2026-07-28T09:12:07.529Z","level":"info","component":"LiveWS","message":"[LiveWS] Client connected: %s (%s) [%d total] 7f47f23d 127.0.0.1 11"}
{"timestamp":"2026-07-28T09:12:07.534Z","level":"info","component":"LiveWS","message":"[LiveWS] Client disconnected: %s [%d remaining] 7f47f23d 10"}
{"timestamp":"2026-07-28T09:12:07.850Z","level":"info","component":"LiveWS","message":"[LiveWS] Client connected: %s (%s) [%d total] aa6ad70c 127.0.0.1 11"}
{"timestamp":"2026-07-28T09:12:16.550Z","level":"info","component":"LiveWS","message":"[LiveWS] Client connected: %s (%s) [%d total] 40318c44 127.0.0.1 12"}
{"timestamp":"2026-07-28T09:12:16.553Z","level":"info","component":"LiveWS","message":"[LiveWS] Client disconnected: %s [%d remaining] 40318c44 11"}
{"timestamp":"2026-07-28T09:12:16.867Z","level":"info","component":"LiveWS","message":"[LiveWS] Client connected: %s (%s) [%d total] fb9b1448 127.0.0.1 12"}
{"timestamp":"2026-07-28T09:12:19.540Z","level":"info","component":"LiveWS","message":"[LiveWS] Client connected: %s (%s) [%d total] 26706008 127.0.0.1 13"}
{"timestamp":"2026-07-28T09:12:19.543Z","level":"info","component":"LiveWS","message":"[LiveWS] Client disconnected: %s [%d remaining] 26706008 12"}
{"timestamp":"2026-07-28T09:12:19.862Z","level":"info","component":"LiveWS","message":"[LiveWS] Client connected: %s (%s) [%d total] b58b5620 127.0.0.1 13"}
{"timestamp":"2026-07-28T09:12:20.362Z","level":"info","component":"LiveWS","message":"[LiveWS] Client disconnected: %s [%d remaining] cafb8e7c 8"}
{"timestamp":"2026-07-28T09:12:20.364Z","level":"info","component":"LiveWS","message":"[LiveWS] Client disconnected: %s [%d remaining] a7bafa4d 8"}
{"timestamp":"2026-07-28T09:12:20.366Z","level":"info","component":"LiveWS","message":"[LiveWS] Client disconnected: %s [%d remaining] deaed421 8"}
{"timestamp":"2026-07-28T09:12:20.367Z","level":"info","component":"LiveWS","message":"[LiveWS] Client disconnected: %s [%d remaining] 07afe051 8"}
{"timestamp":"2026-07-28T09:12:20.368Z","level":"info","component":"LiveWS","message":"[LiveWS] Client disconnected: %s [%d remaining] 714a215d 8"}
{"timestamp":"2026-07-28T09:12:22.534Z","level":"info","component":"LiveWS","message":"[LiveWS] Client connected: %s (%s) [%d total] 44b91589 127.0.0.1 9"}
{"timestamp":"2026-07-28T09:12:22.848Z","level":"info","component":"LiveWS","message":"[LiveWS] Client connected: %s (%s) [%d total] 4ef5f2de 127.0.0.1 10"}
{"timestamp":"2026-07-28T09:12:35.369Z","level":"info","component":"LiveWS","message":"[LiveWS] Client disconnected: %s [%d remaining] 25b6496b 5"}
{"timestamp":"2026-07-28T09:12:35.371Z","level":"info","component":"LiveWS","message":"[LiveWS] Client disconnected: %s [%d remaining] e8e6af0f 5"}
{"timestamp":"2026-07-28T09:12:35.372Z","level":"info","component":"LiveWS","message":"[LiveWS] Client disconnected: %s [%d remaining] 5ea49463 5"}
{"timestamp":"2026-07-28T09:12:35.373Z","level":"info","component":"LiveWS","message":"[LiveWS] Client disconnected: %s [%d remaining] a81c5eb3 5"}
{"timestamp":"2026-07-28T09:12:35.374Z","level":"info","component":"LiveWS","message":"[LiveWS] Client disconnected: %s [%d remaining] 8abc633f 5"}
{"timestamp":"2026-07-28T09:12:37.542Z","level":"info","component":"LiveWS","message":"[LiveWS] Client connected: %s (%s) [%d total] db712102 127.0.0.1 6"}
{"timestamp":"2026-07-28T09:12:37.545Z","level":"info","component":"LiveWS","message":"[LiveWS] Client disconnected: %s [%d remaining] db712102 5"}
{"timestamp":"2026-07-28T09:12:37.858Z","level":"info","component":"LiveWS","message":"[LiveWS] Client connected: %s (%s) [%d total] f203f032 127.0.0.1 6"}
{"timestamp":"2026-07-28T09:12:38.540Z","level":"info","component":"LiveWS","message":"[LiveWS] Client connected: %s (%s) [%d total] 2653b7f7 127.0.0.1 7"}
{"timestamp":"2026-07-28T09:12:38.542Z","level":"info","component":"LiveWS","message":"[LiveWS] Client disconnected: %s [%d remaining] 2653b7f7 6"}
{"timestamp":"2026-07-28T09:12:38.856Z","level":"info","component":"LiveWS","message":"[LiveWS] Client connected: %s (%s) [%d total] 49f58ba6 127.0.0.1 7"}
{"timestamp":"2026-07-28T09:12:40.540Z","level":"info","component":"LiveWS","message":"[LiveWS] Client connected: %s (%s) [%d total] f6dfbac5 127.0.0.1 8"}
{"timestamp":"2026-07-28T09:12:40.543Z","level":"info","component":"LiveWS","message":"[LiveWS] Client disconnected: %s [%d remaining] f6dfbac5 7"}
{"timestamp":"2026-07-28T09:12:40.859Z","level":"info","component":"LiveWS","message":"[LiveWS] Client connected: %s (%s) [%d total] fadc909e 127.0.0.1 8"}
{"timestamp":"2026-07-28T09:12:43.546Z","level":"info","component":"LiveWS","message":"[LiveWS] Client connected: %s (%s) [%d total] 3edab0cd 127.0.0.1 9"}
{"timestamp":"2026-07-28T09:12:43.549Z","level":"info","component":"LiveWS","message":"[LiveWS] Client disconnected: %s [%d remaining] 3edab0cd 8"}
{"timestamp":"2026-07-28T09:12:43.863Z","level":"info","component":"LiveWS","message":"[LiveWS] Client connected: %s (%s) [%d total] f6c6f04f 127.0.0.1 9"}
{"timestamp":"2026-07-28T09:12:46.545Z","level":"info","component":"LiveWS","message":"[LiveWS] Client connected: %s (%s) [%d total] 0f0efbb3 127.0.0.1 10"}
{"timestamp":"2026-07-28T09:12:46.549Z","level":"info","component":"LiveWS","message":"[LiveWS] Client disconnected: %s [%d remaining] 0f0efbb3 9"}
{"timestamp":"2026-07-28T09:12:46.865Z","level":"info","component":"LiveWS","message":"[LiveWS] Client connected: %s (%s) [%d total] 3209dba2 127.0.0.1 10"}
{"timestamp":"2026-07-28T09:12:49.545Z","level":"info","component":"LiveWS","message":"[LiveWS] Client connected: %s (%s) [%d total] 7783f624 127.0.0.1 11"}
{"timestamp":"2026-07-28T09:12:49.549Z","level":"info","component":"LiveWS","message":"[LiveWS] Client disconnected: %s [%d remaining] 7783f624 10"}
{"timestamp":"2026-07-28T09:12:49.864Z","level":"info","component":"LiveWS","message":"[LiveWS] Client connected: %s (%s) [%d total] 14683d96 127.0.0.1 11"}
{"timestamp":"2026-07-28T09:12:50.373Z","level":"info","component":"LiveWS","message":"[LiveWS] Client disconnected: %s [%d remaining] aa6ad70c 10"}
{"timestamp":"2026-07-28T09:12:52.529Z","level":"info","component":"LiveWS","message":"[LiveWS] Client connected: %s (%s) [%d total] d3295a55 127.0.0.1 11"}
{"timestamp":"2026-07-28T09:12:52.533Z","level":"info","component":"LiveWS","message":"[LiveWS] Client disconnected: %s [%d remaining] d3295a55 10"}
{"timestamp":"2026-07-28T09:12:52.840Z","level":"info","component":"LiveWS","message":"[LiveWS] Client connected: %s (%s) [%d total] ad17274e 127.0.0.1 11"}
{"timestamp":"2026-07-28T09:12:57.530Z","level":"info","component":"LiveWS","message":"[LiveWS] Client connected: %s (%s) [%d total] 5c935d90 127.0.0.1 12"}
{"timestamp":"2026-07-28T09:12:57.532Z","level":"info","component":"LiveWS","message":"[LiveWS] Client disconnected: %s [%d remaining] 5c935d90 11"}
{"timestamp":"2026-07-28T09:12:57.845Z","level":"info","component":"LiveWS","message":"[LiveWS] Client connected: %s (%s) [%d total] da3a41d5 127.0.0.1 12"}
{"timestamp":"2026-07-28T09:13:00.543Z","level":"info","component":"LiveWS","message":"[LiveWS] Client connected: %s (%s) [%d total] f536e3d8 127.0.0.1 13"}
{"timestamp":"2026-07-28T09:13:00.547Z","level":"info","component":"LiveWS","message":"[LiveWS] Client disconnected: %s [%d remaining] f536e3d8 12"}
{"timestamp":"2026-07-28T09:13:00.864Z","level":"info","component":"LiveWS","message":"[LiveWS] Client connected: %s (%s) [%d total] 0de1b1b0 127.0.0.1 13"}
{"timestamp":"2026-07-28T09:13:03.541Z","level":"info","component":"LiveWS","message":"[LiveWS] Client connected: %s (%s) [%d total] 7f9bd4b3 127.0.0.1 14"}
{"timestamp":"2026-07-28T09:13:03.544Z","level":"info","component":"LiveWS","message":"[LiveWS] Client disconnected: %s [%d remaining] 7f9bd4b3 13"}
{"timestamp":"2026-07-28T09:13:03.859Z","level":"info","component":"LiveWS","message":"[LiveWS] Client connected: %s (%s) [%d total] 797383bc 127.0.0.1 14"}
{"timestamp":"2026-07-28T09:13:05.378Z","level":"info","component":"LiveWS","message":"[LiveWS] Client disconnected: %s [%d remaining] 4ef5f2de 10"}
{"timestamp":"2026-07-28T09:13:05.380Z","level":"info","component":"LiveWS","message":"[LiveWS] Client disconnected: %s [%d remaining] 44b91589 10"}
{"timestamp":"2026-07-28T09:13:05.382Z","level":"info","component":"LiveWS","message":"[LiveWS] Client disconnected: %s [%d remaining] b58b5620 10"}
{"timestamp":"2026-07-28T09:13:05.383Z","level":"info","component":"LiveWS","message":"[LiveWS] Client disconnected: %s [%d remaining] fb9b1448 10"}
{"timestamp":"2026-07-28T09:13:06.544Z","level":"info","component":"LiveWS","message":"[LiveWS] Client connected: %s (%s) [%d total] 7494d504 127.0.0.1 11"}
{"timestamp":"2026-07-28T09:13:06.548Z","level":"info","component":"LiveWS","message":"[LiveWS] Client disconnected: %s [%d remaining] 7494d504 10"}
{"timestamp":"2026-07-28T09:13:06.859Z","level":"info","component":"LiveWS","message":"[LiveWS] Client connected: %s (%s) [%d total] d1a814a8 127.0.0.1 11"}
{"timestamp":"2026-07-28T09:13:07.540Z","level":"info","component":"LiveWS","message":"[LiveWS] Client connected: %s (%s) [%d total] 3a9f8681 127.0.0.1 12"}
{"timestamp":"2026-07-28T09:13:07.543Z","level":"info","component":"LiveWS","message":"[LiveWS] Client disconnected: %s [%d remaining] 3a9f8681 11"}
{"timestamp":"2026-07-28T09:13:07.855Z","level":"info","component":"LiveWS","message":"[LiveWS] Client connected: %s (%s) [%d total] d24de5fa 127.0.0.1 12"}
{"timestamp":"2026-07-28T09:13:12.543Z","level":"info","component":"LiveWS","message":"[LiveWS] Client connected: %s (%s) [%d total] b0fe3faa 127.0.0.1 13"}
{"timestamp":"2026-07-28T09:13:12.548Z","level":"info","component":"LiveWS","message":"[LiveWS] Client disconnected: %s [%d remaining] b0fe3faa 12"}
{"timestamp":"2026-07-28T09:13:12.857Z","level":"info","component":"LiveWS","message":"[LiveWS] Client connected: %s (%s) [%d total] d2f48157 127.0.0.1 13"}
{"timestamp":"2026-07-28T09:13:15.541Z","level":"info","component":"LiveWS","message":"[LiveWS] Client connected: %s (%s) [%d total] a3565aef 127.0.0.1 14"}
{"timestamp":"2026-07-28T09:13:15.544Z","level":"info","component":"LiveWS","message":"[LiveWS] Client disconnected: %s [%d remaining] a3565aef 13"}
{"timestamp":"2026-07-28T09:13:15.857Z","level":"info","component":"LiveWS","message":"[LiveWS] Client connected: %s (%s) [%d total] e4b9fb6a 127.0.0.1 14"}
{"timestamp":"2026-07-28T09:13:18.545Z","level":"info","component":"LiveWS","message":"[LiveWS] Client connected: %s (%s) [%d total] c8e61f33 127.0.0.1 15"}
{"timestamp":"2026-07-28T09:13:18.548Z","level":"info","component":"LiveWS","message":"[LiveWS] Client disconnected: %s [%d remaining] c8e61f33 14"}
{"timestamp":"2026-07-28T09:13:18.851Z","level":"info","component":"LiveWS","message":"[LiveWS] Client connected: %s (%s) [%d total] 8a1aca7d 127.0.0.1 15"}
{"timestamp":"2026-07-28T09:13:20.386Z","level":"info","component":"LiveWS","message":"[LiveWS] Client disconnected: %s [%d remaining] f6c6f04f 11"}
{"timestamp":"2026-07-28T09:13:20.388Z","level":"info","component":"LiveWS","message":"[LiveWS] Client disconnected: %s [%d remaining] fadc909e 11"}
{"timestamp":"2026-07-28T09:13:20.389Z","level":"info","component":"LiveWS","message":"[LiveWS] Client disconnected: %s [%d remaining] 49f58ba6 11"}
{"timestamp":"2026-07-28T09:13:20.390Z","level":"info","component":"LiveWS","message":"[LiveWS] Client disconnected: %s [%d remaining] f203f032 11"}
{"timestamp":"2026-07-28T09:13:21.538Z","level":"info","component":"LiveWS","message":"[LiveWS] Client connected: %s (%s) [%d total] bd7bb197 127.0.0.1 12"}
{"timestamp":"2026-07-28T09:13:21.564Z","level":"info","component":"LiveWS","message":"[LiveWS] Client disconnected: %s [%d remaining] bd7bb197 11"}
{"timestamp":"2026-07-28T09:13:21.919Z","level":"info","component":"LiveWS","message":"[LiveWS] Client connected: %s (%s) [%d total] e4d76c6c 127.0.0.1 12"}
{"timestamp":"2026-07-28T09:13:22.549Z","level":"info","component":"LiveWS","message":"[LiveWS] Client connected: %s (%s) [%d total] 2d54f942 127.0.0.1 13"}
{"timestamp":"2026-07-28T09:13:22.554Z","level":"info","component":"LiveWS","message":"[LiveWS] Client disconnected: %s [%d remaining] 2d54f942 12"}
{"timestamp":"2026-07-28T09:13:22.864Z","level":"info","component":"LiveWS","message":"[LiveWS] Client connected: %s (%s) [%d total] 6affbb37 127.0.0.1 13"}
{"timestamp":"2026-07-28T09:13:31.550Z","level":"info","component":"LiveWS","message":"[LiveWS] Client connected: %s (%s) [%d total] 3b3c5473 127.0.0.1 14"}
{"timestamp":"2026-07-28T09:13:31.555Z","level":"info","component":"LiveWS","message":"[LiveWS] Client disconnected: %s [%d remaining] 3b3c5473 13"}
{"timestamp":"2026-07-28T09:13:31.865Z","level":"info","component":"LiveWS","message":"[LiveWS] Client connected: %s (%s) [%d total] f7149ab3 127.0.0.1 14"}
{"timestamp":"2026-07-28T09:13:34.550Z","level":"info","component":"LiveWS","message":"[LiveWS] Client connected: %s (%s) [%d total] 1d53a5f4 127.0.0.1 15"}
{"timestamp":"2026-07-28T09:13:34.555Z","level":"info","component":"LiveWS","message":"[LiveWS] Client disconnected: %s [%d remaining] 1d53a5f4 14"}
{"timestamp":"2026-07-28T09:13:34.866Z","level":"info","component":"LiveWS","message":"[LiveWS] Client connected: %s (%s) [%d total] a9990c00 127.0.0.1 15"}
{"timestamp":"2026-07-28T09:13:35.402Z","level":"info","component":"LiveWS","message":"[LiveWS] Client disconnected: %s [%d remaining] da3a41d5 11"}
{"timestamp":"2026-07-28T09:13:35.405Z","level":"info","component":"LiveWS","message":"[LiveWS] Client disconnected: %s [%d remaining] ad17274e 11"}
{"timestamp":"2026-07-28T09:13:35.407Z","level":"info","component":"LiveWS","message":"[LiveWS] Client disconnected: %s [%d remaining] 14683d96 11"}
{"timestamp":"2026-07-28T09:13:35.409Z","level":"info","component":"LiveWS","message":"[LiveWS] Client disconnected: %s [%d remaining] 3209dba2 11"}
{"timestamp":"2026-07-28T09:13:36.542Z","level":"info","component":"LiveWS","message":"[LiveWS] Client connected: %s (%s) [%d total] 08ca5493 127.0.0.1 12"}
{"timestamp":"2026-07-28T09:13:36.547Z","level":"info","component":"LiveWS","message":"[LiveWS] Client disconnected: %s [%d remaining] 08ca5493 11"}
{"timestamp":"2026-07-28T09:13:36.858Z","level":"info","component":"LiveWS","message":"[LiveWS] Client connected: %s (%s) [%d total] 4f52d0a1 127.0.0.1 12"}
{"timestamp":"2026-07-28T09:13:37.553Z","level":"info","component":"LiveWS","message":"[LiveWS] Client connected: %s (%s) [%d total] 98249e81 127.0.0.1 13"}
{"timestamp":"2026-07-28T09:13:37.556Z","level":"info","component":"LiveWS","message":"[LiveWS] Client disconnected: %s [%d remaining] 98249e81 12"}
{"timestamp":"2026-07-28T09:13:37.869Z","level":"info","component":"LiveWS","message":"[LiveWS] Client connected: %s (%s) [%d total] 7d952da5 127.0.0.1 13"}
{"timestamp":"2026-07-28T09:13:50.406Z","level":"info","component":"LiveWS","message":"[LiveWS] Client disconnected: %s [%d remaining] d2f48157 8"}
{"timestamp":"2026-07-28T09:13:50.408Z","level":"info","component":"LiveWS","message":"[LiveWS] Client disconnected: %s [%d remaining] d24de5fa 8"}
{"timestamp":"2026-07-28T09:13:50.411Z","level":"info","component":"LiveWS","message":"[LiveWS] Client disconnected: %s [%d remaining] d1a814a8 8"}
{"timestamp":"2026-07-28T09:13:50.412Z","level":"info","component":"LiveWS","message":"[LiveWS] Client disconnected: %s [%d remaining] 797383bc 8"}
{"timestamp":"2026-07-28T09:13:50.414Z","level":"info","component":"LiveWS","message":"[LiveWS] Client disconnected: %s [%d remaining] 0de1b1b0 8"}
{"timestamp":"2026-07-28T09:13:52.536Z","level":"info","component":"LiveWS","message":"[LiveWS] Client connected: %s (%s) [%d total] 312325ac 127.0.0.1 9"}
{"timestamp":"2026-07-28T09:13:52.541Z","level":"info","component":"LiveWS","message":"[LiveWS] Client disconnected: %s [%d remaining] 312325ac 8"}
{"timestamp":"2026-07-28T09:13:52.853Z","level":"info","component":"LiveWS","message":"[LiveWS] Client connected: %s (%s) [%d total] 3813d8e8 127.0.0.1 9"}
{"timestamp":"2026-07-28T09:13:54.555Z","level":"info","component":"LiveWS","message":"[LiveWS] Client connected: %s (%s) [%d total] 654dd001 127.0.0.1 10"}
{"timestamp":"2026-07-28T09:13:54.558Z","level":"info","component":"LiveWS","message":"[LiveWS] Client disconnected: %s [%d remaining] 654dd001 9"}
{"timestamp":"2026-07-28T09:13:54.872Z","level":"info","component":"LiveWS","message":"[LiveWS] Client connected: %s (%s) [%d total] 9c98f3f3 127.0.0.1 10"}
{"timestamp":"2026-07-28T09:13:57.545Z","level":"info","component":"LiveWS","message":"[LiveWS] Client connected: %s (%s) [%d total] 0de40157 127.0.0.1 11"}
{"timestamp":"2026-07-28T09:13:57.549Z","level":"info","component":"LiveWS","message":"[LiveWS] Client disconnected: %s [%d remaining] 0de40157 10"}
{"timestamp":"2026-07-28T09:13:57.900Z","level":"info","component":"LiveWS","message":"[LiveWS] Client connected: %s (%s) [%d total] febfeb45 127.0.0.1 11"}
{"timestamp":"2026-07-28T09:14:00.551Z","level":"info","component":"LiveWS","message":"[LiveWS] Client connected: %s (%s) [%d total] a6f45d8a 127.0.0.1 12"}
{"timestamp":"2026-07-28T09:14:00.554Z","level":"info","component":"LiveWS","message":"[LiveWS] Client disconnected: %s [%d remaining] a6f45d8a 11"}
{"timestamp":"2026-07-28T09:14:00.866Z","level":"info","component":"LiveWS","message":"[LiveWS] Client connected: %s (%s) [%d total] 9440388f 127.0.0.1 12"}
{"timestamp":"2026-07-28T09:14:03.556Z","level":"info","component":"LiveWS","message":"[LiveWS] Client connected: %s (%s) [%d total] f276c1c2 127.0.0.1 13"}
{"timestamp":"2026-07-28T09:14:03.562Z","level":"info","component":"LiveWS","message":"[LiveWS] Client disconnected: %s [%d remaining] f276c1c2 12"}
{"timestamp":"2026-07-28T09:14:03.879Z","level":"info","component":"LiveWS","message":"[LiveWS] Client connected: %s (%s) [%d total] 95226fdc 127.0.0.1 13"}
{"timestamp":"2026-07-28T09:14:05.411Z","level":"info","component":"LiveWS","message":"[LiveWS] Client disconnected: %s [%d remaining] 6affbb37 9"}
{"timestamp":"2026-07-28T09:14:05.414Z","level":"info","component":"LiveWS","message":"[LiveWS] Client disconnected: %s [%d remaining] e4d76c6c 9"}
{"timestamp":"2026-07-28T09:14:05.416Z","level":"info","component":"LiveWS","message":"[LiveWS] Client disconnected: %s [%d remaining] 8a1aca7d 9"}
{"timestamp":"2026-07-28T09:14:05.418Z","level":"info","component":"LiveWS","message":"[LiveWS] Client disconnected: %s [%d remaining] e4b9fb6a 9"}
{"timestamp":"2026-07-28T09:14:06.547Z","level":"info","component":"LiveWS","message":"[LiveWS] Client connected: %s (%s) [%d total] 3c27fee0 127.0.0.1 10"}
{"timestamp":"2026-07-28T09:14:06.552Z","level":"info","component":"LiveWS","message":"[LiveWS] Client disconnected: %s [%d remaining] 3c27fee0 9"}
{"timestamp":"2026-07-28T09:14:06.858Z","level":"info","component":"LiveWS","message":"[LiveWS] Client connected: %s (%s) [%d total] b49e0739 127.0.0.1 10"}
{"timestamp":"2026-07-28T09:14:07.539Z","level":"info","component":"LiveWS","message":"[LiveWS] Client connected: %s (%s) [%d total] c1ffb3ce 127.0.0.1 11"}
{"timestamp":"2026-07-28T09:14:07.545Z","level":"info","component":"LiveWS","message":"[LiveWS] Client disconnected: %s [%d remaining] c1ffb3ce 10"}
{"timestamp":"2026-07-28T09:14:07.860Z","level":"info","component":"LiveWS","message":"[LiveWS] Client connected: %s (%s) [%d total] d6009cf5 127.0.0.1 11"}
{"timestamp":"2026-07-28T09:14:16.542Z","level":"info","component":"LiveWS","message":"[LiveWS] Client connected: %s (%s) [%d total] af911204 127.0.0.1 12"}
{"timestamp":"2026-07-28T09:14:16.547Z","level":"info","component":"LiveWS","message":"[LiveWS] Client disconnected: %s [%d remaining] af911204 11"}
{"timestamp":"2026-07-28T09:14:16.858Z","level":"info","component":"LiveWS","message":"[LiveWS] Client connected: %s (%s) [%d total] 5d6db600 127.0.0.1 12"}
{"timestamp":"2026-07-28T09:14:19.543Z","level":"info","component":"LiveWS","message":"[LiveWS] Client connected: %s (%s) [%d total] 5ee55f6d 127.0.0.1 13"}
{"timestamp":"2026-07-28T09:14:19.547Z","level":"info","component":"LiveWS","message":"[LiveWS] Client disconnected: %s [%d remaining] 5ee55f6d 12"}
{"timestamp":"2026-07-28T09:14:19.868Z","level":"info","component":"LiveWS","message":"[LiveWS] Client connected: %s (%s) [%d total] 051f073f 127.0.0.1 13"}
{"timestamp":"2026-07-28T09:14:20.412Z","level":"info","component":"LiveWS","message":"[LiveWS] Client disconnected: %s [%d remaining] 7d952da5 9"}
{"timestamp":"2026-07-28T09:14:20.414Z","level":"info","component":"LiveWS","message":"[LiveWS] Client disconnected: %s [%d remaining] 4f52d0a1 9"}
{"timestamp":"2026-07-28T09:14:20.416Z","level":"info","component":"LiveWS","message":"[LiveWS] Client disconnected: %s [%d remaining] a9990c00 9"}
{"timestamp":"2026-07-28T09:14:20.418Z","level":"info","component":"LiveWS","message":"[LiveWS] Client disconnected: %s [%d remaining] f7149ab3 9"}
{"timestamp":"2026-07-28T09:14:22.542Z","level":"info","component":"LiveWS","message":"[LiveWS] Client connected: %s (%s) [%d total] 8733018f 127.0.0.1 10"}
{"timestamp":"2026-07-28T09:14:22.860Z","level":"info","component":"LiveWS","message":"[LiveWS] Client connected: %s (%s) [%d total] dac19945 127.0.0.1 11"}
{"timestamp":"2026-07-28T09:14:35.426Z","level":"info","component":"LiveWS","message":"[LiveWS] Client disconnected: %s [%d remaining] febfeb45 8"}
{"timestamp":"2026-07-28T09:14:35.428Z","level":"info","component":"LiveWS","message":"[LiveWS] Client disconnected: %s [%d remaining] 9c98f3f3 8"}
{"timestamp":"2026-07-28T09:14:35.430Z","level":"info","component":"LiveWS","message":"[LiveWS] Client disconnected: %s [%d remaining] 3813d8e8 8"}
{"timestamp":"2026-07-28T09:14:37.535Z","level":"info","component":"LiveWS","message":"[LiveWS] Client connected: %s (%s) [%d total] fb8931af 127.0.0.1 9"}
{"timestamp":"2026-07-28T09:14:37.542Z","level":"info","component":"LiveWS","message":"[LiveWS] Client disconnected: %s [%d remaining] fb8931af 8"}
{"timestamp":"2026-07-28T09:14:37.845Z","level":"info","component":"LiveWS","message":"[LiveWS] Client connected: %s (%s) [%d total] eadbf6be 127.0.0.1 9"}
{"timestamp":"2026-07-28T09:14:46.542Z","level":"info","component":"LiveWS","message":"[LiveWS] Client connected: %s (%s) [%d total] fb67ad40 127.0.0.1 10"}
{"timestamp":"2026-07-28T09:14:46.546Z","level":"info","component":"LiveWS","message":"[LiveWS] Client disconnected: %s [%d remaining] fb67ad40 9"}
{"timestamp":"2026-07-28T09:14:46.877Z","level":"info","component":"LiveWS","message":"[LiveWS] Client connected: %s (%s) [%d total] 20b54cc5 127.0.0.1 10"}
{"timestamp":"2026-07-28T09:14:49.543Z","level":"info","component":"LiveWS","message":"[LiveWS] Client connected: %s (%s) [%d total] 846a770f 127.0.0.1 11"}
{"timestamp":"2026-07-28T09:14:49.547Z","level":"info","component":"LiveWS","message":"[LiveWS] Client disconnected: %s [%d remaining] 846a770f 10"}
{"timestamp":"2026-07-28T09:14:49.856Z","level":"info","component":"LiveWS","message":"[LiveWS] Client connected: %s (%s) [%d total] 98135d0d 127.0.0.1 11"}
{"timestamp":"2026-07-28T09:14:50.433Z","level":"info","component":"LiveWS","message":"[LiveWS] Client disconnected: %s [%d remaining] d6009cf5 7"}
{"timestamp":"2026-07-28T09:14:50.435Z","level":"info","component":"LiveWS","message":"[LiveWS] Client disconnected: %s [%d remaining] b49e0739 7"}
{"timestamp":"2026-07-28T09:14:50.437Z","level":"info","component":"LiveWS","message":"[LiveWS] Client disconnected: %s [%d remaining] 95226fdc 7"}
{"timestamp":"2026-07-28T09:14:50.439Z","level":"info","component":"LiveWS","message":"[LiveWS] Client disconnected: %s [%d remaining] 9440388f 7"}
{"timestamp":"2026-07-28T09:14:52.560Z","level":"info","component":"LiveWS","message":"[LiveWS] Client connected: %s (%s) [%d total] 89420932 127.0.0.1 8"}
{"timestamp":"2026-07-28T09:14:52.565Z","level":"info","component":"LiveWS","message":"[LiveWS] Client disconnected: %s [%d remaining] 89420932 7"}
{"timestamp":"2026-07-28T09:14:52.875Z","level":"info","component":"LiveWS","message":"[LiveWS] Client connected: %s (%s) [%d total] a8591de2 127.0.0.1 8"}
{"timestamp":"2026-07-28T09:15:05.435Z","level":"info","component":"LiveWS","message":"[LiveWS] Client disconnected: %s [%d remaining] dac19945 4"}
{"timestamp":"2026-07-28T09:15:05.438Z","level":"info","component":"LiveWS","message":"[LiveWS] Client disconnected: %s [%d remaining] 8733018f 4"}
{"timestamp":"2026-07-28T09:15:05.441Z","level":"info","component":"LiveWS","message":"[LiveWS] Client disconnected: %s [%d remaining] 051f073f 4"}
{"timestamp":"2026-07-28T09:15:05.443Z","level":"info","component":"LiveWS","message":"[LiveWS] Client disconnected: %s [%d remaining] 5d6db600 4"}
{"timestamp":"2026-07-28T09:15:07.543Z","level":"info","component":"LiveWS","message":"[LiveWS] Client connected: %s (%s) [%d total] 23034ba9 127.0.0.1 5"}
{"timestamp":"2026-07-28T09:15:07.545Z","level":"info","component":"LiveWS","message":"[LiveWS] Client disconnected: %s [%d remaining] 23034ba9 4"}
{"timestamp":"2026-07-28T09:15:07.857Z","level":"info","component":"LiveWS","message":"[LiveWS] Client connected: %s (%s) [%d total] dc2b6219 127.0.0.1 5"}
{"timestamp":"2026-07-28T09:15:16.548Z","level":"info","component":"LiveWS","message":"[LiveWS] Client connected: %s (%s) [%d total] ab92cb82 127.0.0.1 6"}
{"timestamp":"2026-07-28T09:15:16.551Z","level":"info","component":"LiveWS","message":"[LiveWS] Client disconnected: %s [%d remaining] ab92cb82 5"}
{"timestamp":"2026-07-28T09:15:16.866Z","level":"info","component":"LiveWS","message":"[LiveWS] Client connected: %s (%s) [%d total] 2874f50d 127.0.0.1 6"}
{"timestamp":"2026-07-28T09:15:19.546Z","level":"info","component":"LiveWS","message":"[LiveWS] Client connected: %s (%s) [%d total] 12d16839 127.0.0.1 7"}
{"timestamp":"2026-07-28T09:15:19.551Z","level":"info","component":"LiveWS","message":"[LiveWS] Client disconnected: %s [%d remaining] 12d16839 6"}
{"timestamp":"2026-07-28T09:15:19.864Z","level":"info","component":"LiveWS","message":"[LiveWS] Client connected: %s (%s) [%d total] 306b229d 127.0.0.1 7"}
{"timestamp":"2026-07-28T09:15:20.446Z","level":"info","component":"LiveWS","message":"[LiveWS] Client disconnected: %s [%d remaining] eadbf6be 6"}
{"timestamp":"2026-07-28T09:15:22.535Z","level":"info","component":"LiveWS","message":"[LiveWS] Client connected: %s (%s) [%d total] eb8b0439 127.0.0.1 7"}
{"timestamp":"2026-07-28T09:15:22.562Z","level":"info","component":"LiveWS","message":"[LiveWS] Client disconnected: %s [%d remaining] eb8b0439 6"}
{"timestamp":"2026-07-28T09:15:22.876Z","level":"info","component":"LiveWS","message":"[LiveWS] Client connected: %s (%s) [%d total] 889ee092 127.0.0.1 7"}
{"timestamp":"2026-07-28T09:15:23.541Z","level":"info","component":"LiveWS","message":"[LiveWS] Client connected: %s (%s) [%d total] 2a94aa4b 127.0.0.1 8"}
{"timestamp":"2026-07-28T09:15:23.544Z","level":"info","component":"LiveWS","message":"[LiveWS] Client disconnected: %s [%d remaining] 2a94aa4b 7"}
{"timestamp":"2026-07-28T09:15:23.856Z","level":"info","component":"LiveWS","message":"[LiveWS] Client connected: %s (%s) [%d total] 45a0b172 127.0.0.1 8"}
{"timestamp":"2026-07-28T09:15:26.546Z","level":"info","component":"LiveWS","message":"[LiveWS] Client connected: %s (%s) [%d total] 045f9477 127.0.0.1 9"}
{"timestamp":"2026-07-28T09:15:26.548Z","level":"info","component":"LiveWS","message":"[LiveWS] Client disconnected: %s [%d remaining] 045f9477 8"}
{"timestamp":"2026-07-28T09:15:26.858Z","level":"info","component":"LiveWS","message":"[LiveWS] Client connected: %s (%s) [%d total] 0339db3b 127.0.0.1 9"}
{"timestamp":"2026-07-28T09:15:29.532Z","level":"info","component":"LiveWS","message":"[LiveWS] Client connected: %s (%s) [%d total] 9d818b07 127.0.0.1 10"}
{"timestamp":"2026-07-28T09:15:29.535Z","level":"info","component":"LiveWS","message":"[LiveWS] Client disconnected: %s [%d remaining] 9d818b07 9"}
{"timestamp":"2026-07-28T09:15:29.839Z","level":"info","component":"LiveWS","message":"[LiveWS] Client connected: %s (%s) [%d total] b156385f 127.0.0.1 10"}
{"timestamp":"2026-07-28T09:15:32.546Z","level":"info","component":"LiveWS","message":"[LiveWS] Client connected: %s (%s) [%d total] 4928d25e 127.0.0.1 11"}
{"timestamp":"2026-07-28T09:15:32.549Z","level":"info","component":"LiveWS","message":"[LiveWS] Client disconnected: %s [%d remaining] 4928d25e 10"}
{"timestamp":"2026-07-28T09:15:32.862Z","level":"info","component":"LiveWS","message":"[LiveWS] Client connected: %s (%s) [%d total] c14ea032 127.0.0.1 11"}
{"timestamp":"2026-07-28T09:15:35.454Z","level":"info","component":"LiveWS","message":"[LiveWS] Client disconnected: %s [%d remaining] a8591de2 8"}
{"timestamp":"2026-07-28T09:15:35.455Z","level":"info","component":"LiveWS","message":"[LiveWS] Client disconnected: %s [%d remaining] 98135d0d 8"}
{"timestamp":"2026-07-28T09:15:35.457Z","level":"info","component":"LiveWS","message":"[LiveWS] Client disconnected: %s [%d remaining] 20b54cc5 8"}
{"timestamp":"2026-07-28T09:15:35.538Z","level":"info","component":"LiveWS","message":"[LiveWS] Client connected: %s (%s) [%d total] c098b536 127.0.0.1 9"}
{"timestamp":"2026-07-28T09:15:35.855Z","level":"info","component":"LiveWS","message":"[LiveWS] Client connected: %s (%s) [%d total] dde44463 127.0.0.1 10"}
{"timestamp":"2026-07-28T09:15:36.231Z","level":"info","component":"LiveWS","message":"[LiveWS] Client disconnected: %s [%d remaining] dde44463 9"}
{"timestamp":"2026-07-28T09:15:36.537Z","level":"info","component":"LiveWS","message":"[LiveWS] Client connected: %s (%s) [%d total] e3576065 127.0.0.1 10"}
{"timestamp":"2026-07-28T09:15:36.853Z","level":"info","component":"LiveWS","message":"[LiveWS] Client connected: %s (%s) [%d total] c17899c1 127.0.0.1 11"}
{"timestamp":"2026-07-28T09:15:37.238Z","level":"info","component":"LiveWS","message":"[LiveWS] Client disconnected: %s [%d remaining] c17899c1 10"}
{"timestamp":"2026-07-28T09:15:37.547Z","level":"info","component":"LiveWS","message":"[LiveWS] Client connected: %s (%s) [%d total] aff2fa1f 127.0.0.1 11"}
{"timestamp":"2026-07-28T09:15:37.862Z","level":"info","component":"LiveWS","message":"[LiveWS] Client connected: %s (%s) [%d total] 423329af 127.0.0.1 12"}
{"timestamp":"2026-07-28T09:15:50.469Z","level":"info","component":"LiveWS","message":"[LiveWS] Client disconnected: %s [%d remaining] dc2b6219 11"}
{"timestamp":"2026-07-28T09:15:52.542Z","level":"info","component":"LiveWS","message":"[LiveWS] Client connected: %s (%s) [%d total] af424407 127.0.0.1 12"}
{"timestamp":"2026-07-28T09:15:52.544Z","level":"info","component":"LiveWS","message":"[LiveWS] Client disconnected: %s [%d remaining] af424407 11"}
{"timestamp":"2026-07-28T09:15:52.855Z","level":"info","component":"LiveWS","message":"[LiveWS] Client connected: %s (%s) [%d total] 313f99f3 127.0.0.1 12"}
{"timestamp":"2026-07-28T09:15:55.551Z","level":"info","component":"LiveWS","message":"[LiveWS] Client connected: %s (%s) [%d total] 7da6768c 127.0.0.1 13"}
{"timestamp":"2026-07-28T09:15:55.556Z","level":"info","component":"LiveWS","message":"[LiveWS] Client disconnected: %s [%d remaining] 7da6768c 12"}
{"timestamp":"2026-07-28T09:15:55.869Z","level":"info","component":"LiveWS","message":"[LiveWS] Client connected: %s (%s) [%d total] 412e828c 127.0.0.1 13"}
{"timestamp":"2026-07-28T09:15:58.550Z","level":"info","component":"LiveWS","message":"[LiveWS] Client connected: %s (%s) [%d total] d708eb26 127.0.0.1 14"}
{"timestamp":"2026-07-28T09:15:58.554Z","level":"info","component":"LiveWS","message":"[LiveWS] Client disconnected: %s [%d remaining] d708eb26 13"}
{"timestamp":"2026-07-28T09:15:58.865Z","level":"info","component":"LiveWS","message":"[LiveWS] Client connected: %s (%s) [%d total] 97be04df 127.0.0.1 14"}
{"timestamp":"2026-07-28T09:16:01.547Z","level":"info","component":"LiveWS","message":"[LiveWS] Client connected: %s (%s) [%d total] 81197c3f 127.0.0.1 15"}
{"timestamp":"2026-07-28T09:16:01.552Z","level":"info","component":"LiveWS","message":"[LiveWS] Client disconnected: %s [%d remaining] 81197c3f 14"}
{"timestamp":"2026-07-28T09:16:01.867Z","level":"info","component":"LiveWS","message":"[LiveWS] Client connected: %s (%s) [%d total] 04311929 127.0.0.1 15"}
{"timestamp":"2026-07-28T09:16:04.551Z","level":"info","component":"LiveWS","message":"[LiveWS] Client connected: %s (%s) [%d total] 5f37641f 127.0.0.1 16"}
{"timestamp":"2026-07-28T09:16:04.554Z","level":"info","component":"LiveWS","message":"[LiveWS] Client disconnected: %s [%d remaining] 5f37641f 15"}
{"timestamp":"2026-07-28T09:16:04.867Z","level":"info","component":"LiveWS","message":"[LiveWS] Client connected: %s (%s) [%d total] 3bd1ca11 127.0.0.1 16"}
{"timestamp":"2026-07-28T09:16:05.469Z","level":"info","component":"LiveWS","message":"[LiveWS] Client disconnected: %s [%d remaining] b156385f 10"}
{"timestamp":"2026-07-28T09:16:05.471Z","level":"info","component":"LiveWS","message":"[LiveWS] Client disconnected: %s [%d remaining] 0339db3b 10"}
{"timestamp":"2026-07-28T09:16:05.472Z","level":"info","component":"LiveWS","message":"[LiveWS] Client disconnected: %s [%d remaining] 45a0b172 10"}
{"timestamp":"2026-07-28T09:16:05.473Z","level":"info","component":"LiveWS","message":"[LiveWS] Client disconnected: %s [%d remaining] 889ee092 10"}
{"timestamp":"2026-07-28T09:16:05.474Z","level":"info","component":"LiveWS","message":"[LiveWS] Client disconnected: %s [%d remaining] 306b229d 10"}
{"timestamp":"2026-07-28T09:16:05.475Z","level":"info","component":"LiveWS","message":"[LiveWS] Client disconnected: %s [%d remaining] 2874f50d 10"}
{"timestamp":"2026-07-28T09:16:07.551Z","level":"info","component":"LiveWS","message":"[LiveWS] Client connected: %s (%s) [%d total] b18ec122 127.0.0.1 11"}
{"timestamp":"2026-07-28T09:16:07.868Z","level":"info","component":"LiveWS","message":"[LiveWS] Client connected: %s (%s) [%d total] d000d2e5 127.0.0.1 12"}
{"timestamp":"2026-07-28T09:16:20.477Z","level":"info","component":"LiveWS","message":"[LiveWS] Client disconnected: %s [%d remaining] 423329af 7"}
{"timestamp":"2026-07-28T09:16:20.480Z","level":"info","component":"LiveWS","message":"[LiveWS] Client disconnected: %s [%d remaining] aff2fa1f 7"}
{"timestamp":"2026-07-28T09:16:20.481Z","level":"info","component":"LiveWS","message":"[LiveWS] Client disconnected: %s [%d remaining] e3576065 7"}
{"timestamp":"2026-07-28T09:16:20.483Z","level":"info","component":"LiveWS","message":"[LiveWS] Client disconnected: %s [%d remaining] c098b536 7"}
{"timestamp":"2026-07-28T09:16:20.484Z","level":"info","component":"LiveWS","message":"[LiveWS] Client disconnected: %s [%d remaining] c14ea032 7"}
{"timestamp":"2026-07-28T09:16:22.546Z","level":"info","component":"LiveWS","message":"[LiveWS] Client connected: %s (%s) [%d total] 9cb23449 127.0.0.1 8"}
{"timestamp":"2026-07-28T09:16:22.549Z","level":"info","component":"LiveWS","message":"[LiveWS] Client disconnected: %s [%d remaining] 9cb23449 7"}
{"timestamp":"2026-07-28T09:16:22.863Z","level":"info","component":"LiveWS","message":"[LiveWS] Client connected: %s (%s) [%d total] 8fbc2f08 127.0.0.1 8"}
{"timestamp":"2026-07-28T09:16:23.544Z","level":"info","component":"LiveWS","message":"[LiveWS] Client connected: %s (%s) [%d total] aa1f2ac4 127.0.0.1 9"}
{"timestamp":"2026-07-28T09:16:23.548Z","level":"info","component":"LiveWS","message":"[LiveWS] Client disconnected: %s [%d remaining] aa1f2ac4 8"}
{"timestamp":"2026-07-28T09:16:23.864Z","level":"info","component":"LiveWS","message":"[LiveWS] Client connected: %s (%s) [%d total] 86b3d086 127.0.0.1 9"}
{"timestamp":"2026-07-28T09:16:25.563Z","level":"info","component":"LiveWS","message":"[LiveWS] Client connected: %s (%s) [%d total] 2407333d 127.0.0.1 10"}
{"timestamp":"2026-07-28T09:16:25.566Z","level":"info","component":"LiveWS","message":"[LiveWS] Client disconnected: %s [%d remaining] 2407333d 9"}
{"timestamp":"2026-07-28T09:16:25.878Z","level":"info","component":"LiveWS","message":"[LiveWS] Client connected: %s (%s) [%d total] 01a8580b 127.0.0.1 10"}
{"timestamp":"2026-07-28T09:16:28.544Z","level":"info","component":"LiveWS","message":"[LiveWS] Client connected: %s (%s) [%d total] 46d1324a 127.0.0.1 11"}
{"timestamp":"2026-07-28T09:16:28.548Z","level":"info","component":"LiveWS","message":"[LiveWS] Client disconnected: %s [%d remaining] 46d1324a 10"}
{"timestamp":"2026-07-28T09:16:28.861Z","level":"info","component":"LiveWS","message":"[LiveWS] Client connected: %s (%s) [%d total] 6accd349 127.0.0.1 11"}
{"timestamp":"2026-07-28T09:16:31.554Z","level":"info","component":"LiveWS","message":"[LiveWS] Client connected: %s (%s) [%d total] c792474a 127.0.0.1 12"}
{"timestamp":"2026-07-28T09:16:31.557Z","level":"info","component":"LiveWS","message":"[LiveWS] Client disconnected: %s [%d remaining] c792474a 11"}
{"timestamp":"2026-07-28T09:16:31.873Z","level":"info","component":"LiveWS","message":"[LiveWS] Client connected: %s (%s) [%d total] d2bdf047 127.0.0.1 12"}
{"timestamp":"2026-07-28T09:16:34.551Z","level":"info","component":"LiveWS","message":"[LiveWS] Client connected: %s (%s) [%d total] d63595f2 127.0.0.1 13"}
{"timestamp":"2026-07-28T09:16:34.555Z","level":"info","component":"LiveWS","message":"[LiveWS] Client disconnected: %s [%d remaining] d63595f2 12"}
{"timestamp":"2026-07-28T09:16:34.868Z","level":"info","component":"LiveWS","message":"[LiveWS] Client connected: %s (%s) [%d total] 343dec16 127.0.0.1 13"}
{"timestamp":"2026-07-28T09:16:35.486Z","level":"info","component":"LiveWS","message":"[LiveWS] Client disconnected: %s [%d remaining] 97be04df 10"}
{"timestamp":"2026-07-28T09:16:35.488Z","level":"info","component":"LiveWS","message":"[LiveWS] Client disconnected: %s [%d remaining] 412e828c 10"}
{"timestamp":"2026-07-28T09:16:35.489Z","level":"info","component":"LiveWS","message":"[LiveWS] Client disconnected: %s [%d remaining] 313f99f3 10"}
{"timestamp":"2026-07-28T09:16:37.548Z","level":"info","component":"LiveWS","message":"[LiveWS] Client connected: %s (%s) [%d total] 5707f668 127.0.0.1 11"}
{"timestamp":"2026-07-28T09:16:37.552Z","level":"info","component":"LiveWS","message":"[LiveWS] Client disconnected: %s [%d remaining] 5707f668 10"}
{"timestamp":"2026-07-28T09:16:37.865Z","level":"info","component":"LiveWS","message":"[LiveWS] Client connected: %s (%s) [%d total] 9394a571 127.0.0.1 11"}
{"timestamp":"2026-07-28T09:16:50.497Z","level":"info","component":"LiveWS","message":"[LiveWS] Client disconnected: %s [%d remaining] d000d2e5 7"}
{"timestamp":"2026-07-28T09:16:50.501Z","level":"info","component":"LiveWS","message":"[LiveWS] Client disconnected: %s [%d remaining] b18ec122 7"}
{"timestamp":"2026-07-28T09:16:50.503Z","level":"info","component":"LiveWS","message":"[LiveWS] Client disconnected: %s [%d remaining] 3bd1ca11 7"}
{"timestamp":"2026-07-28T09:16:50.505Z","level":"info","component":"LiveWS","message":"[LiveWS] Client disconnected: %s [%d remaining] 04311929 7"}
{"timestamp":"2026-07-28T09:16:52.546Z","level":"info","component":"LiveWS","message":"[LiveWS] Client connected: %s (%s) [%d total] c42fbf60 127.0.0.1 8"}
{"timestamp":"2026-07-28T09:16:52.549Z","level":"info","component":"LiveWS","message":"[LiveWS] Client disconnected: %s [%d remaining] c42fbf60 7"}
{"timestamp":"2026-07-28T09:16:52.863Z","level":"info","component":"LiveWS","message":"[LiveWS] Client connected: %s (%s) [%d total] 242085e7 127.0.0.1 8"}
{"timestamp":"2026-07-28T09:16:54.548Z","level":"info","component":"LiveWS","message":"[LiveWS] Client connected: %s (%s) [%d total] 11e62532 127.0.0.1 9"}
{"timestamp":"2026-07-28T09:16:54.551Z","level":"info","component":"LiveWS","message":"[LiveWS] Client disconnected: %s [%d remaining] 11e62532 8"}
{"timestamp":"2026-07-28T09:16:54.866Z","level":"info","component":"LiveWS","message":"[LiveWS] Client connected: %s (%s) [%d total] d8d31f81 127.0.0.1 9"}
{"timestamp":"2026-07-28T09:16:57.549Z","level":"info","component":"LiveWS","message":"[LiveWS] Client connected: %s (%s) [%d total] 6537359d 127.0.0.1 10"}
{"timestamp":"2026-07-28T09:16:57.553Z","level":"info","component":"LiveWS","message":"[LiveWS] Client disconnected: %s [%d remaining] 6537359d 9"}
{"timestamp":"2026-07-28T09:16:57.865Z","level":"info","component":"LiveWS","message":"[LiveWS] Client connected: %s (%s) [%d total] 92400c67 127.0.0.1 10"}
{"timestamp":"2026-07-28T09:17:00.547Z","level":"info","component":"LiveWS","message":"[LiveWS] Client connected: %s (%s) [%d total] 55e40974 127.0.0.1 11"}
{"timestamp":"2026-07-28T09:17:00.551Z","level":"info","component":"LiveWS","message":"[LiveWS] Client disconnected: %s [%d remaining] 55e40974 10"}
{"timestamp":"2026-07-28T09:17:00.864Z","level":"info","component":"LiveWS","message":"[LiveWS] Client connected: %s (%s) [%d total] 322c336c 127.0.0.1 11"}
{"timestamp":"2026-07-28T09:17:03.550Z","level":"info","component":"LiveWS","message":"[LiveWS] Client connected: %s (%s) [%d total] 33658847 127.0.0.1 12"}
{"timestamp":"2026-07-28T09:17:03.554Z","level":"info","component":"LiveWS","message":"[LiveWS] Client disconnected: %s [%d remaining] 33658847 11"}
{"timestamp":"2026-07-28T09:17:03.868Z","level":"info","component":"LiveWS","message":"[LiveWS] Client connected: %s (%s) [%d total] d256749c 127.0.0.1 12"}
{"timestamp":"2026-07-28T09:17:05.503Z","level":"info","component":"LiveWS","message":"[LiveWS] Client disconnected: %s [%d remaining] 6accd349 8"}
{"timestamp":"2026-07-28T09:17:05.505Z","level":"info","component":"LiveWS","message":"[LiveWS] Client disconnected: %s [%d remaining] 01a8580b 8"}
{"timestamp":"2026-07-28T09:17:05.507Z","level":"info","component":"LiveWS","message":"[LiveWS] Client disconnected: %s [%d remaining] 86b3d086 8"}
{"timestamp":"2026-07-28T09:17:05.508Z","level":"info","component":"LiveWS","message":"[LiveWS] Client disconnected: %s [%d remaining] 8fbc2f08 8"}
{"timestamp":"2026-07-28T09:17:06.549Z","level":"info","component":"LiveWS","message":"[LiveWS] Client connected: %s (%s) [%d total] d313cce4 127.0.0.1 9"}
{"timestamp":"2026-07-28T09:17:06.553Z","level":"info","component":"LiveWS","message":"[LiveWS] Client disconnected: %s [%d remaining] d313cce4 8"}
{"timestamp":"2026-07-28T09:17:06.868Z","level":"info","component":"LiveWS","message":"[LiveWS] Client connected: %s (%s) [%d total] 0a9679e9 127.0.0.1 9"}
{"timestamp":"2026-07-28T09:17:07.551Z","level":"info","component":"LiveWS","message":"[LiveWS] Client connected: %s (%s) [%d total] be9326b0 127.0.0.1 10"}
{"timestamp":"2026-07-28T09:17:07.554Z","level":"info","component":"LiveWS","message":"[LiveWS] Client disconnected: %s [%d remaining] be9326b0 9"}
{"timestamp":"2026-07-28T09:17:07.865Z","level":"info","component":"LiveWS","message":"[LiveWS] Client connected: %s (%s) [%d total] 97e1df9f 127.0.0.1 10"}
{"timestamp":"2026-07-28T09:17:16.542Z","level":"info","component":"LiveWS","message":"[LiveWS] Client connected: %s (%s) [%d total] a28e396e 127.0.0.1 11"}
{"timestamp":"2026-07-28T09:17:16.545Z","level":"info","component":"LiveWS","message":"[LiveWS] Client disconnected: %s [%d remaining] a28e396e 10"}
{"timestamp":"2026-07-28T09:17:16.849Z","level":"info","component":"LiveWS","message":"[LiveWS] Client connected: %s (%s) [%d total] 77c8ba72 127.0.0.1 11"}
{"timestamp":"2026-07-28T09:17:19.538Z","level":"info","component":"LiveWS","message":"[LiveWS] Client connected: %s (%s) [%d total] 6992e833 127.0.0.1 12"}
{"timestamp":"2026-07-28T09:17:19.542Z","level":"info","component":"LiveWS","message":"[LiveWS] Client disconnected: %s [%d remaining] 6992e833 11"}
{"timestamp":"2026-07-28T09:17:19.854Z","level":"info","component":"LiveWS","message":"[LiveWS] Client connected: %s (%s) [%d total] 7130b6f7 127.0.0.1 12"}
{"timestamp":"2026-07-28T09:17:20.501Z","level":"info","component":"LiveWS","message":"[LiveWS] Client disconnected: %s [%d remaining] 9394a571 9"}
{"timestamp":"2026-07-28T09:17:20.502Z","level":"info","component":"LiveWS","message":"[LiveWS] Client disconnected: %s [%d remaining] 343dec16 9"}
{"timestamp":"2026-07-28T09:17:20.503Z","level":"info","component":"LiveWS","message":"[LiveWS] Client disconnected: %s [%d remaining] d2bdf047 9"}
{"timestamp":"2026-07-28T09:17:21.533Z","level":"info","component":"LiveWS","message":"[LiveWS] Client connected: %s (%s) [%d total] d6a6bb1d 127.0.0.1 10"}
{"timestamp":"2026-07-28T09:17:21.536Z","level":"info","component":"LiveWS","message":"[LiveWS] Client disconnected: %s [%d remaining] d6a6bb1d 9"}
{"timestamp":"2026-07-28T09:17:21.844Z","level":"info","component":"LiveWS","message":"[LiveWS] Client connected: %s (%s) [%d total] d7b7bede 127.0.0.1 10"}
{"timestamp":"2026-07-28T09:17:22.534Z","level":"info","component":"LiveWS","message":"[LiveWS] Client connected: %s (%s) [%d total] 40a232ed 127.0.0.1 11"}
{"timestamp":"2026-07-28T09:17:22.536Z","level":"info","component":"LiveWS","message":"[LiveWS] Client disconnected: %s [%d remaining] 40a232ed 10"}
{"timestamp":"2026-07-28T09:17:22.848Z","level":"info","component":"LiveWS","message":"[LiveWS] Client connected: %s (%s) [%d total] ffc1cd15 127.0.0.1 11"}
{"timestamp":"2026-07-28T09:17:31.538Z","level":"info","component":"LiveWS","message":"[LiveWS] Client connected: %s (%s) [%d total] b67b772a unknown 12"}
{"timestamp":"2026-07-28T09:17:31.850Z","level":"info","component":"LiveWS","message":"[LiveWS] Client connected: %s (%s) [%d total] f24db29c 127.0.0.1 13"}
{"timestamp":"2026-07-28T09:17:34.536Z","level":"info","component":"LiveWS","message":"[LiveWS] Client connected: %s (%s) [%d total] 6630ad0b 127.0.0.1 14"}
{"timestamp":"2026-07-28T09:17:34.540Z","level":"info","component":"LiveWS","message":"[LiveWS] Client disconnected: %s [%d remaining] 6630ad0b 13"}
{"timestamp":"2026-07-28T09:17:34.850Z","level":"info","component":"LiveWS","message":"[LiveWS] Client connected: %s (%s) [%d total] 50d729d6 127.0.0.1 14"}
{"timestamp":"2026-07-28T09:17:35.509Z","level":"info","component":"LiveWS","message":"[LiveWS] Client disconnected: %s [%d remaining] 92400c67 10"}
{"timestamp":"2026-07-28T09:17:35.512Z","level":"info","component":"LiveWS","message":"[LiveWS] Client disconnected: %s [%d remaining] d8d31f81 10"}
{"timestamp":"2026-07-28T09:17:35.513Z","level":"info","component":"LiveWS","message":"[LiveWS] Client disconnected: %s [%d remaining] 242085e7 10"}
{"timestamp":"2026-07-28T09:17:37.544Z","level":"info","component":"LiveWS","message":"[LiveWS] Client connected: %s (%s) [%d total] b8774d16 127.0.0.1 11"}
{"timestamp":"2026-07-28T09:17:37.547Z","level":"info","component":"LiveWS","message":"[LiveWS] Client disconnected: %s [%d remaining] b8774d16 10"}
{"timestamp":"2026-07-28T09:17:37.852Z","level":"info","component":"LiveWS","message":"[LiveWS] Client connected: %s (%s) [%d total] cc1f3e1a 127.0.0.1 11"}
{"timestamp":"2026-07-28T09:17:50.537Z","level":"info","component":"LiveWS","message":"[LiveWS] Client disconnected: %s [%d remaining] 97e1df9f 7"}
{"timestamp":"2026-07-28T09:17:50.540Z","level":"info","component":"LiveWS","message":"[LiveWS] Client disconnected: %s [%d remaining] 0a9679e9 7"}
{"timestamp":"2026-07-28T09:17:50.541Z","level":"info","component":"LiveWS","message":"[LiveWS] Client disconnected: %s [%d remaining] d256749c 7"}
{"timestamp":"2026-07-28T09:17:50.541Z","level":"info","component":"LiveWS","message":"[LiveWS] Client disconnected: %s [%d remaining] 322c336c 7"}
{"timestamp":"2026-07-28T09:17:52.543Z","level":"info","component":"LiveWS","message":"[LiveWS] Client connected: %s (%s) [%d total] 8e6069ec 127.0.0.1 8"}
{"timestamp":"2026-07-28T09:17:52.546Z","level":"info","component":"LiveWS","message":"[LiveWS] Client disconnected: %s [%d remaining] 8e6069ec 7"}
{"timestamp":"2026-07-28T09:17:52.855Z","level":"info","component":"LiveWS","message":"[LiveWS] Client connected: %s (%s) [%d total] 7d767039 127.0.0.1 8"}
{"timestamp":"2026-07-28T09:17:54.557Z","level":"info","component":"LiveWS","message":"[LiveWS] Client connected: %s (%s) [%d total] 3e845469 127.0.0.1 9"}
{"timestamp":"2026-07-28T09:17:54.560Z","level":"info","component":"LiveWS","message":"[LiveWS] Client disconnected: %s [%d remaining] 3e845469 8"}
{"timestamp":"2026-07-28T09:17:54.874Z","level":"info","component":"LiveWS","message":"[LiveWS] Client connected: %s (%s) [%d total] a569f059 127.0.0.1 9"}
{"timestamp":"2026-07-28T09:17:57.543Z","level":"info","component":"LiveWS","message":"[LiveWS] Client connected: %s (%s) [%d total] 985dbbe1 127.0.0.1 10"}
{"timestamp":"2026-07-28T09:17:57.547Z","level":"info","component":"LiveWS","message":"[LiveWS] Client disconnected: %s [%d remaining] 985dbbe1 9"}
{"timestamp":"2026-07-28T09:17:57.853Z","level":"info","component":"LiveWS","message":"[LiveWS] Client connected: %s (%s) [%d total] 9dfff38c 127.0.0.1 10"}
{"timestamp":"2026-07-28T09:18:00.545Z","level":"info","component":"LiveWS","message":"[LiveWS] Client connected: %s (%s) [%d total] e5b94c92 127.0.0.1 11"}
{"timestamp":"2026-07-28T09:18:00.548Z","level":"info","component":"LiveWS","message":"[LiveWS] Client disconnected: %s [%d remaining] e5b94c92 10"}
{"timestamp":"2026-07-28T09:18:00.854Z","level":"info","component":"LiveWS","message":"[LiveWS] Client connected: %s (%s) [%d total] 9f50251c 127.0.0.1 11"}
{"timestamp":"2026-07-28T09:18:03.535Z","level":"info","component":"LiveWS","message":"[LiveWS] Client connected: %s (%s) [%d total] 9d2c2414 127.0.0.1 12"}
{"timestamp":"2026-07-28T09:18:03.538Z","level":"info","component":"LiveWS","message":"[LiveWS] Client disconnected: %s [%d remaining] 9d2c2414 11"}
{"timestamp":"2026-07-28T09:18:03.852Z","level":"info","component":"LiveWS","message":"[LiveWS] Client connected: %s (%s) [%d total] 1e8d0d35 127.0.0.1 12"}
{"timestamp":"2026-07-28T09:18:05.519Z","level":"info","component":"LiveWS","message":"[LiveWS] Client disconnected: %s [%d remaining] ffc1cd15 8"}
{"timestamp":"2026-07-28T09:18:05.521Z","level":"info","component":"LiveWS","message":"[LiveWS] Client disconnected: %s [%d remaining] d7b7bede 8"}
{"timestamp":"2026-07-28T09:18:05.523Z","level":"info","component":"LiveWS","message":"[LiveWS] Client disconnected: %s [%d remaining] 7130b6f7 8"}
{"timestamp":"2026-07-28T09:18:05.525Z","level":"info","component":"LiveWS","message":"[LiveWS] Client disconnected: %s [%d remaining] 77c8ba72 8"}
{"timestamp":"2026-07-28T09:18:06.535Z","level":"info","component":"LiveWS","message":"[LiveWS] Client connected: %s (%s) [%d total] 0de92669 127.0.0.1 9"}
{"timestamp":"2026-07-28T09:18:06.539Z","level":"info","component":"LiveWS","message":"[LiveWS] Client disconnected: %s [%d remaining] 0de92669 8"}
{"timestamp":"2026-07-28T09:18:06.842Z","level":"info","component":"LiveWS","message":"[LiveWS] Client connected: %s (%s) [%d total] 3652f75a 127.0.0.1 9"}
{"timestamp":"2026-07-28T09:18:07.546Z","level":"info","component":"LiveWS","message":"[LiveWS] Client connected: %s (%s) [%d total] 26076ef9 127.0.0.1 10"}
{"timestamp":"2026-07-28T09:18:07.550Z","level":"info","component":"LiveWS","message":"[LiveWS] Client disconnected: %s [%d remaining] 26076ef9 9"}
{"timestamp":"2026-07-28T09:18:07.863Z","level":"info","component":"LiveWS","message":"[LiveWS] Client connected: %s (%s) [%d total] cb857a19 127.0.0.1 10"}
{"timestamp":"2026-07-28T09:18:16.548Z","level":"info","component":"LiveWS","message":"[LiveWS] Client connected: %s (%s) [%d total] 15cd3edf 127.0.0.1 11"}
{"timestamp":"2026-07-28T09:18:16.552Z","level":"info","component":"LiveWS","message":"[LiveWS] Client disconnected: %s [%d remaining] 15cd3edf 10"}
{"timestamp":"2026-07-28T09:18:16.860Z","level":"info","component":"LiveWS","message":"[LiveWS] Client connected: %s (%s) [%d total] b99222e6 127.0.0.1 11"}
{"timestamp":"2026-07-28T09:18:19.552Z","level":"info","component":"LiveWS","message":"[LiveWS] Client connected: %s (%s) [%d total] f22fcb2c 127.0.0.1 12"}
{"timestamp":"2026-07-28T09:18:19.555Z","level":"info","component":"LiveWS","message":"[LiveWS] Client disconnected: %s [%d remaining] f22fcb2c 11"}
{"timestamp":"2026-07-28T09:18:19.867Z","level":"info","component":"LiveWS","message":"[LiveWS] Client connected: %s (%s) [%d total] f1f4e68a 127.0.0.1 12"}
{"timestamp":"2026-07-28T09:18:20.519Z","level":"info","component":"LiveWS","message":"[LiveWS] Client disconnected: %s [%d remaining] cc1f3e1a 9"}
{"timestamp":"2026-07-28T09:18:20.522Z","level":"info","component":"LiveWS","message":"[LiveWS] Client disconnected: %s [%d remaining] 50d729d6 9"}
{"timestamp":"2026-07-28T09:18:20.524Z","level":"info","component":"LiveWS","message":"[LiveWS] Client disconnected: %s [%d remaining] f24db29c 9"}
{"timestamp":"2026-07-28T09:18:22.553Z","level":"info","component":"LiveWS","message":"[LiveWS] Client connected: %s (%s) [%d total] 1eddeddc 127.0.0.1 10"}
{"timestamp":"2026-07-28T09:18:22.558Z","level":"info","component":"LiveWS","message":"[LiveWS] Client disconnected: %s [%d remaining] 1eddeddc 9"}
{"timestamp":"2026-07-28T09:18:22.867Z","level":"info","component":"LiveWS","message":"[LiveWS] Client connected: %s (%s) [%d total] f35e4427 127.0.0.1 10"}
{"timestamp":"2026-07-28T09:18:35.521Z","level":"info","component":"LiveWS","message":"[LiveWS] Client disconnected: %s [%d remaining] 9dfff38c 7"}
{"timestamp":"2026-07-28T09:18:35.523Z","level":"info","component":"LiveWS","message":"[LiveWS] Client disconnected: %s [%d remaining] a569f059 7"}
{"timestamp":"2026-07-28T09:18:35.524Z","level":"info","component":"LiveWS","message":"[LiveWS] Client disconnected: %s [%d remaining] 7d767039 7"}
{"timestamp":"2026-07-28T09:18:37.552Z","level":"info","component":"LiveWS","message":"[LiveWS] Client connected: %s (%s) [%d total] 39f216ec 127.0.0.1 8"}
{"timestamp":"2026-07-28T09:18:37.554Z","level":"info","component":"LiveWS","message":"[LiveWS] Client disconnected: %s [%d remaining] 39f216ec 7"}
{"timestamp":"2026-07-28T09:18:37.867Z","level":"info","component":"LiveWS","message":"[LiveWS] Client connected: %s (%s) [%d total] 39b581d6 127.0.0.1 8"}
{"timestamp":"2026-07-28T09:18:39.550Z","level":"info","component":"LiveWS","message":"[LiveWS] Client connected: %s (%s) [%d total] b5292599 127.0.0.1 9"}
{"timestamp":"2026-07-28T09:18:39.553Z","level":"info","component":"LiveWS","message":"[LiveWS] Client disconnected: %s [%d remaining] b5292599 8"}
{"timestamp":"2026-07-28T09:18:39.870Z","level":"info","component":"LiveWS","message":"[LiveWS] Client connected: %s (%s) [%d total] a81dae4b 127.0.0.1 9"}
{"timestamp":"2026-07-28T09:18:42.552Z","level":"info","component":"LiveWS","message":"[LiveWS] Client connected: %s (%s) [%d total] 2ed673f3 127.0.0.1 10"}
{"timestamp":"2026-07-28T09:18:42.555Z","level":"info","component":"LiveWS","message":"[LiveWS] Client disconnected: %s [%d remaining] 2ed673f3 9"}
{"timestamp":"2026-07-28T09:18:42.870Z","level":"info","component":"LiveWS","message":"[LiveWS] Client connected: %s (%s) [%d total] 88c1c2eb 127.0.0.1 10"}
{"timestamp":"2026-07-28T09:18:45.551Z","level":"info","component":"LiveWS","message":"[LiveWS] Client connected: %s (%s) [%d total] e9dbefec 127.0.0.1 11"}
{"timestamp":"2026-07-28T09:18:45.556Z","level":"info","component":"LiveWS","message":"[LiveWS] Client disconnected: %s [%d remaining] e9dbefec 10"}
{"timestamp":"2026-07-28T09:18:45.868Z","level":"info","component":"LiveWS","message":"[LiveWS] Client connected: %s (%s) [%d total] 10c1107e 127.0.0.1 11"}
{"timestamp":"2026-07-28T09:18:48.540Z","level":"info","component":"LiveWS","message":"[LiveWS] Client connected: %s (%s) [%d total] 0cd0199e 127.0.0.1 12"}
{"timestamp":"2026-07-28T09:18:48.543Z","level":"info","component":"LiveWS","message":"[LiveWS] Client disconnected: %s [%d remaining] 0cd0199e 11"}
{"timestamp":"2026-07-28T09:18:48.860Z","level":"info","component":"LiveWS","message":"[LiveWS] Client connected: %s (%s) [%d total] ca7a73ae 127.0.0.1 12"}
{"timestamp":"2026-07-28T09:18:50.520Z","level":"info","component":"LiveWS","message":"[LiveWS] Client disconnected: %s [%d remaining] cb857a19 8"}
{"timestamp":"2026-07-28T09:18:50.523Z","level":"info","component":"LiveWS","message":"[LiveWS] Client disconnected: %s [%d remaining] 3652f75a 8"}
{"timestamp":"2026-07-28T09:18:50.526Z","level":"info","component":"LiveWS","message":"[LiveWS] Client disconnected: %s [%d remaining] 1e8d0d35 8"}
{"timestamp":"2026-07-28T09:18:50.528Z","level":"info","component":"LiveWS","message":"[LiveWS] Client disconnected: %s [%d remaining] 9f50251c 8"}
{"timestamp":"2026-07-28T09:18:51.547Z","level":"info","component":"LiveWS","message":"[LiveWS] Client connected: %s (%s) [%d total] f4ec8437 127.0.0.1 9"}
{"timestamp":"2026-07-28T09:18:51.551Z","level":"info","component":"LiveWS","message":"[LiveWS] Client disconnected: %s [%d remaining] f4ec8437 8"}
{"timestamp":"2026-07-28T09:18:51.864Z","level":"info","component":"LiveWS","message":"[LiveWS] Client connected: %s (%s) [%d total] ce3e4a46 127.0.0.1 9"}
{"timestamp":"2026-07-28T09:18:52.547Z","level":"info","component":"LiveWS","message":"[LiveWS] Client connected: %s (%s) [%d total] 1b65914f 127.0.0.1 10"}
{"timestamp":"2026-07-28T09:18:52.551Z","level":"info","component":"LiveWS","message":"[LiveWS] Client disconnected: %s [%d remaining] 1b65914f 9"}
{"timestamp":"2026-07-28T09:18:52.864Z","level":"info","component":"LiveWS","message":"[LiveWS] Client connected: %s (%s) [%d total] 869450b9 127.0.0.1 10"}
{"timestamp":"2026-07-28T09:19:01.543Z","level":"info","component":"LiveWS","message":"[LiveWS] Client connected: %s (%s) [%d total] 3a5aed01 127.0.0.1 11"}
{"timestamp":"2026-07-28T09:19:01.548Z","level":"info","component":"LiveWS","message":"[LiveWS] Client disconnected: %s [%d remaining] 3a5aed01 10"}
{"timestamp":"2026-07-28T09:19:01.861Z","level":"info","component":"LiveWS","message":"[LiveWS] Client connected: %s (%s) [%d total] 69f39ad8 127.0.0.1 11"}
{"timestamp":"2026-07-28T09:19:04.546Z","level":"info","component":"LiveWS","message":"[LiveWS] Client connected: %s (%s) [%d total] df593a7a 127.0.0.1 12"}
{"timestamp":"2026-07-28T09:19:04.549Z","level":"info","component":"LiveWS","message":"[LiveWS] Client disconnected: %s [%d remaining] df593a7a 11"}
{"timestamp":"2026-07-28T09:19:04.864Z","level":"info","component":"LiveWS","message":"[LiveWS] Client connected: %s (%s) [%d total] 590f5f20 127.0.0.1 12"}
{"timestamp":"2026-07-28T09:19:05.532Z","level":"info","component":"LiveWS","message":"[LiveWS] Client disconnected: %s [%d remaining] f35e4427 9"}
{"timestamp":"2026-07-28T09:19:05.536Z","level":"info","component":"LiveWS","message":"[LiveWS] Client disconnected: %s [%d remaining] f1f4e68a 9"}
{"timestamp":"2026-07-28T09:19:05.538Z","level":"info","component":"LiveWS","message":"[LiveWS] Client disconnected: %s [%d remaining] b99222e6 9"}
{"timestamp":"2026-07-28T09:19:07.534Z","level":"info","component":"LiveWS","message":"[LiveWS] Client connected: %s (%s) [%d total] 68a32416 127.0.0.1 10"}
{"timestamp":"2026-07-28T09:19:07.538Z","level":"info","component":"LiveWS","message":"[LiveWS] Client disconnected: %s [%d remaining] 68a32416 9"}
{"timestamp":"2026-07-28T09:19:07.853Z","level":"info","component":"LiveWS","message":"[LiveWS] Client connected: %s (%s) [%d total] b292f828 127.0.0.1 10"}
{"timestamp":"2026-07-28T09:19:20.544Z","level":"info","component":"LiveWS","message":"[LiveWS] Client disconnected: %s [%d remaining] 88c1c2eb 7"}
{"timestamp":"2026-07-28T09:19:20.547Z","level":"info","component":"LiveWS","message":"[LiveWS] Client disconnected: %s [%d remaining] a81dae4b 7"}
{"timestamp":"2026-07-28T09:19:20.548Z","level":"info","component":"LiveWS","message":"[LiveWS] Client disconnected: %s [%d remaining] 39b581d6 7"}
{"timestamp":"2026-07-28T09:19:22.546Z","level":"info","component":"LiveWS","message":"[LiveWS] Client connected: %s (%s) [%d total] b488c45d 127.0.0.1 8"}
{"timestamp":"2026-07-28T09:19:22.550Z","level":"info","component":"LiveWS","message":"[LiveWS] Client disconnected: %s [%d remaining] b488c45d 7"}
{"timestamp":"2026-07-28T09:19:22.862Z","level":"info","component":"LiveWS","message":"[LiveWS] Client connected: %s (%s) [%d total] 46cca1f3 127.0.0.1 8"}
{"timestamp":"2026-07-28T09:19:24.538Z","level":"info","component":"LiveWS","message":"[LiveWS] Client connected: %s (%s) [%d total] 73af8b07 127.0.0.1 9"}
{"timestamp":"2026-07-28T09:19:24.542Z","level":"info","component":"LiveWS","message":"[LiveWS] Client disconnected: %s [%d remaining] 73af8b07 8"}
{"timestamp":"2026-07-28T09:19:24.855Z","level":"info","component":"LiveWS","message":"[LiveWS] Client connected: %s (%s) [%d total] e0a48493 127.0.0.1 9"}
{"timestamp":"2026-07-28T09:19:27.535Z","level":"info","component":"LiveWS","message":"[LiveWS] Client connected: %s (%s) [%d total] 4ad606ab 127.0.0.1 10"}
{"timestamp":"2026-07-28T09:19:27.537Z","level":"info","component":"LiveWS","message":"[LiveWS] Client disconnected: %s [%d remaining] 4ad606ab 9"}
{"timestamp":"2026-07-28T09:19:27.848Z","level":"info","component":"LiveWS","message":"[LiveWS] Client connected: %s (%s) [%d total] 565c31ca 127.0.0.1 10"}
{"timestamp":"2026-07-28T09:19:30.541Z","level":"info","component":"LiveWS","message":"[LiveWS] Client connected: %s (%s) [%d total] b285bd71 127.0.0.1 11"}
{"timestamp":"2026-07-28T09:19:30.544Z","level":"info","component":"LiveWS","message":"[LiveWS] Client disconnected: %s [%d remaining] b285bd71 10"}
{"timestamp":"2026-07-28T09:19:30.862Z","level":"info","component":"LiveWS","message":"[LiveWS] Client connected: %s (%s) [%d total] c6e66d4b 127.0.0.1 11"}
{"timestamp":"2026-07-28T09:19:33.541Z","level":"info","component":"LiveWS","message":"[LiveWS] Client connected: %s (%s) [%d total] 954ca714 127.0.0.1 12"}
{"timestamp":"2026-07-28T09:19:33.545Z","level":"info","component":"LiveWS","message":"[LiveWS] Client disconnected: %s [%d remaining] 954ca714 11"}
{"timestamp":"2026-07-28T09:19:33.859Z","level":"info","component":"LiveWS","message":"[LiveWS] Client connected: %s (%s) [%d total] 4df2fdca 127.0.0.1 12"}
{"timestamp":"2026-07-28T09:19:35.554Z","level":"info","component":"LiveWS","message":"[LiveWS] Client disconnected: %s [%d remaining] 869450b9 8"}
{"timestamp":"2026-07-28T09:19:35.557Z","level":"info","component":"LiveWS","message":"[LiveWS] Client disconnected: %s [%d remaining] ce3e4a46 8"}
{"timestamp":"2026-07-28T09:19:35.558Z","level":"info","component":"LiveWS","message":"[LiveWS] Client disconnected: %s [%d remaining] ca7a73ae 8"}
{"timestamp":"2026-07-28T09:19:35.560Z","level":"info","component":"LiveWS","message":"[LiveWS] Client disconnected: %s [%d remaining] 10c1107e 8"}
{"timestamp":"2026-07-28T09:19:36.541Z","level":"info","component":"LiveWS","message":"[LiveWS] Client connected: %s (%s) [%d total] 26e254a0 127.0.0.1 9"}
{"timestamp":"2026-07-28T09:19:36.546Z","level":"info","component":"LiveWS","message":"[LiveWS] Client disconnected: %s [%d remaining] 26e254a0 8"}
{"timestamp":"2026-07-28T09:19:36.858Z","level":"info","component":"LiveWS","message":"[LiveWS] Client connected: %s (%s) [%d total] 8fd87fad 127.0.0.1 9"}
{"timestamp":"2026-07-28T09:19:37.541Z","level":"info","component":"LiveWS","message":"[LiveWS] Client connected: %s (%s) [%d total] c212efef 127.0.0.1 10"}
{"timestamp":"2026-07-28T09:19:37.546Z","level":"info","component":"LiveWS","message":"[LiveWS] Client disconnected: %s [%d remaining] c212efef 9"}
{"timestamp":"2026-07-28T09:19:37.859Z","level":"info","component":"LiveWS","message":"[LiveWS] Client connected: %s (%s) [%d total] c4bef987 127.0.0.1 10"}
{"timestamp":"2026-07-28T09:19:46.554Z","level":"info","component":"LiveWS","message":"[LiveWS] Client connected: %s (%s) [%d total] 5b132184 127.0.0.1 11"}
{"timestamp":"2026-07-28T09:19:46.559Z","level":"info","component":"LiveWS","message":"[LiveWS] Client disconnected: %s [%d remaining] 5b132184 10"}
{"timestamp":"2026-07-28T09:19:46.864Z","level":"info","component":"LiveWS","message":"[LiveWS] Client connected: %s (%s) [%d total] fe59d4a3 127.0.0.1 11"}
{"timestamp":"2026-07-28T09:19:49.547Z","level":"info","component":"LiveWS","message":"[LiveWS] Client connected: %s (%s) [%d total] bac0361a 127.0.0.1 12"}
{"timestamp":"2026-07-28T09:19:49.549Z","level":"info","component":"LiveWS","message":"[LiveWS] Client disconnected: %s [%d remaining] bac0361a 11"}
{"timestamp":"2026-07-28T09:19:49.865Z","level":"info","component":"LiveWS","message":"[LiveWS] Client connected: %s (%s) [%d total] 13ca8acb 127.0.0.1 12"}
{"timestamp":"2026-07-28T09:19:50.576Z","level":"info","component":"LiveWS","message":"[LiveWS] Client disconnected: %s [%d remaining] b292f828 9"}
{"timestamp":"2026-07-28T09:19:50.577Z","level":"info","component":"LiveWS","message":"[LiveWS] Client disconnected: %s [%d remaining] 590f5f20 9"}
{"timestamp":"2026-07-28T09:19:50.579Z","level":"info","component":"LiveWS","message":"[LiveWS] Client disconnected: %s [%d remaining] 69f39ad8 9"}
{"timestamp":"2026-07-28T09:19:52.544Z","level":"info","component":"LiveWS","message":"[LiveWS] Client connected: %s (%s) [%d total] 49424fca 127.0.0.1 10"}
{"timestamp":"2026-07-28T09:19:52.547Z","level":"info","component":"LiveWS","message":"[LiveWS] Client disconnected: %s [%d remaining] 49424fca 9"}
{"timestamp":"2026-07-28T09:19:52.861Z","level":"info","component":"LiveWS","message":"[LiveWS] Client connected: %s (%s) [%d total] 622b6c0a 127.0.0.1 10"}
{"timestamp":"2026-07-28T09:20:05.583Z","level":"info","component":"LiveWS","message":"[LiveWS] Client disconnected: %s [%d remaining] 565c31ca 7"}
{"timestamp":"2026-07-28T09:20:05.586Z","level":"info","component":"LiveWS","message":"[LiveWS] Client disconnected: %s [%d remaining] e0a48493 7"}
{"timestamp":"2026-07-28T09:20:05.588Z","level":"info","component":"LiveWS","message":"[LiveWS] Client disconnected: %s [%d remaining] 46cca1f3 7"}
{"timestamp":"2026-07-28T09:20:07.554Z","level":"info","component":"LiveWS","message":"[LiveWS] Client connected: %s (%s) [%d total] 98075bc9 127.0.0.1 8"}
{"timestamp":"2026-07-28T09:20:07.557Z","level":"info","component":"LiveWS","message":"[LiveWS] Client disconnected: %s [%d remaining] 98075bc9 7"}
{"timestamp":"2026-07-28T09:20:07.873Z","level":"info","component":"LiveWS","message":"[LiveWS] Client connected: %s (%s) [%d total] 97cabc8a 127.0.0.1 8"}
{"timestamp":"2026-07-28T09:20:09.553Z","level":"info","component":"LiveWS","message":"[LiveWS] Client connected: %s (%s) [%d total] bf1f3c06 127.0.0.1 9"}
{"timestamp":"2026-07-28T09:20:09.558Z","level":"info","component":"LiveWS","message":"[LiveWS] Client disconnected: %s [%d remaining] bf1f3c06 8"}
{"timestamp":"2026-07-28T09:20:09.873Z","level":"info","component":"LiveWS","message":"[LiveWS] Client connected: %s (%s) [%d total] 311f2200 127.0.0.1 9"}
{"timestamp":"2026-07-28T09:20:12.547Z","level":"info","component":"LiveWS","message":"[LiveWS] Client connected: %s (%s) [%d total] 472f7fe5 127.0.0.1 10"}
{"timestamp":"2026-07-28T09:20:12.551Z","level":"info","component":"LiveWS","message":"[LiveWS] Client disconnected: %s [%d remaining] 472f7fe5 9"}
{"timestamp":"2026-07-28T09:20:12.865Z","level":"info","component":"LiveWS","message":"[LiveWS] Client connected: %s (%s) [%d total] 18aacb00 127.0.0.1 10"}
{"timestamp":"2026-07-28T09:20:15.550Z","level":"info","component":"LiveWS","message":"[LiveWS] Client connected: %s (%s) [%d total] 29420b58 127.0.0.1 11"}
{"timestamp":"2026-07-28T09:20:15.554Z","level":"info","component":"LiveWS","message":"[LiveWS] Client disconnected: %s [%d remaining] 29420b58 10"}
{"timestamp":"2026-07-28T09:20:15.868Z","level":"info","component":"LiveWS","message":"[LiveWS] Client connected: %s (%s) [%d total] 2eb13125 127.0.0.1 11"}
{"timestamp":"2026-07-28T09:20:18.551Z","level":"info","component":"LiveWS","message":"[LiveWS] Client connected: %s (%s) [%d total] 26bc3836 127.0.0.1 12"}
{"timestamp":"2026-07-28T09:20:18.554Z","level":"info","component":"LiveWS","message":"[LiveWS] Client disconnected: %s [%d remaining] 26bc3836 11"}
{"timestamp":"2026-07-28T09:20:18.873Z","level":"info","component":"LiveWS","message":"[LiveWS] Client connected: %s (%s) [%d total] 8b1136f0 127.0.0.1 12"}
{"timestamp":"2026-07-28T09:20:20.595Z","level":"info","component":"LiveWS","message":"[LiveWS] Client disconnected: %s [%d remaining] c4bef987 8"}
{"timestamp":"2026-07-28T09:20:20.598Z","level":"info","component":"LiveWS","message":"[LiveWS] Client disconnected: %s [%d remaining] 8fd87fad 8"}
{"timestamp":"2026-07-28T09:20:20.600Z","level":"info","component":"LiveWS","message":"[LiveWS] Client disconnected: %s [%d remaining] 4df2fdca 8"}
{"timestamp":"2026-07-28T09:20:20.601Z","level":"info","component":"LiveWS","message":"[LiveWS] Client disconnected: %s [%d remaining] c6e66d4b 8"}
{"timestamp":"2026-07-28T09:20:21.548Z","level":"info","component":"LiveWS","message":"[LiveWS] Client connected: %s (%s) [%d total] 182b9cca 127.0.0.1 9"}
{"timestamp":"2026-07-28T09:20:21.552Z","level":"info","component":"LiveWS","message":"[LiveWS] Client disconnected: %s [%d remaining] 182b9cca 8"}
{"timestamp":"2026-07-28T09:20:21.867Z","level":"info","component":"LiveWS","message":"[LiveWS] Client connected: %s (%s) [%d total] a68b7dab 127.0.0.1 9"}
{"timestamp":"2026-07-28T09:20:22.548Z","level":"info","component":"LiveWS","message":"[LiveWS] Client connected: %s (%s) [%d total] 19bdeb58 127.0.0.1 10"}
{"timestamp":"2026-07-28T09:20:22.553Z","level":"info","component":"LiveWS","message":"[LiveWS] Client disconnected: %s [%d remaining] 19bdeb58 9"}
{"timestamp":"2026-07-28T09:20:22.867Z","level":"info","component":"LiveWS","message":"[LiveWS] Client connected: %s (%s) [%d total] 1e09da8a 127.0.0.1 10"}
{"timestamp":"2026-07-28T09:20:31.552Z","level":"info","component":"LiveWS","message":"[LiveWS] Client connected: %s (%s) [%d total] 2b2b1780 127.0.0.1 11"}
{"timestamp":"2026-07-28T09:20:31.556Z","level":"info","component":"LiveWS","message":"[LiveWS] Client disconnected: %s [%d remaining] 2b2b1780 10"}
{"timestamp":"2026-07-28T09:20:31.867Z","level":"info","component":"LiveWS","message":"[LiveWS] Client connected: %s (%s) [%d total] a1f06fb4 127.0.0.1 11"}
{"timestamp":"2026-07-28T09:20:34.555Z","level":"info","component":"LiveWS","message":"[LiveWS] Client connected: %s (%s) [%d total] f62353b5 127.0.0.1 12"}
{"timestamp":"2026-07-28T09:20:34.558Z","level":"info","component":"LiveWS","message":"[LiveWS] Client disconnected: %s [%d remaining] f62353b5 11"}
{"timestamp":"2026-07-28T09:20:34.870Z","level":"info","component":"LiveWS","message":"[LiveWS] Client connected: %s (%s) [%d total] cb5f3631 127.0.0.1 12"}
{"timestamp":"2026-07-28T09:20:35.600Z","level":"info","component":"LiveWS","message":"[LiveWS] Client disconnected: %s [%d remaining] 622b6c0a 9"}
{"timestamp":"2026-07-28T09:20:35.602Z","level":"info","component":"LiveWS","message":"[LiveWS] Client disconnected: %s [%d remaining] 13ca8acb 9"}
{"timestamp":"2026-07-28T09:20:35.604Z","level":"info","component":"LiveWS","message":"[LiveWS] Client disconnected: %s [%d remaining] fe59d4a3 9"}
{"timestamp":"2026-07-28T09:20:37.551Z","level":"info","component":"LiveWS","message":"[LiveWS] Client connected: %s (%s) [%d total] 818bb235 127.0.0.1 10"}
{"timestamp":"2026-07-28T09:20:37.555Z","level":"info","component":"LiveWS","message":"[LiveWS] Client disconnected: %s [%d remaining] 818bb235 9"}
{"timestamp":"2026-07-28T09:20:37.866Z","level":"info","component":"LiveWS","message":"[LiveWS] Client connected: %s (%s) [%d total] 13d68c49 127.0.0.1 10"}
{"timestamp":"2026-07-28T09:20:50.615Z","level":"info","component":"LiveWS","message":"[LiveWS] Client disconnected: %s [%d remaining] 18aacb00 7"}
{"timestamp":"2026-07-28T09:20:50.618Z","level":"info","component":"LiveWS","message":"[LiveWS] Client disconnected: %s [%d remaining] 311f2200 7"}
{"timestamp":"2026-07-28T09:20:50.620Z","level":"info","component":"LiveWS","message":"[LiveWS] Client disconnected: %s [%d remaining] 97cabc8a 7"}
{"timestamp":"2026-07-28T09:20:52.550Z","level":"info","component":"LiveWS","message":"[LiveWS] Client connected: %s (%s) [%d total] f502699d 127.0.0.1 8"}
{"timestamp":"2026-07-28T09:20:52.553Z","level":"info","component":"LiveWS","message":"[LiveWS] Client disconnected: %s [%d remaining] f502699d 7"}
{"timestamp":"2026-07-28T09:20:52.867Z","level":"info","component":"LiveWS","message":"[LiveWS] Client connected: %s (%s) [%d total] 9e78971a 127.0.0.1 8"}
{"timestamp":"2026-07-28T09:20:54.552Z","level":"info","component":"LiveWS","message":"[LiveWS] Client connected: %s (%s) [%d total] 75a9a0e2 127.0.0.1 9"}
{"timestamp":"2026-07-28T09:20:54.556Z","level":"info","component":"LiveWS","message":"[LiveWS] Client disconnected: %s [%d remaining] 75a9a0e2 8"}
{"timestamp":"2026-07-28T09:20:54.868Z","level":"info","component":"LiveWS","message":"[LiveWS] Client connected: %s (%s) [%d total] f0a2b41f 127.0.0.1 9"}
{"timestamp":"2026-07-28T09:20:57.547Z","level":"info","component":"LiveWS","message":"[LiveWS] Client connected: %s (%s) [%d total] aa71c213 127.0.0.1 10"}
{"timestamp":"2026-07-28T09:20:57.551Z","level":"info","component":"LiveWS","message":"[LiveWS] Client disconnected: %s [%d remaining] aa71c213 9"}
{"timestamp":"2026-07-28T09:20:57.865Z","level":"info","component":"LiveWS","message":"[LiveWS] Client connected: %s (%s) [%d total] 0b9968d6 127.0.0.1 10"}
{"timestamp":"2026-07-28T09:21:00.546Z","level":"info","component":"LiveWS","message":"[LiveWS] Client connected: %s (%s) [%d total] 261e3ea9 127.0.0.1 11"}
{"timestamp":"2026-07-28T09:21:00.549Z","level":"info","component":"LiveWS","message":"[LiveWS] Client disconnected: %s [%d remaining] 261e3ea9 10"}
{"timestamp":"2026-07-28T09:21:00.865Z","level":"info","component":"LiveWS","message":"[LiveWS] Client connected: %s (%s) [%d total] ef3f2f4d 127.0.0.1 11"}
{"timestamp":"2026-07-28T09:21:03.558Z","level":"info","component":"LiveWS","message":"[LiveWS] Client connected: %s (%s) [%d total] 78014869 127.0.0.1 12"}
{"timestamp":"2026-07-28T09:21:03.562Z","level":"info","component":"LiveWS","message":"[LiveWS] Client disconnected: %s [%d remaining] 78014869 11"}
{"timestamp":"2026-07-28T09:21:03.869Z","level":"info","component":"LiveWS","message":"[LiveWS] Client connected: %s (%s) [%d total] df377614 127.0.0.1 12"}
{"timestamp":"2026-07-28T09:21:05.626Z","level":"info","component":"LiveWS","message":"[LiveWS] Client disconnected: %s [%d remaining] 1e09da8a 8"}
{"timestamp":"2026-07-28T09:21:05.630Z","level":"info","component":"LiveWS","message":"[LiveWS] Client disconnected: %s [%d remaining] a68b7dab 8"}
{"timestamp":"2026-07-28T09:21:05.632Z","level":"info","component":"LiveWS","message":"[LiveWS] Client disconnected: %s [%d remaining] 8b1136f0 8"}
{"timestamp":"2026-07-28T09:21:05.633Z","level":"info","component":"LiveWS","message":"[LiveWS] Client disconnected: %s [%d remaining] 2eb13125 8"}
{"timestamp":"2026-07-28T09:21:06.548Z","level":"info","component":"LiveWS","message":"[LiveWS] Client connected: %s (%s) [%d total] 9c33eded 127.0.0.1 9"}
{"timestamp":"2026-07-28T09:21:06.552Z","level":"info","component":"LiveWS","message":"[LiveWS] Client disconnected: %s [%d remaining] 9c33eded 8"}
{"timestamp":"2026-07-28T09:21:06.868Z","level":"info","component":"LiveWS","message":"[LiveWS] Client connected: %s (%s) [%d total] f33f063c 127.0.0.1 9"}
{"timestamp":"2026-07-28T09:21:07.550Z","level":"info","component":"LiveWS","message":"[LiveWS] Client connected: %s (%s) [%d total] 3f0f213a 127.0.0.1 10"}
{"timestamp":"2026-07-28T09:21:07.553Z","level":"info","component":"LiveWS","message":"[LiveWS] Client disconnected: %s [%d remaining] 3f0f213a 9"}
{"timestamp":"2026-07-28T09:21:07.869Z","level":"info","component":"LiveWS","message":"[LiveWS] Client connected: %s (%s) [%d total] 7c8116a3 127.0.0.1 10"}
{"timestamp":"2026-07-28T09:21:16.552Z","level":"info","component":"LiveWS","message":"[LiveWS] Client connected: %s (%s) [%d total] 628c49d8 127.0.0.1 11"}
{"timestamp":"2026-07-28T09:21:16.557Z","level":"info","component":"LiveWS","message":"[LiveWS] Client disconnected: %s [%d remaining] 628c49d8 10"}
{"timestamp":"2026-07-28T09:21:16.868Z","level":"info","component":"LiveWS","message":"[LiveWS] Client connected: %s (%s) [%d total] 9649fcc9 127.0.0.1 11"}
{"timestamp":"2026-07-28T09:21:19.551Z","level":"info","component":"LiveWS","message":"[LiveWS] Client connected: %s (%s) [%d total] 5a7d8aab 127.0.0.1 12"}
{"timestamp":"2026-07-28T09:21:19.555Z","level":"info","component":"LiveWS","message":"[LiveWS] Client disconnected: %s [%d remaining] 5a7d8aab 11"}
{"timestamp":"2026-07-28T09:21:19.868Z","level":"info","component":"LiveWS","message":"[LiveWS] Client connected: %s (%s) [%d total] cdfba394 127.0.0.1 12"}
{"timestamp":"2026-07-28T09:21:20.629Z","level":"info","component":"LiveWS","message":"[LiveWS] Client disconnected: %s [%d remaining] 13d68c49 9"}
{"timestamp":"2026-07-28T09:21:20.633Z","level":"info","component":"LiveWS","message":"[LiveWS] Client disconnected: %s [%d remaining] cb5f3631 9"}
{"timestamp":"2026-07-28T09:21:20.635Z","level":"info","component":"LiveWS","message":"[LiveWS] Client disconnected: %s [%d remaining] a1f06fb4 9"}
{"timestamp":"2026-07-28T09:21:22.554Z","level":"info","component":"LiveWS","message":"[LiveWS] Client connected: %s (%s) [%d total] 39b5619f 127.0.0.1 10"}
{"timestamp":"2026-07-28T09:21:22.557Z","level":"info","component":"LiveWS","message":"[LiveWS] Client disconnected: %s [%d remaining] 39b5619f 9"}
{"timestamp":"2026-07-28T09:21:22.870Z","level":"info","component":"LiveWS","message":"[LiveWS] Client connected: %s (%s) [%d total] dffff3cf 127.0.0.1 10"}
{"timestamp":"2026-07-28T09:21:35.630Z","level":"info","component":"LiveWS","message":"[LiveWS] Client disconnected: %s [%d remaining] 0b9968d6 7"}
{"timestamp":"2026-07-28T09:21:35.632Z","level":"info","component":"LiveWS","message":"[LiveWS] Client disconnected: %s [%d remaining] f0a2b41f 7"}
{"timestamp":"2026-07-28T09:21:35.634Z","level":"info","component":"LiveWS","message":"[LiveWS] Client disconnected: %s [%d remaining] 9e78971a 7"}
{"timestamp":"2026-07-28T09:21:37.545Z","level":"info","component":"LiveWS","message":"[LiveWS] Client connected: %s (%s) [%d total] 3f02f9e9 127.0.0.1 8"}
{"timestamp":"2026-07-28T09:21:37.549Z","level":"info","component":"LiveWS","message":"[LiveWS] Client disconnected: %s [%d remaining] 3f02f9e9 7"}
{"timestamp":"2026-07-28T09:21:37.862Z","level":"info","component":"LiveWS","message":"[LiveWS] Client connected: %s (%s) [%d total] d91808f2 127.0.0.1 8"}
{"timestamp":"2026-07-28T09:21:39.549Z","level":"info","component":"LiveWS","message":"[LiveWS] Client connected: %s (%s) [%d total] fe18b454 127.0.0.1 9"}
{"timestamp":"2026-07-28T09:21:39.553Z","level":"info","component":"LiveWS","message":"[LiveWS] Client disconnected: %s [%d remaining] fe18b454 8"}
{"timestamp":"2026-07-28T09:21:39.865Z","level":"info","component":"LiveWS","message":"[LiveWS] Client connected: %s (%s) [%d total] 7ba07c6f 127.0.0.1 9"}
{"timestamp":"2026-07-28T09:21:42.552Z","level":"info","component":"LiveWS","message":"[LiveWS] Client connected: %s (%s) [%d total] cc514590 127.0.0.1 10"}
{"timestamp":"2026-07-28T09:21:42.555Z","level":"info","component":"LiveWS","message":"[LiveWS] Client disconnected: %s [%d remaining] cc514590 9"}
{"timestamp":"2026-07-28T09:21:42.870Z","level":"info","component":"LiveWS","message":"[LiveWS] Client connected: %s (%s) [%d total] 370f7e02 127.0.0.1 10"}
{"timestamp":"2026-07-28T09:21:45.559Z","level":"info","component":"LiveWS","message":"[LiveWS] Client connected: %s (%s) [%d total] 17387f87 127.0.0.1 11"}
{"timestamp":"2026-07-28T09:21:45.563Z","level":"info","component":"LiveWS","message":"[LiveWS] Client disconnected: %s [%d remaining] 17387f87 10"}
{"timestamp":"2026-07-28T09:21:45.876Z","level":"info","component":"LiveWS","message":"[LiveWS] Client connected: %s (%s) [%d total] df5c819c 127.0.0.1 11"}
{"timestamp":"2026-07-28T09:21:48.546Z","level":"info","component":"LiveWS","message":"[LiveWS] Client connected: %s (%s) [%d total] 089a205f 127.0.0.1 12"}
{"timestamp":"2026-07-28T09:21:48.549Z","level":"info","component":"LiveWS","message":"[LiveWS] Client disconnected: %s [%d remaining] 089a205f 11"}
{"timestamp":"2026-07-28T09:21:48.864Z","level":"info","component":"LiveWS","message":"[LiveWS] Client connected: %s (%s) [%d total] db424158 127.0.0.1 12"}
{"timestamp":"2026-07-28T09:21:50.639Z","level":"info","component":"LiveWS","message":"[LiveWS] Client disconnected: %s [%d remaining] 7c8116a3 8"}
{"timestamp":"2026-07-28T09:21:50.642Z","level":"info","component":"LiveWS","message":"[LiveWS] Client disconnected: %s [%d remaining] f33f063c 8"}
{"timestamp":"2026-07-28T09:21:50.644Z","level":"info","component":"LiveWS","message":"[LiveWS] Client disconnected: %s [%d remaining] df377614 8"}
{"timestamp":"2026-07-28T09:21:50.646Z","level":"info","component":"LiveWS","message":"[LiveWS] Client disconnected: %s [%d remaining] ef3f2f4d 8"}
{"timestamp":"2026-07-28T09:21:51.545Z","level":"info","component":"LiveWS","message":"[LiveWS] Client connected: %s (%s) [%d total] 15ac3276 127.0.0.1 9"}
{"timestamp":"2026-07-28T09:21:51.549Z","level":"info","component":"LiveWS","message":"[LiveWS] Client disconnected: %s [%d remaining] 15ac3276 8"}
{"timestamp":"2026-07-28T09:21:51.863Z","level":"info","component":"LiveWS","message":"[LiveWS] Client connected: %s (%s) [%d total] bf6a7350 127.0.0.1 9"}
{"timestamp":"2026-07-28T09:21:52.544Z","level":"info","component":"LiveWS","message":"[LiveWS] Client connected: %s (%s) [%d total] 9bb561ab 127.0.0.1 10"}
{"timestamp":"2026-07-28T09:21:52.548Z","level":"info","component":"LiveWS","message":"[LiveWS] Client disconnected: %s [%d remaining] 9bb561ab 9"}
{"timestamp":"2026-07-28T09:21:52.862Z","level":"info","component":"LiveWS","message":"[LiveWS] Client connected: %s (%s) [%d total] b3cd32b6 127.0.0.1 10"}
{"timestamp":"2026-07-28T09:22:01.547Z","level":"info","component":"LiveWS","message":"[LiveWS] Client connected: %s (%s) [%d total] 3427a624 127.0.0.1 11"}
{"timestamp":"2026-07-28T09:22:01.551Z","level":"info","component":"LiveWS","message":"[LiveWS] Client disconnected: %s [%d remaining] 3427a624 10"}
{"timestamp":"2026-07-28T09:22:01.863Z","level":"info","component":"LiveWS","message":"[LiveWS] Client connected: %s (%s) [%d total] ec8aa9a7 127.0.0.1 11"}
{"timestamp":"2026-07-28T09:22:04.547Z","level":"info","component":"LiveWS","message":"[LiveWS] Client connected: %s (%s) [%d total] 967e8398 127.0.0.1 12"}
{"timestamp":"2026-07-28T09:22:04.551Z","level":"info","component":"LiveWS","message":"[LiveWS] Client disconnected: %s [%d remaining] 967e8398 11"}
{"timestamp":"2026-07-28T09:22:04.862Z","level":"info","component":"LiveWS","message":"[LiveWS] Client connected: %s (%s) [%d total] 48a7b737 127.0.0.1 12"}
{"timestamp":"2026-07-28T09:22:05.639Z","level":"info","component":"LiveWS","message":"[LiveWS] Client disconnected: %s [%d remaining] dffff3cf 9"}
{"timestamp":"2026-07-28T09:22:05.642Z","level":"info","component":"LiveWS","message":"[LiveWS] Client disconnected: %s [%d remaining] cdfba394 9"}
{"timestamp":"2026-07-28T09:22:05.645Z","level":"info","component":"LiveWS","message":"[LiveWS] Client disconnected: %s [%d remaining] 9649fcc9 9"}
{"timestamp":"2026-07-28T09:22:07.545Z","level":"info","component":"LiveWS","message":"[LiveWS] Client connected: %s (%s) [%d total] 8cf8be50 127.0.0.1 10"}
{"timestamp":"2026-07-28T09:22:07.549Z","level":"info","component":"LiveWS","message":"[LiveWS] Client disconnected: %s [%d remaining] 8cf8be50 9"}
{"timestamp":"2026-07-28T09:22:07.861Z","level":"info","component":"LiveWS","message":"[LiveWS] Client connected: %s (%s) [%d total] 8b12e4bd 127.0.0.1 10"}
{"timestamp":"2026-07-28T09:22:20.639Z","level":"info","component":"LiveWS","message":"[LiveWS] Client disconnected: %s [%d remaining] 370f7e02 7"}
{"timestamp":"2026-07-28T09:22:20.641Z","level":"info","component":"LiveWS","message":"[LiveWS] Client disconnected: %s [%d remaining] 7ba07c6f 7"}
{"timestamp":"2026-07-28T09:22:20.643Z","level":"info","component":"LiveWS","message":"[LiveWS] Client disconnected: %s [%d remaining] d91808f2 7"}
{"timestamp":"2026-07-28T09:22:22.548Z","level":"info","component":"LiveWS","message":"[LiveWS] Client connected: %s (%s) [%d total] 6704ab6b 127.0.0.1 8"}
{"timestamp":"2026-07-28T09:22:22.553Z","level":"info","component":"LiveWS","message":"[LiveWS] Client disconnected: %s [%d remaining] 6704ab6b 7"}
{"timestamp":"2026-07-28T09:22:35.638Z","level":"info","component":"LiveWS","message":"[LiveWS] Client disconnected: %s [%d remaining] b3cd32b6 3"}
{"timestamp":"2026-07-28T09:22:35.641Z","level":"info","component":"LiveWS","message":"[LiveWS] Client disconnected: %s [%d remaining] bf6a7350 3"}
{"timestamp":"2026-07-28T09:22:35.643Z","level":"info","component":"LiveWS","message":"[LiveWS] Client disconnected: %s [%d remaining] db424158 3"}
{"timestamp":"2026-07-28T09:22:35.645Z","level":"info","component":"LiveWS","message":"[LiveWS] Client disconnected: %s [%d remaining] df5c819c 3"}
{"timestamp":"2026-07-28T09:22:50.642Z","level":"info","component":"LiveWS","message":"[LiveWS] Client disconnected: %s [%d remaining] 8b12e4bd 0"}
{"timestamp":"2026-07-28T09:22:50.645Z","level":"info","component":"LiveWS","message":"[LiveWS] Client disconnected: %s [%d remaining] 48a7b737 0"}
{"timestamp":"2026-07-28T09:22:50.646Z","level":"info","component":"LiveWS","message":"[LiveWS] Client disconnected: %s [%d remaining] ec8aa9a7 0"}
{"timestamp":"2026-07-28T09:23:19.384Z","level":"info","component":"LiveWS","message":"[LiveWS] Client connected: %s (%s) [%d total] 512c2114 127.0.0.1 1"}
{"timestamp":"2026-07-28T09:23:19.862Z","level":"info","component":"LiveWS","message":"[LiveWS] Client connected: %s (%s) [%d total] 799d4ae8 127.0.0.1 2"}
{"timestamp":"2026-07-28T09:23:19.903Z","level":"info","component":"LiveWS","message":"[LiveWS] Client connected: %s (%s) [%d total] ca3863d4 127.0.0.1 3"}
{"timestamp":"2026-07-28T09:23:20.192Z","level":"info","component":"LiveWS","message":"[LiveWS] Client connected: %s (%s) [%d total] dbf6d528 127.0.0.1 4"}
{"timestamp":"2026-07-28T09:23:50.549Z","level":"info","component":"LiveWS","message":"[LiveWS] Client connected: %s (%s) [%d total] 2a508e87 127.0.0.1 5"}
{"timestamp":"2026-07-28T09:23:50.552Z","level":"info","component":"LiveWS","message":"[LiveWS] Client disconnected: %s [%d remaining] 2a508e87 4"}
{"timestamp":"2026-07-28T09:23:50.870Z","level":"info","component":"LiveWS","message":"[LiveWS] Client connected: %s (%s) [%d total] 53d15a7f 127.0.0.1 5"}
{"timestamp":"2026-07-28T09:23:53.552Z","level":"info","component":"LiveWS","message":"[LiveWS] Client connected: %s (%s) [%d total] 63963b30 127.0.0.1 6"}
{"timestamp":"2026-07-28T09:23:53.556Z","level":"info","component":"LiveWS","message":"[LiveWS] Client disconnected: %s [%d remaining] 63963b30 5"}
{"timestamp":"2026-07-28T09:23:53.871Z","level":"info","component":"LiveWS","message":"[LiveWS] Client connected: %s (%s) [%d total] 5ccc8531 127.0.0.1 6"}
{"timestamp":"2026-07-28T09:23:56.556Z","level":"info","component":"LiveWS","message":"[LiveWS] Client connected: %s (%s) [%d total] e9cceab3 127.0.0.1 7"}
{"timestamp":"2026-07-28T09:23:56.561Z","level":"info","component":"LiveWS","message":"[LiveWS] Client disconnected: %s [%d remaining] e9cceab3 6"}
{"timestamp":"2026-07-28T09:23:56.875Z","level":"info","component":"LiveWS","message":"[LiveWS] Client connected: %s (%s) [%d total] 43981c42 127.0.0.1 7"}
{"timestamp":"2026-07-28T09:23:59.549Z","level":"info","component":"LiveWS","message":"[LiveWS] Client connected: %s (%s) [%d total] 949b13dd 127.0.0.1 8"}
{"timestamp":"2026-07-28T09:23:59.552Z","level":"info","component":"LiveWS","message":"[LiveWS] Client disconnected: %s [%d remaining] 949b13dd 7"}
{"timestamp":"2026-07-28T09:23:59.868Z","level":"info","component":"LiveWS","message":"[LiveWS] Client connected: %s (%s) [%d total] d1bf1766 127.0.0.1 8"}
{"timestamp":"2026-07-28T09:24:02.552Z","level":"info","component":"LiveWS","message":"[LiveWS] Client connected: %s (%s) [%d total] 1a08c1ff 127.0.0.1 9"}
{"timestamp":"2026-07-28T09:24:02.554Z","level":"info","component":"LiveWS","message":"[LiveWS] Client disconnected: %s [%d remaining] 1a08c1ff 8"}
{"timestamp":"2026-07-28T09:24:02.871Z","level":"info","component":"LiveWS","message":"[LiveWS] Client connected: %s (%s) [%d total] 37c13f8c 127.0.0.1 9"}
{"timestamp":"2026-07-28T09:24:04.257Z","level":"info","component":"LiveWS","message":"[LiveWS] Client disconnected: %s [%d remaining] dbf6d528 5"}
{"timestamp":"2026-07-28T09:24:04.259Z","level":"info","component":"LiveWS","message":"[LiveWS] Client disconnected: %s [%d remaining] ca3863d4 5"}
{"timestamp":"2026-07-28T09:24:04.261Z","level":"info","component":"LiveWS","message":"[LiveWS] Client disconnected: %s [%d remaining] 799d4ae8 5"}
{"timestamp":"2026-07-28T09:24:04.262Z","level":"info","component":"LiveWS","message":"[LiveWS] Client disconnected: %s [%d remaining] 512c2114 5"}
{"timestamp":"2026-07-28T09:24:05.549Z","level":"info","component":"LiveWS","message":"[LiveWS] Client connected: %s (%s) [%d total] d4137db0 127.0.0.1 6"}
{"timestamp":"2026-07-28T09:24:05.552Z","level":"info","component":"LiveWS","message":"[LiveWS] Client disconnected: %s [%d remaining] d4137db0 5"}
{"timestamp":"2026-07-28T09:24:05.868Z","level":"info","component":"LiveWS","message":"[LiveWS] Client connected: %s (%s) [%d total] c106b7ac 127.0.0.1 6"}
{"timestamp":"2026-07-28T09:24:07.549Z","level":"info","component":"LiveWS","message":"[LiveWS] Client connected: %s (%s) [%d total] b1bb025f 127.0.0.1 7"}
{"timestamp":"2026-07-28T09:24:07.552Z","level":"info","component":"LiveWS","message":"[LiveWS] Client disconnected: %s [%d remaining] b1bb025f 6"}
{"timestamp":"2026-07-28T09:24:07.868Z","level":"info","component":"LiveWS","message":"[LiveWS] Client connected: %s (%s) [%d total] 616d3e4b 127.0.0.1 7"}
{"timestamp":"2026-07-28T09:24:10.557Z","level":"info","component":"LiveWS","message":"[LiveWS] Client connected: %s (%s) [%d total] 179f4138 127.0.0.1 8"}
{"timestamp":"2026-07-28T09:24:10.560Z","level":"info","component":"LiveWS","message":"[LiveWS] Client disconnected: %s [%d remaining] 179f4138 7"}
{"timestamp":"2026-07-28T09:24:10.876Z","level":"info","component":"LiveWS","message":"[LiveWS] Client connected: %s (%s) [%d total] 7c76d0ee 127.0.0.1 8"}
{"timestamp":"2026-07-28T09:24:13.529Z","level":"info","component":"LiveWS","message":"[LiveWS] Client connected: %s (%s) [%d total] d566975c 127.0.0.1 9"}
{"timestamp":"2026-07-28T09:24:13.531Z","level":"info","component":"LiveWS","message":"[LiveWS] Client disconnected: %s [%d remaining] d566975c 8"}
{"timestamp":"2026-07-28T09:24:13.850Z","level":"info","component":"LiveWS","message":"[LiveWS] Client connected: %s (%s) [%d total] bb8f4d34 127.0.0.1 9"}
{"timestamp":"2026-07-28T09:24:16.531Z","level":"info","component":"LiveWS","message":"[LiveWS] Client connected: %s (%s) [%d total] 0609d5bd 127.0.0.1 10"}
{"timestamp":"2026-07-28T09:24:16.533Z","level":"info","component":"LiveWS","message":"[LiveWS] Client disconnected: %s [%d remaining] 0609d5bd 9"}
{"timestamp":"2026-07-28T09:24:16.837Z","level":"info","component":"LiveWS","message":"[LiveWS] Client connected: %s (%s) [%d total] b1bfd02f 127.0.0.1 10"}
{"timestamp":"2026-07-28T09:24:19.543Z","level":"info","component":"LiveWS","message":"[LiveWS] Client connected: %s (%s) [%d total] 65612fe5 127.0.0.1 11"}
{"timestamp":"2026-07-28T09:24:19.545Z","level":"info","component":"LiveWS","message":"[LiveWS] Client disconnected: %s [%d remaining] 65612fe5 10"}
{"timestamp":"2026-07-28T09:24:19.853Z","level":"info","component":"LiveWS","message":"[LiveWS] Client connected: %s (%s) [%d total] 22baa125 127.0.0.1 11"}
{"timestamp":"2026-07-28T09:24:22.538Z","level":"info","component":"LiveWS","message":"[LiveWS] Client connected: %s (%s) [%d total] a917655a 127.0.0.1 12"}
{"timestamp":"2026-07-28T09:24:22.541Z","level":"info","component":"LiveWS","message":"[LiveWS] Client disconnected: %s [%d remaining] a917655a 11"}
{"timestamp":"2026-07-28T09:24:22.858Z","level":"info","component":"LiveWS","message":"[LiveWS] Client connected: %s (%s) [%d total] f054dad3 127.0.0.1 12"}
{"timestamp":"2026-07-28T09:24:25.543Z","level":"info","component":"LiveWS","message":"[LiveWS] Client connected: %s (%s) [%d total] 34d4d87b 127.0.0.1 13"}
{"timestamp":"2026-07-28T09:24:25.546Z","level":"info","component":"LiveWS","message":"[LiveWS] Client disconnected: %s [%d remaining] 34d4d87b 12"}
{"timestamp":"2026-07-28T09:24:25.864Z","level":"info","component":"LiveWS","message":"[LiveWS] Client connected: %s (%s) [%d total] dc61078c 127.0.0.1 13"}
{"timestamp":"2026-07-28T09:24:28.552Z","level":"info","component":"LiveWS","message":"[LiveWS] Client connected: %s (%s) [%d total] 056e2c70 127.0.0.1 14"}
{"timestamp":"2026-07-28T09:24:28.555Z","level":"info","component":"LiveWS","message":"[LiveWS] Client disconnected: %s [%d remaining] 056e2c70 13"}
{"timestamp":"2026-07-28T09:24:28.870Z","level":"info","component":"LiveWS","message":"[LiveWS] Client connected: %s (%s) [%d total] 49fc975f 127.0.0.1 14"}
{"timestamp":"2026-07-28T09:24:31.553Z","level":"info","component":"LiveWS","message":"[LiveWS] Client connected: %s (%s) [%d total] 292165b3 127.0.0.1 15"}
{"timestamp":"2026-07-28T09:24:31.557Z","level":"info","component":"LiveWS","message":"[LiveWS] Client disconnected: %s [%d remaining] 292165b3 14"}
{"timestamp":"2026-07-28T09:24:31.866Z","level":"info","component":"LiveWS","message":"[LiveWS] Client connected: %s (%s) [%d total] 87d29731 127.0.0.1 15"}
{"timestamp":"2026-07-28T09:24:34.270Z","level":"info","component":"LiveWS","message":"[LiveWS] Client disconnected: %s [%d remaining] 43981c42 12"}
{"timestamp":"2026-07-28T09:24:34.271Z","level":"info","component":"LiveWS","message":"[LiveWS] Client disconnected: %s [%d remaining] 5ccc8531 12"}
{"timestamp":"2026-07-28T09:24:34.273Z","level":"info","component":"LiveWS","message":"[LiveWS] Client disconnected: %s [%d remaining] 53d15a7f 12"}
{"timestamp":"2026-07-28T09:24:34.559Z","level":"info","component":"LiveWS","message":"[LiveWS] Client connected: %s (%s) [%d total] 732c6cda 127.0.0.1 13"}
{"timestamp":"2026-07-28T09:24:34.879Z","level":"info","component":"LiveWS","message":"[LiveWS] Client connected: %s (%s) [%d total] a53c1b43 127.0.0.1 14"}
{"timestamp":"2026-07-28T09:24:35.231Z","level":"info","component":"LiveWS","message":"[LiveWS] Client disconnected: %s [%d remaining] a53c1b43 13"}
{"timestamp":"2026-07-28T09:24:35.535Z","level":"info","component":"LiveWS","message":"[LiveWS] Client connected: %s (%s) [%d total] 61dd0014 127.0.0.1 14"}
{"timestamp":"2026-07-28T09:24:35.856Z","level":"info","component":"LiveWS","message":"[LiveWS] Client connected: %s (%s) [%d total] 359eb031 127.0.0.1 15"}
{"timestamp":"2026-07-28T09:24:36.239Z","level":"info","component":"LiveWS","message":"[LiveWS] Client disconnected: %s [%d remaining] 359eb031 14"}
{"timestamp":"2026-07-28T09:24:36.558Z","level":"info","component":"LiveWS","message":"[LiveWS] Client connected: %s (%s) [%d total] 617680a9 127.0.0.1 15"}
{"timestamp":"2026-07-28T09:24:36.877Z","level":"info","component":"LiveWS","message":"[LiveWS] Client connected: %s (%s) [%d total] 7190ca76 127.0.0.1 16"}
{"timestamp":"2026-07-28T09:24:49.279Z","level":"info","component":"LiveWS","message":"[LiveWS] Client disconnected: %s [%d remaining] bb8f4d34 10"}
{"timestamp":"2026-07-28T09:24:49.281Z","level":"info","component":"LiveWS","message":"[LiveWS] Client disconnected: %s [%d remaining] 7c76d0ee 10"}
{"timestamp":"2026-07-28T09:24:49.282Z","level":"info","component":"LiveWS","message":"[LiveWS] Client disconnected: %s [%d remaining] 616d3e4b 10"}
{"timestamp":"2026-07-28T09:24:49.284Z","level":"info","component":"LiveWS","message":"[LiveWS] Client disconnected: %s [%d remaining] c106b7ac 10"}
{"timestamp":"2026-07-28T09:24:49.285Z","level":"info","component":"LiveWS","message":"[LiveWS] Client disconnected: %s [%d remaining] 37c13f8c 10"}
{"timestamp":"2026-07-28T09:24:49.286Z","level":"info","component":"LiveWS","message":"[LiveWS] Client disconnected: %s [%d remaining] d1bf1766 10"}
{"timestamp":"2026-07-28T09:24:51.544Z","level":"info","component":"LiveWS","message":"[LiveWS] Client connected: %s (%s) [%d total] c11e795c 127.0.0.1 11"}
{"timestamp":"2026-07-28T09:24:51.862Z","level":"info","component":"LiveWS","message":"[LiveWS] Client connected: %s (%s) [%d total] 95ad94c2 127.0.0.1 12"}
{"timestamp":"2026-07-28T09:25:04.276Z","level":"info","component":"LiveWS","message":"[LiveWS] Client disconnected: %s [%d remaining] 49fc975f 7"}
{"timestamp":"2026-07-28T09:25:04.278Z","level":"info","component":"LiveWS","message":"[LiveWS] Client disconnected: %s [%d remaining] dc61078c 7"}
{"timestamp":"2026-07-28T09:25:04.279Z","level":"info","component":"LiveWS","message":"[LiveWS] Client disconnected: %s [%d remaining] f054dad3 7"}
{"timestamp":"2026-07-28T09:25:04.280Z","level":"info","component":"LiveWS","message":"[LiveWS] Client disconnected: %s [%d remaining] 22baa125 7"}
{"timestamp":"2026-07-28T09:25:04.283Z","level":"info","component":"LiveWS","message":"[LiveWS] Client disconnected: %s [%d remaining] b1bfd02f 7"}
{"timestamp":"2026-07-28T09:25:06.546Z","level":"info","component":"LiveWS","message":"[LiveWS] Client connected: %s (%s) [%d total] 41b36350 127.0.0.1 8"}
{"timestamp":"2026-07-28T09:25:06.550Z","level":"info","component":"LiveWS","message":"[LiveWS] Client disconnected: %s [%d remaining] 41b36350 7"}
{"timestamp":"2026-07-28T09:25:06.865Z","level":"info","component":"LiveWS","message":"[LiveWS] Client connected: %s (%s) [%d total] 910fd95f 127.0.0.1 8"}
{"timestamp":"2026-07-28T09:25:19.287Z","level":"info","component":"LiveWS","message":"[LiveWS] Client disconnected: %s [%d remaining] 7190ca76 3"}
{"timestamp":"2026-07-28T09:25:19.290Z","level":"info","component":"LiveWS","message":"[LiveWS] Client disconnected: %s [%d remaining] 617680a9 3"}
{"timestamp":"2026-07-28T09:25:19.291Z","level":"info","component":"LiveWS","message":"[LiveWS] Client disconnected: %s [%d remaining] 61dd0014 3"}
{"timestamp":"2026-07-28T09:25:19.293Z","level":"info","component":"LiveWS","message":"[LiveWS] Client disconnected: %s [%d remaining] 732c6cda 3"}
{"timestamp":"2026-07-28T09:25:19.294Z","level":"info","component":"LiveWS","message":"[LiveWS] Client disconnected: %s [%d remaining] 87d29731 3"}
{"timestamp":"2026-07-28T09:25:21.557Z","level":"info","component":"LiveWS","message":"[LiveWS] Client connected: %s (%s) [%d total] 1c947d75 127.0.0.1 4"}
{"timestamp":"2026-07-28T09:25:21.561Z","level":"info","component":"LiveWS","message":"[LiveWS] Client disconnected: %s [%d remaining] 1c947d75 3"}
{"timestamp":"2026-07-28T09:25:21.878Z","level":"info","component":"LiveWS","message":"[LiveWS] Client connected: %s (%s) [%d total] f3a94511 127.0.0.1 4"}
{"timestamp":"2026-07-28T09:25:22.536Z","level":"info","component":"LiveWS","message":"[LiveWS] Client connected: %s (%s) [%d total] a0be70c3 127.0.0.1 5"}
{"timestamp":"2026-07-28T09:25:22.540Z","level":"info","component":"LiveWS","message":"[LiveWS] Client disconnected: %s [%d remaining] a0be70c3 4"}
{"timestamp":"2026-07-28T09:25:22.856Z","level":"info","component":"LiveWS","message":"[LiveWS] Client connected: %s (%s) [%d total] 6a89506a 127.0.0.1 5"}
{"timestamp":"2026-07-28T09:25:24.534Z","level":"info","component":"LiveWS","message":"[LiveWS] Client connected: %s (%s) [%d total] 0d663ba1 127.0.0.1 6"}
{"timestamp":"2026-07-28T09:25:24.537Z","level":"info","component":"LiveWS","message":"[LiveWS] Client disconnected: %s [%d remaining] 0d663ba1 5"}
{"timestamp":"2026-07-28T09:25:24.852Z","level":"info","component":"LiveWS","message":"[LiveWS] Client connected: %s (%s) [%d total] c3f1ad71 127.0.0.1 6"}
{"timestamp":"2026-07-28T09:25:27.556Z","level":"info","component":"LiveWS","message":"[LiveWS] Client connected: %s (%s) [%d total] b579b980 127.0.0.1 7"}
{"timestamp":"2026-07-28T09:25:27.560Z","level":"info","component":"LiveWS","message":"[LiveWS] Client disconnected: %s [%d remaining] b579b980 6"}
{"timestamp":"2026-07-28T09:25:27.876Z","level":"info","component":"LiveWS","message":"[LiveWS] Client connected: %s (%s) [%d total] 9c3e6495 127.0.0.1 7"}
{"timestamp":"2026-07-28T09:25:30.546Z","level":"info","component":"LiveWS","message":"[LiveWS] Client connected: %s (%s) [%d total] 9fecb93e 127.0.0.1 8"}
{"timestamp":"2026-07-28T09:25:30.550Z","level":"info","component":"LiveWS","message":"[LiveWS] Client disconnected: %s [%d remaining] 9fecb93e 7"}
{"timestamp":"2026-07-28T09:25:30.866Z","level":"info","component":"LiveWS","message":"[LiveWS] Client connected: %s (%s) [%d total] e61b89c1 127.0.0.1 8"}
{"timestamp":"2026-07-28T09:25:33.546Z","level":"info","component":"LiveWS","message":"[LiveWS] Client connected: %s (%s) [%d total] 9d82e5a2 127.0.0.1 9"}
{"timestamp":"2026-07-28T09:25:33.549Z","level":"info","component":"LiveWS","message":"[LiveWS] Client disconnected: %s [%d remaining] 9d82e5a2 8"}
{"timestamp":"2026-07-28T09:25:33.864Z","level":"info","component":"LiveWS","message":"[LiveWS] Client connected: %s (%s) [%d total] 9f6ce769 127.0.0.1 9"}
{"timestamp":"2026-07-28T09:25:34.293Z","level":"info","component":"LiveWS","message":"[LiveWS] Client disconnected: %s [%d remaining] 95ad94c2 7"}
{"timestamp":"2026-07-28T09:25:34.294Z","level":"info","component":"LiveWS","message":"[LiveWS] Client disconnected: %s [%d remaining] c11e795c 7"}
{"timestamp":"2026-07-28T09:25:36.550Z","level":"info","component":"LiveWS","message":"[LiveWS] Client connected: %s (%s) [%d total] c571d509 127.0.0.1 8"}
{"timestamp":"2026-07-28T09:25:36.553Z","level":"info","component":"LiveWS","message":"[LiveWS] Client disconnected: %s [%d remaining] c571d509 7"}
{"timestamp":"2026-07-28T09:25:36.870Z","level":"info","component":"LiveWS","message":"[LiveWS] Client connected: %s (%s) [%d total] caec1415 127.0.0.1 8"}
{"timestamp":"2026-07-28T09:25:37.557Z","level":"info","component":"LiveWS","message":"[LiveWS] Client connected: %s (%s) [%d total] 308b0025 127.0.0.1 9"}
{"timestamp":"2026-07-28T09:25:37.561Z","level":"info","component":"LiveWS","message":"[LiveWS] Client disconnected: %s [%d remaining] 308b0025 8"}
{"timestamp":"2026-07-28T09:25:37.875Z","level":"info","component":"LiveWS","message":"[LiveWS] Client connected: %s (%s) [%d total] 753eeaef 127.0.0.1 9"}
{"timestamp":"2026-07-28T09:25:40.560Z","level":"info","component":"LiveWS","message":"[LiveWS] Client connected: %s (%s) [%d total] ca1c35d8 127.0.0.1 10"}
{"timestamp":"2026-07-28T09:25:40.563Z","level":"info","component":"LiveWS","message":"[LiveWS] Client disconnected: %s [%d remaining] ca1c35d8 9"}
{"timestamp":"2026-07-28T09:25:40.880Z","level":"info","component":"LiveWS","message":"[LiveWS] Client connected: %s (%s) [%d total] c03e01e4 127.0.0.1 10"}
{"timestamp":"2026-07-28T09:25:43.547Z","level":"info","component":"LiveWS","message":"[LiveWS] Client connected: %s (%s) [%d total] 40c505ba 127.0.0.1 11"}
{"timestamp":"2026-07-28T09:25:43.550Z","level":"info","component":"LiveWS","message":"[LiveWS] Client disconnected: %s [%d remaining] 40c505ba 10"}
{"timestamp":"2026-07-28T09:25:43.867Z","level":"info","component":"LiveWS","message":"[LiveWS] Client connected: %s (%s) [%d total] 6c5d39b2 127.0.0.1 11"}
{"timestamp":"2026-07-28T09:25:46.550Z","level":"info","component":"LiveWS","message":"[LiveWS] Client connected: %s (%s) [%d total] b3a8cb8c 127.0.0.1 12"}
{"timestamp":"2026-07-28T09:25:46.554Z","level":"info","component":"LiveWS","message":"[LiveWS] Client disconnected: %s [%d remaining] b3a8cb8c 11"}
{"timestamp":"2026-07-28T09:25:46.870Z","level":"info","component":"LiveWS","message":"[LiveWS] Client connected: %s (%s) [%d total] dbd9f7a8 127.0.0.1 12"}
{"timestamp":"2026-07-28T09:25:49.296Z","level":"info","component":"LiveWS","message":"[LiveWS] Client disconnected: %s [%d remaining] 910fd95f 11"}
{"timestamp":"2026-07-28T09:25:49.553Z","level":"info","component":"LiveWS","message":"[LiveWS] Client connected: %s (%s) [%d total] ece9b370 127.0.0.1 12"}
{"timestamp":"2026-07-28T09:25:49.873Z","level":"info","component":"LiveWS","message":"[LiveWS] Client connected: %s (%s) [%d total] 5cc31ce4 127.0.0.1 13"}
{"timestamp":"2026-07-28T09:26:04.297Z","level":"info","component":"LiveWS","message":"[LiveWS] Client disconnected: %s [%d remaining] 9c3e6495 9"}
{"timestamp":"2026-07-28T09:26:04.300Z","level":"info","component":"LiveWS","message":"[LiveWS] Client disconnected: %s [%d remaining] c3f1ad71 9"}
{"timestamp":"2026-07-28T09:26:04.301Z","level":"info","component":"LiveWS","message":"[LiveWS] Client disconnected: %s [%d remaining] 6a89506a 9"}
{"timestamp":"2026-07-28T09:26:04.303Z","level":"info","component":"LiveWS","message":"[LiveWS] Client disconnected: %s [%d remaining] f3a94511 9"}
{"timestamp":"2026-07-28T09:26:05.545Z","level":"info","component":"LiveWS","message":"[LiveWS] Client connected: %s (%s) [%d total] d9067755 127.0.0.1 10"}
{"timestamp":"2026-07-28T09:26:05.548Z","level":"info","component":"LiveWS","message":"[LiveWS] Client disconnected: %s [%d remaining] d9067755 9"}
{"timestamp":"2026-07-28T09:26:05.864Z","level":"info","component":"LiveWS","message":"[LiveWS] Client connected: %s (%s) [%d total] 33fb7c42 127.0.0.1 10"}
{"timestamp":"2026-07-28T09:26:06.550Z","level":"info","component":"LiveWS","message":"[LiveWS] Client connected: %s (%s) [%d total] 77e629df 127.0.0.1 11"}
{"timestamp":"2026-07-28T09:26:06.554Z","level":"info","component":"LiveWS","message":"[LiveWS] Client disconnected: %s [%d remaining] 77e629df 10"}
{"timestamp":"2026-07-28T09:26:06.870Z","level":"info","component":"LiveWS","message":"[LiveWS] Client connected: %s (%s) [%d total] f7957a61 127.0.0.1 11"}
{"timestamp":"2026-07-28T09:26:15.557Z","level":"info","component":"LiveWS","message":"[LiveWS] Client connected: %s (%s) [%d total] b1354ca4 127.0.0.1 12"}
{"timestamp":"2026-07-28T09:26:15.560Z","level":"info","component":"LiveWS","message":"[LiveWS] Client disconnected: %s [%d remaining] b1354ca4 11"}
{"timestamp":"2026-07-28T09:26:15.876Z","level":"info","component":"LiveWS","message":"[LiveWS] Client connected: %s (%s) [%d total] 11a65fa9 127.0.0.1 12"}
{"timestamp":"2026-07-28T09:26:18.554Z","level":"info","component":"LiveWS","message":"[LiveWS] Client connected: %s (%s) [%d total] 774f4270 127.0.0.1 13"}
{"timestamp":"2026-07-28T09:26:18.558Z","level":"info","component":"LiveWS","message":"[LiveWS] Client disconnected: %s [%d remaining] 774f4270 12"}
{"timestamp":"2026-07-28T09:26:18.874Z","level":"info","component":"LiveWS","message":"[LiveWS] Client connected: %s (%s) [%d total] def0befa 127.0.0.1 13"}
{"timestamp":"2026-07-28T09:26:19.303Z","level":"info","component":"LiveWS","message":"[LiveWS] Client disconnected: %s [%d remaining] 6c5d39b2 7"}
{"timestamp":"2026-07-28T09:26:19.306Z","level":"info","component":"LiveWS","message":"[LiveWS] Client disconnected: %s [%d remaining] c03e01e4 7"}
{"timestamp":"2026-07-28T09:26:19.308Z","level":"info","component":"LiveWS","message":"[LiveWS] Client disconnected: %s [%d remaining] 753eeaef 7"}
{"timestamp":"2026-07-28T09:26:19.309Z","level":"info","component":"LiveWS","message":"[LiveWS] Client disconnected: %s [%d remaining] caec1415 7"}
{"timestamp":"2026-07-28T09:26:19.310Z","level":"info","component":"LiveWS","message":"[LiveWS] Client disconnected: %s [%d remaining] 9f6ce769 7"}
{"timestamp":"2026-07-28T09:26:19.311Z","level":"info","component":"LiveWS","message":"[LiveWS] Client disconnected: %s [%d remaining] e61b89c1 7"}
{"timestamp":"2026-07-28T09:26:21.552Z","level":"info","component":"LiveWS","message":"[LiveWS] Client connected: %s (%s) [%d total] 1dae78a5 127.0.0.1 8"}
{"timestamp":"2026-07-28T09:26:21.873Z","level":"info","component":"LiveWS","message":"[LiveWS] Client connected: %s (%s) [%d total] 12046a67 127.0.0.1 9"}
{"timestamp":"2026-07-28T09:26:34.316Z","level":"info","component":"LiveWS","message":"[LiveWS] Client disconnected: %s [%d remaining] 5cc31ce4 6"}
{"timestamp":"2026-07-28T09:26:34.317Z","level":"info","component":"LiveWS","message":"[LiveWS] Client disconnected: %s [%d remaining] ece9b370 6"}
{"timestamp":"2026-07-28T09:26:34.319Z","level":"info","component":"LiveWS","message":"[LiveWS] Client disconnected: %s [%d remaining] dbd9f7a8 6"}
{"timestamp":"2026-07-28T09:26:36.551Z","level":"info","component":"LiveWS","message":"[LiveWS] Client connected: %s (%s) [%d total] efdf6ef3 127.0.0.1 7"}
{"timestamp":"2026-07-28T09:26:36.555Z","level":"info","component":"LiveWS","message":"[LiveWS] Client disconnected: %s [%d remaining] efdf6ef3 6"}
{"timestamp":"2026-07-28T09:26:36.870Z","level":"info","component":"LiveWS","message":"[LiveWS] Client connected: %s (%s) [%d total] 97bfb604 127.0.0.1 7"}
{"timestamp":"2026-07-28T09:26:37.555Z","level":"info","component":"LiveWS","message":"[LiveWS] Client connected: %s (%s) [%d total] 7342630e 127.0.0.1 8"}
{"timestamp":"2026-07-28T09:26:37.559Z","level":"info","component":"LiveWS","message":"[LiveWS] Client disconnected: %s [%d remaining] 7342630e 7"}
{"timestamp":"2026-07-28T09:26:37.875Z","level":"info","component":"LiveWS","message":"[LiveWS] Client connected: %s (%s) [%d total] 2fb4d508 127.0.0.1 8"}
{"timestamp":"2026-07-28T09:26:40.557Z","level":"info","component":"LiveWS","message":"[LiveWS] Client connected: %s (%s) [%d total] 97f0ac15 127.0.0.1 9"}
{"timestamp":"2026-07-28T09:26:40.560Z","level":"info","component":"LiveWS","message":"[LiveWS] Client disconnected: %s [%d remaining] 97f0ac15 8"}
{"timestamp":"2026-07-28T09:26:40.875Z","level":"info","component":"LiveWS","message":"[LiveWS] Client connected: %s (%s) [%d total] 337faf60 127.0.0.1 9"}
{"timestamp":"2026-07-28T09:26:43.553Z","level":"info","component":"LiveWS","message":"[LiveWS] Client connected: %s (%s) [%d total] 5205f1c2 127.0.0.1 10"}
{"timestamp":"2026-07-28T09:26:43.557Z","level":"info","component":"LiveWS","message":"[LiveWS] Client disconnected: %s [%d remaining] 5205f1c2 9"}
{"timestamp":"2026-07-28T09:26:43.873Z","level":"info","component":"LiveWS","message":"[LiveWS] Client connected: %s (%s) [%d total] 37549ae7 127.0.0.1 10"}
{"timestamp":"2026-07-28T09:26:46.550Z","level":"info","component":"LiveWS","message":"[LiveWS] Client connected: %s (%s) [%d total] 9b8c002b 127.0.0.1 11"}
{"timestamp":"2026-07-28T09:26:46.554Z","level":"info","component":"LiveWS","message":"[LiveWS] Client disconnected: %s [%d remaining] 9b8c002b 10"}
{"timestamp":"2026-07-28T09:26:46.871Z","level":"info","component":"LiveWS","message":"[LiveWS] Client connected: %s (%s) [%d total] 53a829c6 127.0.0.1 11"}
{"timestamp":"2026-07-28T09:26:49.324Z","level":"info","component":"LiveWS","message":"[LiveWS] Client disconnected: %s [%d remaining] f7957a61 9"}
{"timestamp":"2026-07-28T09:26:49.326Z","level":"info","component":"LiveWS","message":"[LiveWS] Client disconnected: %s [%d remaining] 33fb7c42 9"}
{"timestamp":"2026-07-28T09:26:49.549Z","level":"info","component":"LiveWS","message":"[LiveWS] Client connected: %s (%s) [%d total] 1c4044e1 127.0.0.1 10"}
{"timestamp":"2026-07-28T09:26:49.867Z","level":"info","component":"LiveWS","message":"[LiveWS] Client connected: %s (%s) [%d total] 3ec10bc3 127.0.0.1 11"}
{"timestamp":"2026-07-28T09:26:51.224Z","level":"info","component":"LiveWS","message":"[LiveWS] Client disconnected: %s [%d remaining] 3ec10bc3 10"}
{"timestamp":"2026-07-28T09:26:51.528Z","level":"info","component":"LiveWS","message":"[LiveWS] Client connected: %s (%s) [%d total] 2fc99c3f 127.0.0.1 11"}
{"timestamp":"2026-07-28T09:26:51.848Z","level":"info","component":"LiveWS","message":"[LiveWS] Client connected: %s (%s) [%d total] e3326af9 127.0.0.1 12"}
{"timestamp":"2026-07-28T09:27:04.333Z","level":"info","component":"LiveWS","message":"[LiveWS] Client disconnected: %s [%d remaining] 12046a67 8"}
{"timestamp":"2026-07-28T09:27:04.335Z","level":"info","component":"LiveWS","message":"[LiveWS] Client disconnected: %s [%d remaining] 1dae78a5 8"}
{"timestamp":"2026-07-28T09:27:04.336Z","level":"info","component":"LiveWS","message":"[LiveWS] Client disconnected: %s [%d remaining] def0befa 8"}
{"timestamp":"2026-07-28T09:27:04.337Z","level":"info","component":"LiveWS","message":"[LiveWS] Client disconnected: %s [%d remaining] 11a65fa9 8"}
{"timestamp":"2026-07-28T09:27:06.551Z","level":"info","component":"LiveWS","message":"[LiveWS] Client connected: %s (%s) [%d total] 3c94db5e 127.0.0.1 9"}
{"timestamp":"2026-07-28T09:27:06.557Z","level":"info","component":"LiveWS","message":"[LiveWS] Client disconnected: %s [%d remaining] 3c94db5e 8"}
{"timestamp":"2026-07-28T09:27:06.871Z","level":"info","component":"LiveWS","message":"[LiveWS] Client connected: %s (%s) [%d total] f96d7f5d 127.0.0.1 9"}
{"timestamp":"2026-07-28T09:27:15.546Z","level":"info","component":"LiveWS","message":"[LiveWS] Client connected: %s (%s) [%d total] 85faf198 127.0.0.1 10"}
{"timestamp":"2026-07-28T09:27:15.550Z","level":"info","component":"LiveWS","message":"[LiveWS] Client disconnected: %s [%d remaining] 85faf198 9"}
{"timestamp":"2026-07-28T09:27:15.865Z","level":"info","component":"LiveWS","message":"[LiveWS] Client connected: %s (%s) [%d total] 2e090a65 127.0.0.1 10"}
{"timestamp":"2026-07-28T09:27:18.970Z","level":"info","component":"LiveWS","message":"[LiveWS] Client connected: %s (%s) [%d total] d4c4f405 127.0.0.1 11"}
{"timestamp":"2026-07-28T09:27:18.974Z","level":"info","component":"LiveWS","message":"[LiveWS] Client disconnected: %s [%d remaining] d4c4f405 10"}
{"timestamp":"2026-07-28T09:27:19.279Z","level":"info","component":"LiveWS","message":"[LiveWS] Client connected: %s (%s) [%d total] 4fcca84a 127.0.0.1 11"}
{"timestamp":"2026-07-28T09:27:19.335Z","level":"info","component":"LiveWS","message":"[LiveWS] Client disconnected: %s [%d remaining] 37549ae7 7"}
{"timestamp":"2026-07-28T09:27:19.337Z","level":"info","component":"LiveWS","message":"[LiveWS] Client disconnected: %s [%d remaining] 337faf60 7"}
{"timestamp":"2026-07-28T09:27:19.338Z","level":"info","component":"LiveWS","message":"[LiveWS] Client disconnected: %s [%d remaining] 2fb4d508 7"}
{"timestamp":"2026-07-28T09:27:19.339Z","level":"info","component":"LiveWS","message":"[LiveWS] Client disconnected: %s [%d remaining] 97bfb604 7"}
{"timestamp":"2026-07-28T09:27:21.538Z","level":"info","component":"LiveWS","message":"[LiveWS] Client connected: %s (%s) [%d total] 4ae097b4 127.0.0.1 8"}
{"timestamp":"2026-07-28T09:27:21.862Z","level":"info","component":"LiveWS","message":"[LiveWS] Client connected: %s (%s) [%d total] 97170225 127.0.0.1 9"}
{"timestamp":"2026-07-28T09:27:22.842Z","level":"info","component":"LiveWS","message":"[LiveWS] Client disconnected: %s [%d remaining] 4ae097b4 8"}
{"timestamp":"2026-07-28T09:27:22.860Z","level":"info","component":"LiveWS","message":"[LiveWS] Client disconnected: %s [%d remaining] 97170225 7"}
{"timestamp":"2026-07-28T09:27:22.865Z","level":"info","component":"LiveWS","message":"[LiveWS] Client disconnected: %s [%d remaining] 2fc99c3f 6"}
{"timestamp":"2026-07-28T09:27:22.872Z","level":"info","component":"LiveWS","message":"[LiveWS] Client disconnected: %s [%d remaining] 53a829c6 5"}
{"timestamp":"2026-07-28T09:27:22.875Z","level":"info","component":"LiveWS","message":"[LiveWS] Client disconnected: %s [%d remaining] 1c4044e1 4"}
{"timestamp":"2026-07-28T09:27:22.881Z","level":"info","component":"LiveWS","message":"[LiveWS] Client disconnected: %s [%d remaining] e3326af9 3"}
{"timestamp":"2026-07-28T09:27:22.884Z","level":"info","component":"LiveWS","message":"[LiveWS] Client disconnected: %s [%d remaining] f96d7f5d 2"}
{"timestamp":"2026-07-28T09:27:22.887Z","level":"info","component":"LiveWS","message":"[LiveWS] Client disconnected: %s [%d remaining] 2e090a65 1"}
{"timestamp":"2026-07-28T09:27:22.891Z","level":"info","component":"LiveWS","message":"[LiveWS] Client disconnected: %s [%d remaining] 4fcca84a 0"}
{"timestamp":"2026-07-28T09:29:21.785Z","level":"info","component":"LiveWS","message":"[LiveWS] Client connected: %s (%s) [%d total] 036fbf44 127.0.0.1 1"}
{"timestamp":"2026-07-28T09:29:21.790Z","level":"info","component":"LiveWS","message":"[LiveWS] Client disconnected: %s [%d remaining] 036fbf44 0"}
{"timestamp":"2026-07-28T09:29:22.151Z","level":"info","component":"LiveWS","message":"[LiveWS] Client connected: %s (%s) [%d total] 68f347c9 127.0.0.1 1"}
{"timestamp":"2026-07-28T09:29:52.542Z","level":"info","component":"LiveWS","message":"[LiveWS] Client connected: %s (%s) [%d total] 0142ef2f 127.0.0.1 2"}
{"timestamp":"2026-07-28T09:29:52.545Z","level":"info","component":"LiveWS","message":"[LiveWS] Client disconnected: %s [%d remaining] 0142ef2f 1"}
{"timestamp":"2026-07-28T09:29:52.860Z","level":"info","component":"LiveWS","message":"[LiveWS] Client connected: %s (%s) [%d total] 0b78295b 127.0.0.1 2"}
{"timestamp":"2026-07-28T09:29:55.550Z","level":"info","component":"LiveWS","message":"[LiveWS] Client connected: %s (%s) [%d total] 12ade5e3 127.0.0.1 3"}
{"timestamp":"2026-07-28T09:29:55.553Z","level":"info","component":"LiveWS","message":"[LiveWS] Client disconnected: %s [%d remaining] 12ade5e3 2"}
{"timestamp":"2026-07-28T09:29:55.867Z","level":"info","component":"LiveWS","message":"[LiveWS] Client connected: %s (%s) [%d total] db5cbec0 127.0.0.1 3"}
{"timestamp":"2026-07-28T09:29:58.545Z","level":"info","component":"LiveWS","message":"[LiveWS] Client connected: %s (%s) [%d total] bfa1b8b9 127.0.0.1 4"}
{"timestamp":"2026-07-28T09:29:58.549Z","level":"info","component":"LiveWS","message":"[LiveWS] Client disconnected: %s [%d remaining] bfa1b8b9 3"}
{"timestamp":"2026-07-28T09:29:58.861Z","level":"info","component":"LiveWS","message":"[LiveWS] Client connected: %s (%s) [%d total] 6345fd7f 127.0.0.1 4"}
{"timestamp":"2026-07-28T09:30:01.555Z","level":"info","component":"LiveWS","message":"[LiveWS] Client connected: %s (%s) [%d total] 31e0b8c2 127.0.0.1 5"}
{"timestamp":"2026-07-28T09:30:01.559Z","level":"info","component":"LiveWS","message":"[LiveWS] Client disconnected: %s [%d remaining] 31e0b8c2 4"}
{"timestamp":"2026-07-28T09:30:01.874Z","level":"info","component":"LiveWS","message":"[LiveWS] Client connected: %s (%s) [%d total] 76f0ceeb 127.0.0.1 5"}
{"timestamp":"2026-07-28T09:30:04.552Z","level":"info","component":"LiveWS","message":"[LiveWS] Client connected: %s (%s) [%d total] 27f04e77 127.0.0.1 6"}
{"timestamp":"2026-07-28T09:30:04.555Z","level":"info","component":"LiveWS","message":"[LiveWS] Client disconnected: %s [%d remaining] 27f04e77 5"}
{"timestamp":"2026-07-28T09:30:04.868Z","level":"info","component":"LiveWS","message":"[LiveWS] Client connected: %s (%s) [%d total] 8b10911e 127.0.0.1 6"}
{"timestamp":"2026-07-28T09:30:05.675Z","level":"info","component":"LiveWS","message":"[LiveWS] Client disconnected: %s [%d remaining] 68f347c9 5"}
{"timestamp":"2026-07-28T09:30:07.548Z","level":"info","component":"LiveWS","message":"[LiveWS] Client connected: %s (%s) [%d total] a32315d9 127.0.0.1 6"}
{"timestamp":"2026-07-28T09:30:07.551Z","level":"info","component":"LiveWS","message":"[LiveWS] Client disconnected: %s [%d remaining] a32315d9 5"}
{"timestamp":"2026-07-28T09:30:07.865Z","level":"info","component":"LiveWS","message":"[LiveWS] Client connected: %s (%s) [%d total] 4cd339d5 127.0.0.1 6"}
{"timestamp":"2026-07-28T09:30:12.551Z","level":"info","component":"LiveWS","message":"[LiveWS] Client connected: %s (%s) [%d total] 706483b1 127.0.0.1 7"}
{"timestamp":"2026-07-28T09:30:12.554Z","level":"info","component":"LiveWS","message":"[LiveWS] Client disconnected: %s [%d remaining] 706483b1 6"}
{"timestamp":"2026-07-28T09:30:12.868Z","level":"info","component":"LiveWS","message":"[LiveWS] Client connected: %s (%s) [%d total] e0efaa08 127.0.0.1 7"}
{"timestamp":"2026-07-28T09:30:15.533Z","level":"info","component":"LiveWS","message":"[LiveWS] Client connected: %s (%s) [%d total] d753b715 127.0.0.1 8"}
{"timestamp":"2026-07-28T09:30:15.536Z","level":"info","component":"LiveWS","message":"[LiveWS] Client disconnected: %s [%d remaining] d753b715 7"}
{"timestamp":"2026-07-28T09:30:15.842Z","level":"info","component":"LiveWS","message":"[LiveWS] Client connected: %s (%s) [%d total] bd1821c7 127.0.0.1 8"}
{"timestamp":"2026-07-28T09:30:18.547Z","level":"info","component":"LiveWS","message":"[LiveWS] Client connected: %s (%s) [%d total] 48d74a16 127.0.0.1 9"}
{"timestamp":"2026-07-28T09:30:18.551Z","level":"info","component":"LiveWS","message":"[LiveWS] Client disconnected: %s [%d remaining] 48d74a16 8"}
{"timestamp":"2026-07-28T09:30:18.858Z","level":"info","component":"LiveWS","message":"[LiveWS] Client connected: %s (%s) [%d total] e6c4139e 127.0.0.1 9"}
{"timestamp":"2026-07-28T09:30:21.540Z","level":"info","component":"LiveWS","message":"[LiveWS] Client connected: %s (%s) [%d total] 47f1c28d 127.0.0.1 10"}
{"timestamp":"2026-07-28T09:30:21.544Z","level":"info","component":"LiveWS","message":"[LiveWS] Client disconnected: %s [%d remaining] 47f1c28d 9"}
{"timestamp":"2026-07-28T09:30:21.864Z","level":"info","component":"LiveWS","message":"[LiveWS] Client connected: %s (%s) [%d total] 6b1c7928 127.0.0.1 10"}
{"timestamp":"2026-07-28T09:30:24.542Z","level":"info","component":"LiveWS","message":"[LiveWS] Client connected: %s (%s) [%d total] a9bf3270 127.0.0.1 11"}
{"timestamp":"2026-07-28T09:30:24.545Z","level":"info","component":"LiveWS","message":"[LiveWS] Client disconnected: %s [%d remaining] a9bf3270 10"}
{"timestamp":"2026-07-28T09:30:24.860Z","level":"info","component":"LiveWS","message":"[LiveWS] Client connected: %s (%s) [%d total] 7897986c 127.0.0.1 11"}
{"timestamp":"2026-07-28T09:30:27.556Z","level":"info","component":"LiveWS","message":"[LiveWS] Client connected: %s (%s) [%d total] bdd6cdcd 127.0.0.1 12"}
{"timestamp":"2026-07-28T09:30:27.559Z","level":"info","component":"LiveWS","message":"[LiveWS] Client disconnected: %s [%d remaining] bdd6cdcd 11"}
{"timestamp":"2026-07-28T09:30:27.871Z","level":"info","component":"LiveWS","message":"[LiveWS] Client connected: %s (%s) [%d total] 371c66d3 127.0.0.1 12"}
{"timestamp":"2026-07-28T09:30:30.548Z","level":"info","component":"LiveWS","message":"[LiveWS] Client connected: %s (%s) [%d total] bfcef254 127.0.0.1 13"}
{"timestamp":"2026-07-28T09:30:30.550Z","level":"info","component":"LiveWS","message":"[LiveWS] Client disconnected: %s [%d remaining] bfcef254 12"}
{"timestamp":"2026-07-28T09:30:30.865Z","level":"info","component":"LiveWS","message":"[LiveWS] Client connected: %s (%s) [%d total] 16d850b1 127.0.0.1 13"}
{"timestamp":"2026-07-28T09:30:33.555Z","level":"info","component":"LiveWS","message":"[LiveWS] Client connected: %s (%s) [%d total] e42245b1 127.0.0.1 14"}
{"timestamp":"2026-07-28T09:30:33.560Z","level":"info","component":"LiveWS","message":"[LiveWS] Client disconnected: %s [%d remaining] e42245b1 13"}
{"timestamp":"2026-07-28T09:30:33.871Z","level":"info","component":"LiveWS","message":"[LiveWS] Client connected: %s (%s) [%d total] bc8c2078 127.0.0.1 14"}
{"timestamp":"2026-07-28T09:30:35.691Z","level":"info","component":"LiveWS","message":"[LiveWS] Client disconnected: %s [%d remaining] 6345fd7f 11"}
{"timestamp":"2026-07-28T09:30:35.694Z","level":"info","component":"LiveWS","message":"[LiveWS] Client disconnected: %s [%d remaining] db5cbec0 11"}
{"timestamp":"2026-07-28T09:30:35.696Z","level":"info","component":"LiveWS","message":"[LiveWS] Client disconnected: %s [%d remaining] 0b78295b 11"}
{"timestamp":"2026-07-28T09:30:36.546Z","level":"info","component":"LiveWS","message":"[LiveWS] Client connected: %s (%s) [%d total] 78cadb08 127.0.0.1 12"}
{"timestamp":"2026-07-28T09:30:36.549Z","level":"info","component":"LiveWS","message":"[LiveWS] Client disconnected: %s [%d remaining] 78cadb08 11"}
{"timestamp":"2026-07-28T09:30:36.862Z","level":"info","component":"LiveWS","message":"[LiveWS] Client connected: %s (%s) [%d total] 7cb033a9 127.0.0.1 12"}
{"timestamp":"2026-07-28T09:30:37.534Z","level":"info","component":"LiveWS","message":"[LiveWS] Client connected: %s (%s) [%d total] cddb7fe6 127.0.0.1 13"}
{"timestamp":"2026-07-28T09:30:37.537Z","level":"info","component":"LiveWS","message":"[LiveWS] Client disconnected: %s [%d remaining] cddb7fe6 12"}
{"timestamp":"2026-07-28T09:30:37.842Z","level":"info","component":"LiveWS","message":"[LiveWS] Client connected: %s (%s) [%d total] d6f560cb 127.0.0.1 13"}
{"timestamp":"2026-07-28T09:30:42.548Z","level":"info","component":"LiveWS","message":"[LiveWS] Client connected: %s (%s) [%d total] 864c91d9 127.0.0.1 14"}
{"timestamp":"2026-07-28T09:30:42.550Z","level":"info","component":"LiveWS","message":"[LiveWS] Client disconnected: %s [%d remaining] 864c91d9 13"}
{"timestamp":"2026-07-28T09:30:42.864Z","level":"info","component":"LiveWS","message":"[LiveWS] Client connected: %s (%s) [%d total] 0625573b 127.0.0.1 14"}
{"timestamp":"2026-07-28T09:30:45.556Z","level":"info","component":"LiveWS","message":"[LiveWS] Client connected: %s (%s) [%d total] c0b77be3 127.0.0.1 15"}
{"timestamp":"2026-07-28T09:30:45.560Z","level":"info","component":"LiveWS","message":"[LiveWS] Client disconnected: %s [%d remaining] c0b77be3 14"}
{"timestamp":"2026-07-28T09:30:45.875Z","level":"info","component":"LiveWS","message":"[LiveWS] Client connected: %s (%s) [%d total] ce37e1dd 127.0.0.1 15"}
{"timestamp":"2026-07-28T09:30:48.547Z","level":"info","component":"LiveWS","message":"[LiveWS] Client connected: %s (%s) [%d total] 6a037880 127.0.0.1 16"}
{"timestamp":"2026-07-28T09:30:48.550Z","level":"info","component":"LiveWS","message":"[LiveWS] Client disconnected: %s [%d remaining] 6a037880 15"}
{"timestamp":"2026-07-28T09:30:48.862Z","level":"info","component":"LiveWS","message":"[LiveWS] Client connected: %s (%s) [%d total] 5262a6bc 127.0.0.1 16"}
{"timestamp":"2026-07-28T09:30:50.691Z","level":"info","component":"LiveWS","message":"[LiveWS] Client disconnected: %s [%d remaining] e0efaa08 12"}
{"timestamp":"2026-07-28T09:30:50.693Z","level":"info","component":"LiveWS","message":"[LiveWS] Client disconnected: %s [%d remaining] 4cd339d5 12"}
{"timestamp":"2026-07-28T09:30:50.695Z","level":"info","component":"LiveWS","message":"[LiveWS] Client disconnected: %s [%d remaining] 8b10911e 12"}
{"timestamp":"2026-07-28T09:30:50.696Z","level":"info","component":"LiveWS","message":"[LiveWS] Client disconnected: %s [%d remaining] 76f0ceeb 12"}
{"timestamp":"2026-07-28T09:30:51.544Z","level":"info","component":"LiveWS","message":"[LiveWS] Client connected: %s (%s) [%d total] 59ba8119 127.0.0.1 13"}
{"timestamp":"2026-07-28T09:30:51.547Z","level":"info","component":"LiveWS","message":"[LiveWS] Client disconnected: %s [%d remaining] 59ba8119 12"}
{"timestamp":"2026-07-28T09:30:51.860Z","level":"info","component":"LiveWS","message":"[LiveWS] Client connected: %s (%s) [%d total] 661e251d 127.0.0.1 13"}
{"timestamp":"2026-07-28T09:30:52.564Z","level":"info","component":"LiveWS","message":"[LiveWS] Client connected: %s (%s) [%d total] 9d3c974c 127.0.0.1 14"}
{"timestamp":"2026-07-28T09:30:52.567Z","level":"info","component":"LiveWS","message":"[LiveWS] Client disconnected: %s [%d remaining] 9d3c974c 13"}
{"timestamp":"2026-07-28T09:30:52.873Z","level":"info","component":"LiveWS","message":"[LiveWS] Client connected: %s (%s) [%d total] ab86902c 127.0.0.1 14"}
{"timestamp":"2026-07-28T09:31:01.549Z","level":"info","component":"LiveWS","message":"[LiveWS] Client connected: %s (%s) [%d total] aea01ec6 127.0.0.1 15"}
{"timestamp":"2026-07-28T09:31:01.551Z","level":"info","component":"LiveWS","message":"[LiveWS] Client disconnected: %s [%d remaining] aea01ec6 14"}
{"timestamp":"2026-07-28T09:31:01.865Z","level":"info","component":"LiveWS","message":"[LiveWS] Client connected: %s (%s) [%d total] fa6551ba 127.0.0.1 15"}
{"timestamp":"2026-07-28T09:31:04.554Z","level":"info","component":"LiveWS","message":"[LiveWS] Client connected: %s (%s) [%d total] 3e36d2ce 127.0.0.1 16"}
{"timestamp":"2026-07-28T09:31:04.557Z","level":"info","component":"LiveWS","message":"[LiveWS] Client disconnected: %s [%d remaining] 3e36d2ce 15"}
{"timestamp":"2026-07-28T09:31:04.870Z","level":"info","component":"LiveWS","message":"[LiveWS] Client connected: %s (%s) [%d total] 42e0a57a 127.0.0.1 16"}
{"timestamp":"2026-07-28T09:31:05.695Z","level":"info","component":"LiveWS","message":"[LiveWS] Client disconnected: %s [%d remaining] 371c66d3 11"}
{"timestamp":"2026-07-28T09:31:05.697Z","level":"info","component":"LiveWS","message":"[LiveWS] Client disconnected: %s [%d remaining] 7897986c 11"}
{"timestamp":"2026-07-28T09:31:05.699Z","level":"info","component":"LiveWS","message":"[LiveWS] Client disconnected: %s [%d remaining] 6b1c7928 11"}
{"timestamp":"2026-07-28T09:31:05.700Z","level":"info","component":"LiveWS","message":"[LiveWS] Client disconnected: %s [%d remaining] e6c4139e 11"}
{"timestamp":"2026-07-28T09:31:05.701Z","level":"info","component":"LiveWS","message":"[LiveWS] Client disconnected: %s [%d remaining] bd1821c7 11"}
{"timestamp":"2026-07-28T09:31:07.548Z","level":"info","component":"LiveWS","message":"[LiveWS] Client connected: %s (%s) [%d total] 068ae16b 127.0.0.1 12"}
{"timestamp":"2026-07-28T09:31:07.865Z","level":"info","component":"LiveWS","message":"[LiveWS] Client connected: %s (%s) [%d total] 047b4d7d 127.0.0.1 13"}
{"timestamp":"2026-07-28T09:31:20.700Z","level":"info","component":"LiveWS","message":"[LiveWS] Client disconnected: %s [%d remaining] 0625573b 8"}
{"timestamp":"2026-07-28T09:31:20.702Z","level":"info","component":"LiveWS","message":"[LiveWS] Client disconnected: %s [%d remaining] d6f560cb 8"}
{"timestamp":"2026-07-28T09:31:20.703Z","level":"info","component":"LiveWS","message":"[LiveWS] Client disconnected: %s [%d remaining] 7cb033a9 8"}
{"timestamp":"2026-07-28T09:31:20.705Z","level":"info","component":"LiveWS","message":"[LiveWS] Client disconnected: %s [%d remaining] bc8c2078 8"}
{"timestamp":"2026-07-28T09:31:20.706Z","level":"info","component":"LiveWS","message":"[LiveWS] Client disconnected: %s [%d remaining] 16d850b1 8"}
{"timestamp":"2026-07-28T09:31:22.552Z","level":"info","component":"LiveWS","message":"[LiveWS] Client connected: %s (%s) [%d total] caf3a0d1 127.0.0.1 9"}
{"timestamp":"2026-07-28T09:31:22.870Z","level":"info","component":"LiveWS","message":"[LiveWS] Client connected: %s (%s) [%d total] 9580a30b 127.0.0.1 10"}
{"timestamp":"2026-07-28T09:31:35.709Z","level":"info","component":"LiveWS","message":"[LiveWS] Client disconnected: %s [%d remaining] ab86902c 6"}
{"timestamp":"2026-07-28T09:31:35.711Z","level":"info","component":"LiveWS","message":"[LiveWS] Client disconnected: %s [%d remaining] 661e251d 6"}
{"timestamp":"2026-07-28T09:31:35.713Z","level":"info","component":"LiveWS","message":"[LiveWS] Client disconnected: %s [%d remaining] 5262a6bc 6"}
{"timestamp":"2026-07-28T09:31:35.714Z","level":"info","component":"LiveWS","message":"[LiveWS] Client disconnected: %s [%d remaining] ce37e1dd 6"}
{"timestamp":"2026-07-28T09:31:37.543Z","level":"info","component":"LiveWS","message":"[LiveWS] Client connected: %s (%s) [%d total] 6ca1ea1b 127.0.0.1 7"}
{"timestamp":"2026-07-28T09:31:37.546Z","level":"info","component":"LiveWS","message":"[LiveWS] Client disconnected: %s [%d remaining] 6ca1ea1b 6"}
{"timestamp":"2026-07-28T09:31:37.859Z","level":"info","component":"LiveWS","message":"[LiveWS] Client connected: %s (%s) [%d total] ae654693 127.0.0.1 7"}
{"timestamp":"2026-07-28T09:31:50.707Z","level":"info","component":"LiveWS","message":"[LiveWS] Client disconnected: %s [%d remaining] 047b4d7d 3"}
{"timestamp":"2026-07-28T09:31:50.710Z","level":"info","component":"LiveWS","message":"[LiveWS] Client disconnected: %s [%d remaining] 068ae16b 3"}
{"timestamp":"2026-07-28T09:31:50.712Z","level":"info","component":"LiveWS","message":"[LiveWS] Client disconnected: %s [%d remaining] 42e0a57a 3"}
{"timestamp":"2026-07-28T09:31:50.713Z","level":"info","component":"LiveWS","message":"[LiveWS] Client disconnected: %s [%d remaining] fa6551ba 3"}
{"timestamp":"2026-07-28T09:31:52.545Z","level":"info","component":"LiveWS","message":"[LiveWS] Client connected: %s (%s) [%d total] 6815ec9c 127.0.0.1 4"}
{"timestamp":"2026-07-28T09:31:52.549Z","level":"info","component":"LiveWS","message":"[LiveWS] Client disconnected: %s [%d remaining] 6815ec9c 3"}
{"timestamp":"2026-07-28T09:31:52.869Z","level":"info","component":"LiveWS","message":"[LiveWS] Client connected: %s (%s) [%d total] 1e67a527 127.0.0.1 4"}
{"timestamp":"2026-07-28T09:31:54.553Z","level":"info","component":"LiveWS","message":"[LiveWS] Client connected: %s (%s) [%d total] 3516bd24 127.0.0.1 5"}
{"timestamp":"2026-07-28T09:31:54.558Z","level":"info","component":"LiveWS","message":"[LiveWS] Client disconnected: %s [%d remaining] 3516bd24 4"}
{"timestamp":"2026-07-28T09:31:54.871Z","level":"info","component":"LiveWS","message":"[LiveWS] Client connected: %s (%s) [%d total] 68ee3380 127.0.0.1 5"}
{"timestamp":"2026-07-28T09:31:57.549Z","level":"info","component":"LiveWS","message":"[LiveWS] Client connected: %s (%s) [%d total] 23fb4361 127.0.0.1 6"}
{"timestamp":"2026-07-28T09:31:57.552Z","level":"info","component":"LiveWS","message":"[LiveWS] Client disconnected: %s [%d remaining] 23fb4361 5"}
{"timestamp":"2026-07-28T09:31:57.864Z","level":"info","component":"LiveWS","message":"[LiveWS] Client connected: %s (%s) [%d total] 50a58478 127.0.0.1 6"}
{"timestamp":"2026-07-28T09:32:00.556Z","level":"info","component":"LiveWS","message":"[LiveWS] Client connected: %s (%s) [%d total] 9eac6962 127.0.0.1 7"}
{"timestamp":"2026-07-28T09:32:00.559Z","level":"info","component":"LiveWS","message":"[LiveWS] Client disconnected: %s [%d remaining] 9eac6962 6"}
{"timestamp":"2026-07-28T09:32:00.873Z","level":"info","component":"LiveWS","message":"[LiveWS] Client connected: %s (%s) [%d total] f6f33e0b 127.0.0.1 7"}
{"timestamp":"2026-07-28T09:32:03.552Z","level":"info","component":"LiveWS","message":"[LiveWS] Client connected: %s (%s) [%d total] 7face39b 127.0.0.1 8"}
{"timestamp":"2026-07-28T09:32:03.557Z","level":"info","component":"LiveWS","message":"[LiveWS] Client disconnected: %s [%d remaining] 7face39b 7"}
{"timestamp":"2026-07-28T09:32:03.868Z","level":"info","component":"LiveWS","message":"[LiveWS] Client connected: %s (%s) [%d total] 33fef351 127.0.0.1 8"}
{"timestamp":"2026-07-28T09:32:05.721Z","level":"info","component":"LiveWS","message":"[LiveWS] Client disconnected: %s [%d remaining] 9580a30b 6"}
{"timestamp":"2026-07-28T09:32:05.724Z","level":"info","component":"LiveWS","message":"[LiveWS] Client disconnected: %s [%d remaining] caf3a0d1 6"}
{"timestamp":"2026-07-28T09:32:06.545Z","level":"info","component":"LiveWS","message":"[LiveWS] Client connected: %s (%s) [%d total] 1b619062 127.0.0.1 7"}
{"timestamp":"2026-07-28T09:32:06.548Z","level":"info","component":"LiveWS","message":"[LiveWS] Client disconnected: %s [%d remaining] 1b619062 6"}
{"timestamp":"2026-07-28T09:32:06.862Z","level":"info","component":"LiveWS","message":"[LiveWS] Client connected: %s (%s) [%d total] d8fc851c 127.0.0.1 7"}
{"timestamp":"2026-07-28T09:32:09.556Z","level":"info","component":"LiveWS","message":"[LiveWS] Client connected: %s (%s) [%d total] a8f274bd 127.0.0.1 8"}
{"timestamp":"2026-07-28T09:32:09.560Z","level":"info","component":"LiveWS","message":"[LiveWS] Client disconnected: %s [%d remaining] a8f274bd 7"}
{"timestamp":"2026-07-28T09:32:09.869Z","level":"info","component":"LiveWS","message":"[LiveWS] Client connected: %s (%s) [%d total] b3429c81 127.0.0.1 8"}
{"timestamp":"2026-07-28T09:32:12.549Z","level":"info","component":"LiveWS","message":"[LiveWS] Client connected: %s (%s) [%d total] 284cf7bf 127.0.0.1 9"}
{"timestamp":"2026-07-28T09:32:12.553Z","level":"info","component":"LiveWS","message":"[LiveWS] Client disconnected: %s [%d remaining] 284cf7bf 8"}
{"timestamp":"2026-07-28T09:32:12.866Z","level":"info","component":"LiveWS","message":"[LiveWS] Client connected: %s (%s) [%d total] 3f953146 127.0.0.1 9"}
{"timestamp":"2026-07-28T09:32:15.542Z","level":"info","component":"LiveWS","message":"[LiveWS] Client connected: %s (%s) [%d total] b087eb2e 127.0.0.1 10"}
{"timestamp":"2026-07-28T09:32:15.546Z","level":"info","component":"LiveWS","message":"[LiveWS] Client disconnected: %s [%d remaining] b087eb2e 9"}
{"timestamp":"2026-07-28T09:32:15.858Z","level":"info","component":"LiveWS","message":"[LiveWS] Client connected: %s (%s) [%d total] 2527121b 127.0.0.1 10"}
{"timestamp":"2026-07-28T09:32:18.551Z","level":"info","component":"LiveWS","message":"[LiveWS] Client connected: %s (%s) [%d total] 8271621b 127.0.0.1 11"}
{"timestamp":"2026-07-28T09:32:18.555Z","level":"info","component":"LiveWS","message":"[LiveWS] Client disconnected: %s [%d remaining] 8271621b 10"}
{"timestamp":"2026-07-28T09:32:18.867Z","level":"info","component":"LiveWS","message":"[LiveWS] Client connected: %s (%s) [%d total] af6bed5f 127.0.0.1 11"}
{"timestamp":"2026-07-28T09:32:20.732Z","level":"info","component":"LiveWS","message":"[LiveWS] Client disconnected: %s [%d remaining] ae654693 10"}
{"timestamp":"2026-07-28T09:32:21.546Z","level":"info","component":"LiveWS","message":"[LiveWS] Client connected: %s (%s) [%d total] e8b45a98 127.0.0.1 11"}
{"timestamp":"2026-07-28T09:32:21.550Z","level":"info","component":"LiveWS","message":"[LiveWS] Client disconnected: %s [%d remaining] e8b45a98 10"}
{"timestamp":"2026-07-28T09:32:21.864Z","level":"info","component":"LiveWS","message":"[LiveWS] Client connected: %s (%s) [%d total] 40118aeb 127.0.0.1 11"}
{"timestamp":"2026-07-28T09:32:26.550Z","level":"info","component":"LiveWS","message":"[LiveWS] Client connected: %s (%s) [%d total] d6c356b8 127.0.0.1 12"}
{"timestamp":"2026-07-28T09:32:26.554Z","level":"info","component":"LiveWS","message":"[LiveWS] Client disconnected: %s [%d remaining] d6c356b8 11"}
{"timestamp":"2026-07-28T09:32:26.866Z","level":"info","component":"LiveWS","message":"[LiveWS] Client connected: %s (%s) [%d total] 90956762 127.0.0.1 12"}
{"timestamp":"2026-07-28T09:32:29.558Z","level":"info","component":"LiveWS","message":"[LiveWS] Client connected: %s (%s) [%d total] 837e83d3 127.0.0.1 13"}
{"timestamp":"2026-07-28T09:32:29.563Z","level":"info","component":"LiveWS","message":"[LiveWS] Client disconnected: %s [%d remaining] 837e83d3 12"}
{"timestamp":"2026-07-28T09:32:29.871Z","level":"info","component":"LiveWS","message":"[LiveWS] Client connected: %s (%s) [%d total] 70748174 127.0.0.1 13"}
{"timestamp":"2026-07-28T09:32:32.548Z","level":"info","component":"LiveWS","message":"[LiveWS] Client connected: %s (%s) [%d total] 65de5bd4 127.0.0.1 14"}
{"timestamp":"2026-07-28T09:32:32.552Z","level":"info","component":"LiveWS","message":"[LiveWS] Client disconnected: %s [%d remaining] 65de5bd4 13"}
{"timestamp":"2026-07-28T09:32:32.864Z","level":"info","component":"LiveWS","message":"[LiveWS] Client connected: %s (%s) [%d total] bbf2724f 127.0.0.1 14"}
{"timestamp":"2026-07-28T09:32:35.551Z","level":"info","component":"LiveWS","message":"[LiveWS] Client connected: %s (%s) [%d total] 1657cc0b 127.0.0.1 15"}
{"timestamp":"2026-07-28T09:32:35.561Z","level":"info","component":"LiveWS","message":"[LiveWS] Client disconnected: %s [%d remaining] 1657cc0b 14"}
{"timestamp":"2026-07-28T09:32:35.739Z","level":"info","component":"LiveWS","message":"[LiveWS] Client disconnected: %s [%d remaining] 50a58478 11"}
{"timestamp":"2026-07-28T09:32:35.741Z","level":"info","component":"LiveWS","message":"[LiveWS] Client disconnected: %s [%d remaining] 68ee3380 11"}
{"timestamp":"2026-07-28T09:32:35.742Z","level":"info","component":"LiveWS","message":"[LiveWS] Client disconnected: %s [%d remaining] 1e67a527 11"}
{"timestamp":"2026-07-28T09:32:35.868Z","level":"info","component":"LiveWS","message":"[LiveWS] Client connected: %s (%s) [%d total] 993da022 127.0.0.1 12"}
{"timestamp":"2026-07-28T09:32:36.547Z","level":"info","component":"LiveWS","message":"[LiveWS] Client connected: %s (%s) [%d total] d499d1f2 127.0.0.1 13"}
{"timestamp":"2026-07-28T09:32:36.551Z","level":"info","component":"LiveWS","message":"[LiveWS] Client disconnected: %s [%d remaining] d499d1f2 12"}
{"timestamp":"2026-07-28T09:32:36.863Z","level":"info","component":"LiveWS","message":"[LiveWS] Client connected: %s (%s) [%d total] e53f6290 127.0.0.1 13"}
{"timestamp":"2026-07-28T09:32:37.541Z","level":"info","component":"LiveWS","message":"[LiveWS] Client connected: %s (%s) [%d total] bed0ac37 127.0.0.1 14"}
{"timestamp":"2026-07-28T09:32:37.545Z","level":"info","component":"LiveWS","message":"[LiveWS] Client disconnected: %s [%d remaining] bed0ac37 13"}
{"timestamp":"2026-07-28T09:32:37.858Z","level":"info","component":"LiveWS","message":"[LiveWS] Client connected: %s (%s) [%d total] 6245d91c 127.0.0.1 14"}
{"timestamp":"2026-07-28T09:32:38.555Z","level":"info","component":"LiveWS","message":"[LiveWS] Client connected: %s (%s) [%d total] 4b262aa7 127.0.0.1 15"}
{"timestamp":"2026-07-28T09:32:38.559Z","level":"info","component":"LiveWS","message":"[LiveWS] Client disconnected: %s [%d remaining] 4b262aa7 14"}
{"timestamp":"2026-07-28T09:32:38.871Z","level":"info","component":"LiveWS","message":"[LiveWS] Client connected: %s (%s) [%d total] 79833431 127.0.0.1 15"}
{"timestamp":"2026-07-28T09:32:41.546Z","level":"info","component":"LiveWS","message":"[LiveWS] Client connected: %s (%s) [%d total] efdd7059 127.0.0.1 16"}
{"timestamp":"2026-07-28T09:32:41.549Z","level":"info","component":"LiveWS","message":"[LiveWS] Client disconnected: %s [%d remaining] efdd7059 15"}
{"timestamp":"2026-07-28T09:32:41.863Z","level":"info","component":"LiveWS","message":"[LiveWS] Client connected: %s (%s) [%d total] 1999db13 127.0.0.1 16"}
{"timestamp":"2026-07-28T09:32:44.551Z","level":"info","component":"LiveWS","message":"[LiveWS] Client connected: %s (%s) [%d total] 06e642f7 127.0.0.1 17"}
{"timestamp":"2026-07-28T09:32:44.555Z","level":"info","component":"LiveWS","message":"[LiveWS] Client disconnected: %s [%d remaining] 06e642f7 16"}
{"timestamp":"2026-07-28T09:32:44.868Z","level":"info","component":"LiveWS","message":"[LiveWS] Client connected: %s (%s) [%d total] e4fff668 127.0.0.1 17"}
{"timestamp":"2026-07-28T09:32:47.556Z","level":"info","component":"LiveWS","message":"[LiveWS] Client connected: %s (%s) [%d total] 74faf61b 127.0.0.1 18"}
{"timestamp":"2026-07-28T09:32:47.559Z","level":"info","component":"LiveWS","message":"[LiveWS] Client disconnected: %s [%d remaining] 74faf61b 17"}
{"timestamp":"2026-07-28T09:32:47.863Z","level":"info","component":"LiveWS","message":"[LiveWS] Client connected: %s (%s) [%d total] 4b560d94 127.0.0.1 18"}
{"timestamp":"2026-07-28T09:32:50.552Z","level":"info","component":"LiveWS","message":"[LiveWS] Client connected: %s (%s) [%d total] 86fe17c2 127.0.0.1 19"}
{"timestamp":"2026-07-28T09:32:50.555Z","level":"info","component":"LiveWS","message":"[LiveWS] Client disconnected: %s [%d remaining] 86fe17c2 18"}
{"timestamp":"2026-07-28T09:32:50.742Z","level":"info","component":"LiveWS","message":"[LiveWS] Client disconnected: %s [%d remaining] 3f953146 13"}
{"timestamp":"2026-07-28T09:32:50.744Z","level":"info","component":"LiveWS","message":"[LiveWS] Client disconnected: %s [%d remaining] b3429c81 13"}
{"timestamp":"2026-07-28T09:32:50.746Z","level":"info","component":"LiveWS","message":"[LiveWS] Client disconnected: %s [%d remaining] d8fc851c 13"}
{"timestamp":"2026-07-28T09:32:50.747Z","level":"info","component":"LiveWS","message":"[LiveWS] Client disconnected: %s [%d remaining] 33fef351 13"}
{"timestamp":"2026-07-28T09:32:50.749Z","level":"info","component":"LiveWS","message":"[LiveWS] Client disconnected: %s [%d remaining] f6f33e0b 13"}
{"timestamp":"2026-07-28T09:32:50.867Z","level":"info","component":"LiveWS","message":"[LiveWS] Client connected: %s (%s) [%d total] 62581a29 127.0.0.1 14"}
{"timestamp":"2026-07-28T09:32:52.543Z","level":"info","component":"LiveWS","message":"[LiveWS] Client connected: %s (%s) [%d total] 1250d35d 127.0.0.1 15"}
{"timestamp":"2026-07-28T09:32:52.545Z","level":"info","component":"LiveWS","message":"[LiveWS] Client disconnected: %s [%d remaining] 1250d35d 14"}
{"timestamp":"2026-07-28T09:32:52.860Z","level":"info","component":"LiveWS","message":"[LiveWS] Client connected: %s (%s) [%d total] e96ad3c7 127.0.0.1 15"}
{"timestamp":"2026-07-28T09:32:53.556Z","level":"info","component":"LiveWS","message":"[LiveWS] Client connected: %s (%s) [%d total] ae73bca7 127.0.0.1 16"}
{"timestamp":"2026-07-28T09:32:53.560Z","level":"info","component":"LiveWS","message":"[LiveWS] Client disconnected: %s [%d remaining] ae73bca7 15"}
{"timestamp":"2026-07-28T09:32:53.872Z","level":"info","component":"LiveWS","message":"[LiveWS] Client connected: %s (%s) [%d total] 75687ac2 127.0.0.1 16"}
{"timestamp":"2026-07-28T09:32:56.548Z","level":"info","component":"LiveWS","message":"[LiveWS] Client connected: %s (%s) [%d total] 579f6558 127.0.0.1 17"}
{"timestamp":"2026-07-28T09:32:56.551Z","level":"info","component":"LiveWS","message":"[LiveWS] Client disconnected: %s [%d remaining] 579f6558 16"}
{"timestamp":"2026-07-28T09:32:56.863Z","level":"info","component":"LiveWS","message":"[LiveWS] Client connected: %s (%s) [%d total] 71486c09 127.0.0.1 17"}
{"timestamp":"2026-07-28T09:32:59.552Z","level":"info","component":"LiveWS","message":"[LiveWS] Client connected: %s (%s) [%d total] a0b043df 127.0.0.1 18"}
{"timestamp":"2026-07-28T09:32:59.555Z","level":"info","component":"LiveWS","message":"[LiveWS] Client disconnected: %s [%d remaining] a0b043df 17"}
{"timestamp":"2026-07-28T09:32:59.866Z","level":"info","component":"LiveWS","message":"[LiveWS] Client connected: %s (%s) [%d total] 7ccaa480 127.0.0.1 18"}
{"timestamp":"2026-07-28T09:33:02.541Z","level":"info","component":"LiveWS","message":"[LiveWS] Client connected: %s (%s) [%d total] 092d8f70 127.0.0.1 19"}
{"timestamp":"2026-07-28T09:33:02.545Z","level":"info","component":"LiveWS","message":"[LiveWS] Client disconnected: %s [%d remaining] 092d8f70 18"}
{"timestamp":"2026-07-28T09:33:02.857Z","level":"info","component":"LiveWS","message":"[LiveWS] Client connected: %s (%s) [%d total] 65bd4ac2 127.0.0.1 19"}
{"timestamp":"2026-07-28T09:33:05.548Z","level":"info","component":"LiveWS","message":"[LiveWS] Client connected: %s (%s) [%d total] b6610bed 127.0.0.1 20"}
{"timestamp":"2026-07-28T09:33:05.553Z","level":"info","component":"LiveWS","message":"[LiveWS] Client disconnected: %s [%d remaining] b6610bed 19"}
{"timestamp":"2026-07-28T09:33:05.753Z","level":"info","component":"LiveWS","message":"[LiveWS] Client disconnected: %s [%d remaining] 70748174 14"}
{"timestamp":"2026-07-28T09:33:05.755Z","level":"info","component":"LiveWS","message":"[LiveWS] Client disconnected: %s [%d remaining] 90956762 14"}
{"timestamp":"2026-07-28T09:33:05.756Z","level":"info","component":"LiveWS","message":"[LiveWS] Client disconnected: %s [%d remaining] 40118aeb 14"}
{"timestamp":"2026-07-28T09:33:05.757Z","level":"info","component":"LiveWS","message":"[LiveWS] Client disconnected: %s [%d remaining] af6bed5f 14"}
{"timestamp":"2026-07-28T09:33:05.758Z","level":"info","component":"LiveWS","message":"[LiveWS] Client disconnected: %s [%d remaining] 2527121b 14"}
{"timestamp":"2026-07-28T09:33:05.864Z","level":"info","component":"LiveWS","message":"[LiveWS] Client connected: %s (%s) [%d total] 555dd24c 127.0.0.1 15"}
{"timestamp":"2026-07-28T09:33:07.556Z","level":"info","component":"LiveWS","message":"[LiveWS] Client connected: %s (%s) [%d total] bdadd376 127.0.0.1 16"}
{"timestamp":"2026-07-28T09:33:07.874Z","level":"info","component":"LiveWS","message":"[LiveWS] Client connected: %s (%s) [%d total] afa2a1b0 127.0.0.1 17"}
{"timestamp":"2026-07-28T09:33:08.238Z","level":"info","component":"LiveWS","message":"[LiveWS] Client disconnected: %s [%d remaining] afa2a1b0 16"}
{"timestamp":"2026-07-28T09:33:08.555Z","level":"info","component":"LiveWS","message":"[LiveWS] Client connected: %s (%s) [%d total] 96a563b7 127.0.0.1 17"}
{"timestamp":"2026-07-28T09:33:08.871Z","level":"info","component":"LiveWS","message":"[LiveWS] Client connected: %s (%s) [%d total] 4db92ab5 127.0.0.1 18"}
{"timestamp":"2026-07-28T09:33:20.754Z","level":"info","component":"LiveWS","message":"[LiveWS] Client disconnected: %s [%d remaining] e4fff668 11"}
{"timestamp":"2026-07-28T09:33:20.756Z","level":"info","component":"LiveWS","message":"[LiveWS] Client disconnected: %s [%d remaining] 1999db13 11"}
{"timestamp":"2026-07-28T09:33:20.758Z","level":"info","component":"LiveWS","message":"[LiveWS] Client disconnected: %s [%d remaining] 79833431 11"}
{"timestamp":"2026-07-28T09:33:20.759Z","level":"info","component":"LiveWS","message":"[LiveWS] Client disconnected: %s [%d remaining] 6245d91c 11"}
{"timestamp":"2026-07-28T09:33:20.760Z","level":"info","component":"LiveWS","message":"[LiveWS] Client disconnected: %s [%d remaining] e53f6290 11"}
{"timestamp":"2026-07-28T09:33:20.761Z","level":"info","component":"LiveWS","message":"[LiveWS] Client disconnected: %s [%d remaining] 993da022 11"}
{"timestamp":"2026-07-28T09:33:20.763Z","level":"info","component":"LiveWS","message":"[LiveWS] Client disconnected: %s [%d remaining] bbf2724f 11"}
{"timestamp":"2026-07-28T09:33:22.547Z","level":"info","component":"LiveWS","message":"[LiveWS] Client connected: %s (%s) [%d total] eb85b3f5 127.0.0.1 12"}
{"timestamp":"2026-07-28T09:33:22.863Z","level":"info","component":"LiveWS","message":"[LiveWS] Client connected: %s (%s) [%d total] 4f9cc81d 127.0.0.1 13"}
{"timestamp":"2026-07-28T09:33:35.754Z","level":"info","component":"LiveWS","message":"[LiveWS] Client disconnected: %s [%d remaining] 7ccaa480 7"}
{"timestamp":"2026-07-28T09:33:35.756Z","level":"info","component":"LiveWS","message":"[LiveWS] Client disconnected: %s [%d remaining] 71486c09 7"}
{"timestamp":"2026-07-28T09:33:35.757Z","level":"info","component":"LiveWS","message":"[LiveWS] Client disconnected: %s [%d remaining] 75687ac2 7"}
{"timestamp":"2026-07-28T09:33:35.758Z","level":"info","component":"LiveWS","message":"[LiveWS] Client disconnected: %s [%d remaining] e96ad3c7 7"}
{"timestamp":"2026-07-28T09:33:35.759Z","level":"info","component":"LiveWS","message":"[LiveWS] Client disconnected: %s [%d remaining] 62581a29 7"}
{"timestamp":"2026-07-28T09:33:35.760Z","level":"info","component":"LiveWS","message":"[LiveWS] Client disconnected: %s [%d remaining] 4b560d94 7"}
{"timestamp":"2026-07-28T09:33:37.552Z","level":"info","component":"LiveWS","message":"[LiveWS] Client connected: %s (%s) [%d total] 43763bb4 127.0.0.1 8"}
{"timestamp":"2026-07-28T09:33:37.863Z","level":"info","component":"LiveWS","message":"[LiveWS] Client connected: %s (%s) [%d total] fb585c0d 127.0.0.1 9"}
{"timestamp":"2026-07-28T09:33:50.766Z","level":"info","component":"LiveWS","message":"[LiveWS] Client disconnected: %s [%d remaining] 4db92ab5 4"}
{"timestamp":"2026-07-28T09:33:50.768Z","level":"info","component":"LiveWS","message":"[LiveWS] Client disconnected: %s [%d remaining] 96a563b7 4"}
{"timestamp":"2026-07-28T09:33:50.770Z","level":"info","component":"LiveWS","message":"[LiveWS] Client disconnected: %s [%d remaining] bdadd376 4"}
{"timestamp":"2026-07-28T09:33:50.772Z","level":"info","component":"LiveWS","message":"[LiveWS] Client disconnected: %s [%d remaining] 555dd24c 4"}
{"timestamp":"2026-07-28T09:33:50.773Z","level":"info","component":"LiveWS","message":"[LiveWS] Client disconnected: %s [%d remaining] 65bd4ac2 4"}
{"timestamp":"2026-07-28T09:33:52.537Z","level":"info","component":"LiveWS","message":"[LiveWS] Client connected: %s (%s) [%d total] e5e89162 127.0.0.1 5"}
{"timestamp":"2026-07-28T09:33:52.557Z","level":"info","component":"LiveWS","message":"[LiveWS] Client disconnected: %s [%d remaining] e5e89162 4"}
{"timestamp":"2026-07-28T09:33:52.853Z","level":"info","component":"LiveWS","message":"[LiveWS] Client connected: %s (%s) [%d total] 4c50229d 127.0.0.1 5"}
{"timestamp":"2026-07-28T09:33:53.530Z","level":"info","component":"LiveWS","message":"[LiveWS] Client connected: %s (%s) [%d total] 64744d7c 127.0.0.1 6"}
{"timestamp":"2026-07-28T09:33:53.533Z","level":"info","component":"LiveWS","message":"[LiveWS] Client disconnected: %s [%d remaining] 64744d7c 5"}
{"timestamp":"2026-07-28T09:33:53.842Z","level":"info","component":"LiveWS","message":"[LiveWS] Client connected: %s (%s) [%d total] 22a09743 127.0.0.1 6"}
{"timestamp":"2026-07-28T09:33:56.539Z","level":"info","component":"LiveWS","message":"[LiveWS] Client connected: %s (%s) [%d total] 773aa560 127.0.0.1 7"}
{"timestamp":"2026-07-28T09:33:56.542Z","level":"info","component":"LiveWS","message":"[LiveWS] Client disconnected: %s [%d remaining] 773aa560 6"}
{"timestamp":"2026-07-28T09:33:56.851Z","level":"info","component":"LiveWS","message":"[LiveWS] Client connected: %s (%s) [%d total] 7164fdab 127.0.0.1 7"}
{"timestamp":"2026-07-28T09:33:58.419Z","level":"info","component":"LiveWS","message":"[LiveWS] Client disconnected: %s [%d remaining] 4c50229d 6"}
{"timestamp":"2026-07-28T09:33:58.586Z","level":"info","component":"LiveWS","message":"[LiveWS] Client disconnected: %s [%d remaining] 22a09743 5"}
{"timestamp":"2026-07-28T09:33:58.609Z","level":"info","component":"LiveWS","message":"[LiveWS] Client disconnected: %s [%d remaining] 7164fdab 4"}
{"timestamp":"2026-07-28T09:33:58.625Z","level":"info","component":"LiveWS","message":"[LiveWS] Client disconnected: %s [%d remaining] 4f9cc81d 3"}
{"timestamp":"2026-07-28T09:33:58.641Z","level":"info","component":"LiveWS","message":"[LiveWS] Client disconnected: %s [%d remaining] fb585c0d 2"}
{"timestamp":"2026-07-28T09:33:58.654Z","level":"info","component":"LiveWS","message":"[LiveWS] Client disconnected: %s [%d remaining] 43763bb4 1"}
{"timestamp":"2026-07-28T09:33:58.658Z","level":"info","component":"LiveWS","message":"[LiveWS] Client disconnected: %s [%d remaining] eb85b3f5 0"}
{"timestamp":"2026-07-28T09:34:39.507Z","level":"info","component":"LiveWS","message":"[LiveWS] Client connected: %s (%s) [%d total] cffca674 127.0.0.1 1"}
{"timestamp":"2026-07-28T09:34:39.520Z","level":"info","component":"LiveWS","message":"[LiveWS] Client disconnected: %s [%d remaining] cffca674 0"}
{"timestamp":"2026-07-28T09:34:40.073Z","level":"info","component":"LiveWS","message":"[LiveWS] Client connected: %s (%s) [%d total] 97493566 127.0.0.1 1"}
{"timestamp":"2026-07-28T09:35:10.554Z","level":"info","component":"LiveWS","message":"[LiveWS] Client connected: %s (%s) [%d total] 0d3ea917 127.0.0.1 2"}
{"timestamp":"2026-07-28T09:35:10.557Z","level":"info","component":"LiveWS","message":"[LiveWS] Client disconnected: %s [%d remaining] 0d3ea917 1"}
{"timestamp":"2026-07-28T09:35:10.872Z","level":"info","component":"LiveWS","message":"[LiveWS] Client connected: %s (%s) [%d total] 2b0a8443 127.0.0.1 2"}
{"timestamp":"2026-07-28T09:35:13.547Z","level":"info","component":"LiveWS","message":"[LiveWS] Client connected: %s (%s) [%d total] 03df7aac 127.0.0.1 3"}
{"timestamp":"2026-07-28T09:35:13.549Z","level":"info","component":"LiveWS","message":"[LiveWS] Client disconnected: %s [%d remaining] 03df7aac 2"}
{"timestamp":"2026-07-28T09:35:13.866Z","level":"info","component":"LiveWS","message":"[LiveWS] Client connected: %s (%s) [%d total] 7b9c9754 127.0.0.1 3"}
{"timestamp":"2026-07-28T09:35:16.554Z","level":"info","component":"LiveWS","message":"[LiveWS] Client connected: %s (%s) [%d total] 7a44cb70 127.0.0.1 4"}
{"timestamp":"2026-07-28T09:35:16.558Z","level":"info","component":"LiveWS","message":"[LiveWS] Client disconnected: %s [%d remaining] 7a44cb70 3"}
{"timestamp":"2026-07-28T09:35:16.874Z","level":"info","component":"LiveWS","message":"[LiveWS] Client connected: %s (%s) [%d total] bdfbe1b4 127.0.0.1 4"}
{"timestamp":"2026-07-28T09:35:19.557Z","level":"info","component":"LiveWS","message":"[LiveWS] Client connected: %s (%s) [%d total] fee97459 127.0.0.1 5"}
{"timestamp":"2026-07-28T09:35:19.560Z","level":"info","component":"LiveWS","message":"[LiveWS] Client disconnected: %s [%d remaining] fee97459 4"}
{"timestamp":"2026-07-28T09:35:19.875Z","level":"info","component":"LiveWS","message":"[LiveWS] Client connected: %s (%s) [%d total] 647d6430 127.0.0.1 5"}
{"timestamp":"2026-07-28T09:35:22.552Z","level":"info","component":"LiveWS","message":"[LiveWS] Client connected: %s (%s) [%d total] 998a327e 127.0.0.1 6"}
{"timestamp":"2026-07-28T09:35:22.555Z","level":"info","component":"LiveWS","message":"[LiveWS] Client disconnected: %s [%d remaining] 998a327e 5"}
{"timestamp":"2026-07-28T09:35:22.871Z","level":"info","component":"LiveWS","message":"[LiveWS] Client connected: %s (%s) [%d total] 6c41592e 127.0.0.1 6"}
{"timestamp":"2026-07-28T09:35:23.315Z","level":"info","component":"LiveWS","message":"[LiveWS] Client disconnected: %s [%d remaining] 97493566 5"}
{"timestamp":"2026-07-28T09:35:25.546Z","level":"info","component":"LiveWS","message":"[LiveWS] Client connected: %s (%s) [%d total] 0422082c 127.0.0.1 6"}
{"timestamp":"2026-07-28T09:35:25.548Z","level":"info","component":"LiveWS","message":"[LiveWS] Client disconnected: %s [%d remaining] 0422082c 5"}
{"timestamp":"2026-07-28T09:35:25.866Z","level":"info","component":"LiveWS","message":"[LiveWS] Client connected: %s (%s) [%d total] 2a74f327 127.0.0.1 6"}
{"timestamp":"2026-07-28T09:35:30.553Z","level":"info","component":"LiveWS","message":"[LiveWS] Client connected: %s (%s) [%d total] b058b90d 127.0.0.1 7"}
{"timestamp":"2026-07-28T09:35:30.556Z","level":"info","component":"LiveWS","message":"[LiveWS] Client disconnected: %s [%d remaining] b058b90d 6"}
{"timestamp":"2026-07-28T09:35:30.872Z","level":"info","component":"LiveWS","message":"[LiveWS] Client connected: %s (%s) [%d total] f2db0e02 127.0.0.1 7"}
{"timestamp":"2026-07-28T09:35:33.541Z","level":"info","component":"LiveWS","message":"[LiveWS] Client connected: %s (%s) [%d total] 9d8e01b0 127.0.0.1 8"}
{"timestamp":"2026-07-28T09:35:33.544Z","level":"info","component":"LiveWS","message":"[LiveWS] Client disconnected: %s [%d remaining] 9d8e01b0 7"}
{"timestamp":"2026-07-28T09:35:33.861Z","level":"info","component":"LiveWS","message":"[LiveWS] Client connected: %s (%s) [%d total] 08df3a72 127.0.0.1 8"}
{"timestamp":"2026-07-28T09:35:36.543Z","level":"info","component":"LiveWS","message":"[LiveWS] Client connected: %s (%s) [%d total] 337e23c3 127.0.0.1 9"}
{"timestamp":"2026-07-28T09:35:36.546Z","level":"info","component":"LiveWS","message":"[LiveWS] Client disconnected: %s [%d remaining] 337e23c3 8"}
{"timestamp":"2026-07-28T09:35:36.864Z","level":"info","component":"LiveWS","message":"[LiveWS] Client connected: %s (%s) [%d total] 782e8b4e 127.0.0.1 9"}
{"timestamp":"2026-07-28T09:35:39.549Z","level":"info","component":"LiveWS","message":"[LiveWS] Client connected: %s (%s) [%d total] 6338ca46 127.0.0.1 10"}
{"timestamp":"2026-07-28T09:35:39.552Z","level":"info","component":"LiveWS","message":"[LiveWS] Client disconnected: %s [%d remaining] 6338ca46 9"}
{"timestamp":"2026-07-28T09:35:39.871Z","level":"info","component":"LiveWS","message":"[LiveWS] Client connected: %s (%s) [%d total] 9860bf21 127.0.0.1 10"}
{"timestamp":"2026-07-28T09:35:42.549Z","level":"info","component":"LiveWS","message":"[LiveWS] Client connected: %s (%s) [%d total] 158d7345 127.0.0.1 11"}
{"timestamp":"2026-07-28T09:35:42.552Z","level":"info","component":"LiveWS","message":"[LiveWS] Client disconnected: %s [%d remaining] 158d7345 10"}
{"timestamp":"2026-07-28T09:35:42.866Z","level":"info","component":"LiveWS","message":"[LiveWS] Client connected: %s (%s) [%d total] ecc28cb6 127.0.0.1 11"}
{"timestamp":"2026-07-28T09:35:45.553Z","level":"info","component":"LiveWS","message":"[LiveWS] Client connected: %s (%s) [%d total] 66d38fed 127.0.0.1 12"}
{"timestamp":"2026-07-28T09:35:45.556Z","level":"info","component":"LiveWS","message":"[LiveWS] Client disconnected: %s [%d remaining] 66d38fed 11"}
{"timestamp":"2026-07-28T09:35:45.873Z","level":"info","component":"LiveWS","message":"[LiveWS] Client connected: %s (%s) [%d total] 47427cb5 127.0.0.1 12"}
{"timestamp":"2026-07-28T09:35:48.548Z","level":"info","component":"LiveWS","message":"[LiveWS] Client connected: %s (%s) [%d total] 58d2498a 127.0.0.1 13"}
{"timestamp":"2026-07-28T09:35:48.552Z","level":"info","component":"LiveWS","message":"[LiveWS] Client disconnected: %s [%d remaining] 58d2498a 12"}
{"timestamp":"2026-07-28T09:35:48.867Z","level":"info","component":"LiveWS","message":"[LiveWS] Client connected: %s (%s) [%d total] 52115ba9 127.0.0.1 13"}
{"timestamp":"2026-07-28T09:35:51.552Z","level":"info","component":"LiveWS","message":"[LiveWS] Client connected: %s (%s) [%d total] cd2fdf88 127.0.0.1 14"}
{"timestamp":"2026-07-28T09:35:51.555Z","level":"info","component":"LiveWS","message":"[LiveWS] Client disconnected: %s [%d remaining] cd2fdf88 13"}
{"timestamp":"2026-07-28T09:35:51.872Z","level":"info","component":"LiveWS","message":"[LiveWS] Client connected: %s (%s) [%d total] 5abd7e78 127.0.0.1 14"}
{"timestamp":"2026-07-28T09:35:53.339Z","level":"info","component":"LiveWS","message":"[LiveWS] Client disconnected: %s [%d remaining] bdfbe1b4 11"}
{"timestamp":"2026-07-28T09:35:53.342Z","level":"info","component":"LiveWS","message":"[LiveWS] Client disconnected: %s [%d remaining] 7b9c9754 11"}
{"timestamp":"2026-07-28T09:35:53.345Z","level":"info","component":"LiveWS","message":"[LiveWS] Client disconnected: %s [%d remaining] 2b0a8443 11"}
{"timestamp":"2026-07-28T09:35:54.551Z","level":"info","component":"LiveWS","message":"[LiveWS] Client connected: %s (%s) [%d total] 253b6dc0 127.0.0.1 12"}
{"timestamp":"2026-07-28T09:35:54.554Z","level":"info","component":"LiveWS","message":"[LiveWS] Client disconnected: %s [%d remaining] 253b6dc0 11"}
{"timestamp":"2026-07-28T09:35:54.870Z","level":"info","component":"LiveWS","message":"[LiveWS] Client connected: %s (%s) [%d total] c6c00f14 127.0.0.1 12"}
{"timestamp":"2026-07-28T09:35:55.558Z","level":"info","component":"LiveWS","message":"[LiveWS] Client connected: %s (%s) [%d total] 4ccd96b3 127.0.0.1 13"}
{"timestamp":"2026-07-28T09:35:55.561Z","level":"info","component":"LiveWS","message":"[LiveWS] Client disconnected: %s [%d remaining] 4ccd96b3 12"}
{"timestamp":"2026-07-28T09:35:55.876Z","level":"info","component":"LiveWS","message":"[LiveWS] Client connected: %s (%s) [%d total] d06acf3d 127.0.0.1 13"}
{"timestamp":"2026-07-28T09:36:00.537Z","level":"info","component":"LiveWS","message":"[LiveWS] Client connected: %s (%s) [%d total] 46912154 127.0.0.1 14"}
{"timestamp":"2026-07-28T09:36:00.541Z","level":"info","component":"LiveWS","message":"[LiveWS] Client disconnected: %s [%d remaining] 46912154 13"}
{"timestamp":"2026-07-28T09:36:00.857Z","level":"info","component":"LiveWS","message":"[LiveWS] Client connected: %s (%s) [%d total] 8845c959 127.0.0.1 14"}
{"timestamp":"2026-07-28T09:36:03.560Z","level":"info","component":"LiveWS","message":"[LiveWS] Client connected: %s (%s) [%d total] 8d2b65c9 127.0.0.1 15"}
{"timestamp":"2026-07-28T09:36:03.564Z","level":"info","component":"LiveWS","message":"[LiveWS] Client disconnected: %s [%d remaining] 8d2b65c9 14"}
{"timestamp":"2026-07-28T09:36:03.880Z","level":"info","component":"LiveWS","message":"[LiveWS] Client connected: %s (%s) [%d total] 83ed6707 127.0.0.1 15"}
{"timestamp":"2026-07-28T09:36:06.530Z","level":"info","component":"LiveWS","message":"[LiveWS] Client connected: %s (%s) [%d total] 2d4e5eec 127.0.0.1 16"}
{"timestamp":"2026-07-28T09:36:06.536Z","level":"info","component":"LiveWS","message":"[LiveWS] Client disconnected: %s [%d remaining] 2d4e5eec 15"}
{"timestamp":"2026-07-28T09:36:06.848Z","level":"info","component":"LiveWS","message":"[LiveWS] Client connected: %s (%s) [%d total] 201d9926 127.0.0.1 16"}
{"timestamp":"2026-07-28T09:36:08.347Z","level":"info","component":"LiveWS","message":"[LiveWS] Client disconnected: %s [%d remaining] f2db0e02 12"}
{"timestamp":"2026-07-28T09:36:08.349Z","level":"info","component":"LiveWS","message":"[LiveWS] Client disconnected: %s [%d remaining] 2a74f327 12"}
{"timestamp":"2026-07-28T09:36:08.351Z","level":"info","component":"LiveWS","message":"[LiveWS] Client disconnected: %s [%d remaining] 6c41592e 12"}
{"timestamp":"2026-07-28T09:36:08.352Z","level":"info","component":"LiveWS","message":"[LiveWS] Client disconnected: %s [%d remaining] 647d6430 12"}
{"timestamp":"2026-07-28T09:36:09.543Z","level":"info","component":"LiveWS","message":"[LiveWS] Client connected: %s (%s) [%d total] 46eb6191 127.0.0.1 13"}
{"timestamp":"2026-07-28T09:36:09.546Z","level":"info","component":"LiveWS","message":"[LiveWS] Client disconnected: %s [%d remaining] 46eb6191 12"}
{"timestamp":"2026-07-28T09:36:09.864Z","level":"info","component":"LiveWS","message":"[LiveWS] Client connected: %s (%s) [%d total] 77fd5078 127.0.0.1 13"}
{"timestamp":"2026-07-28T09:36:10.548Z","level":"info","component":"LiveWS","message":"[LiveWS] Client connected: %s (%s) [%d total] e4c4a6c9 127.0.0.1 14"}
{"timestamp":"2026-07-28T09:36:10.551Z","level":"info","component":"LiveWS","message":"[LiveWS] Client disconnected: %s [%d remaining] e4c4a6c9 13"}
{"timestamp":"2026-07-28T09:36:10.868Z","level":"info","component":"LiveWS","message":"[LiveWS] Client connected: %s (%s) [%d total] 2386922b 127.0.0.1 14"}
{"timestamp":"2026-07-28T09:36:19.557Z","level":"info","component":"LiveWS","message":"[LiveWS] Client connected: %s (%s) [%d total] d7402e9c 127.0.0.1 15"}
{"timestamp":"2026-07-28T09:36:19.560Z","level":"info","component":"LiveWS","message":"[LiveWS] Client disconnected: %s [%d remaining] d7402e9c 14"}
{"timestamp":"2026-07-28T09:36:19.878Z","level":"info","component":"LiveWS","message":"[LiveWS] Client connected: %s (%s) [%d total] 2f0c3d85 127.0.0.1 15"}
{"timestamp":"2026-07-28T09:36:22.556Z","level":"info","component":"LiveWS","message":"[LiveWS] Client connected: %s (%s) [%d total] 0a2035b0 127.0.0.1 16"}
{"timestamp":"2026-07-28T09:36:22.561Z","level":"info","component":"LiveWS","message":"[LiveWS] Client disconnected: %s [%d remaining] 0a2035b0 15"}
{"timestamp":"2026-07-28T09:36:22.874Z","level":"info","component":"LiveWS","message":"[LiveWS] Client connected: %s (%s) [%d total] 2f440ce5 127.0.0.1 16"}
{"timestamp":"2026-07-28T09:36:23.353Z","level":"info","component":"LiveWS","message":"[LiveWS] Client disconnected: %s [%d remaining] 47427cb5 11"}
{"timestamp":"2026-07-28T09:36:23.355Z","level":"info","component":"LiveWS","message":"[LiveWS] Client disconnected: %s [%d remaining] ecc28cb6 11"}
{"timestamp":"2026-07-28T09:36:23.356Z","level":"info","component":"LiveWS","message":"[LiveWS] Client disconnected: %s [%d remaining] 9860bf21 11"}
{"timestamp":"2026-07-28T09:36:23.357Z","level":"info","component":"LiveWS","message":"[LiveWS] Client disconnected: %s [%d remaining] 782e8b4e 11"}
{"timestamp":"2026-07-28T09:36:23.359Z","level":"info","component":"LiveWS","message":"[LiveWS] Client disconnected: %s [%d remaining] 08df3a72 11"}
{"timestamp":"2026-07-28T09:36:25.559Z","level":"info","component":"LiveWS","message":"[LiveWS] Client connected: %s (%s) [%d total] 8c711eed 127.0.0.1 12"}
{"timestamp":"2026-07-28T09:36:25.562Z","level":"info","component":"LiveWS","message":"[LiveWS] Client disconnected: %s [%d remaining] 8c711eed 11"}
{"timestamp":"2026-07-28T09:36:25.877Z","level":"info","component":"LiveWS","message":"[LiveWS] Client connected: %s (%s) [%d total] 5d6f84e3 127.0.0.1 12"}
{"timestamp":"2026-07-28T09:36:38.366Z","level":"info","component":"LiveWS","message":"[LiveWS] Client disconnected: %s [%d remaining] 8845c959 7"}
{"timestamp":"2026-07-28T09:36:38.367Z","level":"info","component":"LiveWS","message":"[LiveWS] Client disconnected: %s [%d remaining] d06acf3d 7"}
{"timestamp":"2026-07-28T09:36:38.368Z","level":"info","component":"LiveWS","message":"[LiveWS] Client disconnected: %s [%d remaining] c6c00f14 7"}
{"timestamp":"2026-07-28T09:36:38.369Z","level":"info","component":"LiveWS","message":"[LiveWS] Client disconnected: %s [%d remaining] 5abd7e78 7"}
{"timestamp":"2026-07-28T09:36:38.370Z","level":"info","component":"LiveWS","message":"[LiveWS] Client disconnected: %s [%d remaining] 52115ba9 7"}
{"timestamp":"2026-07-28T09:36:40.555Z","level":"info","component":"LiveWS","message":"[LiveWS] Client connected: %s (%s) [%d total] 4a4d5ace 127.0.0.1 8"}
{"timestamp":"2026-07-28T09:36:40.874Z","level":"info","component":"LiveWS","message":"[LiveWS] Client connected: %s (%s) [%d total] 5358f297 127.0.0.1 9"}
{"timestamp":"2026-07-28T09:36:53.378Z","level":"info","component":"LiveWS","message":"[LiveWS] Client disconnected: %s [%d remaining] 2386922b 5"}
{"timestamp":"2026-07-28T09:36:53.381Z","level":"info","component":"LiveWS","message":"[LiveWS] Client disconnected: %s [%d remaining] 77fd5078 5"}
{"timestamp":"2026-07-28T09:36:53.382Z","level":"info","component":"LiveWS","message":"[LiveWS] Client disconnected: %s [%d remaining] 201d9926 5"}
{"timestamp":"2026-07-28T09:36:53.384Z","level":"info","component":"LiveWS","message":"[LiveWS] Client disconnected: %s [%d remaining] 83ed6707 5"}
{"timestamp":"2026-07-28T09:36:55.552Z","level":"info","component":"LiveWS","message":"[LiveWS] Client connected: %s (%s) [%d total] 35fe412c 127.0.0.1 6"}
{"timestamp":"2026-07-28T09:36:55.555Z","level":"info","component":"LiveWS","message":"[LiveWS] Client disconnected: %s [%d remaining] 35fe412c 5"}
{"timestamp":"2026-07-28T09:36:55.871Z","level":"info","component":"LiveWS","message":"[LiveWS] Client connected: %s (%s) [%d total] 5ad9d4e0 127.0.0.1 6"}
{"timestamp":"2026-07-28T09:36:56.558Z","level":"info","component":"LiveWS","message":"[LiveWS] Client connected: %s (%s) [%d total] 10c7f0f9 127.0.0.1 7"}
{"timestamp":"2026-07-28T09:36:56.561Z","level":"info","component":"LiveWS","message":"[LiveWS] Client disconnected: %s [%d remaining] 10c7f0f9 6"}
{"timestamp":"2026-07-28T09:36:56.879Z","level":"info","component":"LiveWS","message":"[LiveWS] Client connected: %s (%s) [%d total] d4fdd0f9 127.0.0.1 7"}
{"timestamp":"2026-07-28T09:36:59.547Z","level":"info","component":"LiveWS","message":"[LiveWS] Client connected: %s (%s) [%d total] 5c0ca362 127.0.0.1 8"}
{"timestamp":"2026-07-28T09:36:59.550Z","level":"info","component":"LiveWS","message":"[LiveWS] Client disconnected: %s [%d remaining] 5c0ca362 7"}
{"timestamp":"2026-07-28T09:36:59.868Z","level":"info","component":"LiveWS","message":"[LiveWS] Client connected: %s (%s) [%d total] 07fb95f3 127.0.0.1 8"}
{"timestamp":"2026-07-28T09:37:02.551Z","level":"info","component":"LiveWS","message":"[LiveWS] Client connected: %s (%s) [%d total] 69363f01 127.0.0.1 9"}
{"timestamp":"2026-07-28T09:37:02.555Z","level":"info","component":"LiveWS","message":"[LiveWS] Client disconnected: %s [%d remaining] 69363f01 8"}
{"timestamp":"2026-07-28T09:37:02.872Z","level":"info","component":"LiveWS","message":"[LiveWS] Client connected: %s (%s) [%d total] f51ced14 127.0.0.1 9"}
{"timestamp":"2026-07-28T09:37:05.555Z","level":"info","component":"LiveWS","message":"[LiveWS] Client connected: %s (%s) [%d total] 05def5aa 127.0.0.1 10"}
{"timestamp":"2026-07-28T09:37:05.558Z","level":"info","component":"LiveWS","message":"[LiveWS] Client disconnected: %s [%d remaining] 05def5aa 9"}
{"timestamp":"2026-07-28T09:37:05.874Z","level":"info","component":"LiveWS","message":"[LiveWS] Client connected: %s (%s) [%d total] 093624bf 127.0.0.1 10"}
{"timestamp":"2026-07-28T09:37:08.393Z","level":"info","component":"LiveWS","message":"[LiveWS] Client disconnected: %s [%d remaining] 5d6f84e3 7"}
{"timestamp":"2026-07-28T09:37:08.395Z","level":"info","component":"LiveWS","message":"[LiveWS] Client disconnected: %s [%d remaining] 2f440ce5 7"}
{"timestamp":"2026-07-28T09:37:08.397Z","level":"info","component":"LiveWS","message":"[LiveWS] Client disconnected: %s [%d remaining] 2f0c3d85 7"}
{"timestamp":"2026-07-28T09:37:08.539Z","level":"info","component":"LiveWS","message":"[LiveWS] Client connected: %s (%s) [%d total] ceb75250 127.0.0.1 8"}
{"timestamp":"2026-07-28T09:37:08.858Z","level":"info","component":"LiveWS","message":"[LiveWS] Client connected: %s (%s) [%d total] 8bd5145c 127.0.0.1 9"}
{"timestamp":"2026-07-28T09:37:10.232Z","level":"info","component":"LiveWS","message":"[LiveWS] Client disconnected: %s [%d remaining] 8bd5145c 8"}
{"timestamp":"2026-07-28T09:37:10.552Z","level":"info","component":"LiveWS","message":"[LiveWS] Client connected: %s (%s) [%d total] b21c655b 127.0.0.1 9"}
{"timestamp":"2026-07-28T09:37:10.872Z","level":"info","component":"LiveWS","message":"[LiveWS] Client connected: %s (%s) [%d total] c90d7c12 127.0.0.1 10"}
{"timestamp":"2026-07-28T09:37:23.395Z","level":"info","component":"LiveWS","message":"[LiveWS] Client disconnected: %s [%d remaining] 5358f297 8"}
{"timestamp":"2026-07-28T09:37:23.397Z","level":"info","component":"LiveWS","message":"[LiveWS] Client disconnected: %s [%d remaining] 4a4d5ace 8"}
{"timestamp":"2026-07-28T09:37:25.549Z","level":"info","component":"LiveWS","message":"[LiveWS] Client connected: %s (%s) [%d total] 7172cd03 127.0.0.1 9"}
{"timestamp":"2026-07-28T09:37:25.552Z","level":"info","component":"LiveWS","message":"[LiveWS] Client disconnected: %s [%d remaining] 7172cd03 8"}
{"timestamp":"2026-07-28T09:37:25.867Z","level":"info","component":"LiveWS","message":"[LiveWS] Client connected: %s (%s) [%d total] 5148f91d 127.0.0.1 9"}
{"timestamp":"2026-07-28T09:37:28.553Z","level":"info","component":"LiveWS","message":"[LiveWS] Client connected: %s (%s) [%d total] 2710a73e 127.0.0.1 10"}
{"timestamp":"2026-07-28T09:37:28.556Z","level":"info","component":"LiveWS","message":"[LiveWS] Client disconnected: %s [%d remaining] 2710a73e 9"}
{"timestamp":"2026-07-28T09:37:28.872Z","level":"info","component":"LiveWS","message":"[LiveWS] Client connected: %s (%s) [%d total] 2a6951cf 127.0.0.1 10"}
{"timestamp":"2026-07-28T09:37:31.554Z","level":"info","component":"LiveWS","message":"[LiveWS] Client connected: %s (%s) [%d total] 4f3a074a 127.0.0.1 11"}
{"timestamp":"2026-07-28T09:37:31.558Z","level":"info","component":"LiveWS","message":"[LiveWS] Client disconnected: %s [%d remaining] 4f3a074a 10"}
{"timestamp":"2026-07-28T09:37:31.874Z","level":"info","component":"LiveWS","message":"[LiveWS] Client connected: %s (%s) [%d total] 4902d346 127.0.0.1 11"}
{"timestamp":"2026-07-28T09:37:32.328Z","level":"info","component":"ProviderLimitsSync","message":"[ProviderLimitsSync] Cycle complete: 0/0 synced in 8ms"}
{"timestamp":"2026-07-28T09:37:34.553Z","level":"info","component":"LiveWS","message":"[LiveWS] Client connected: %s (%s) [%d total] 43e25326 127.0.0.1 12"}
{"timestamp":"2026-07-28T09:37:34.557Z","level":"info","component":"LiveWS","message":"[LiveWS] Client disconnected: %s [%d remaining] 43e25326 11"}
{"timestamp":"2026-07-28T09:37:34.874Z","level":"info","component":"LiveWS","message":"[LiveWS] Client connected: %s (%s) [%d total] 51a6f27e 127.0.0.1 12"}
{"timestamp":"2026-07-28T09:37:37.557Z","level":"info","component":"LiveWS","message":"[LiveWS] Client connected: %s (%s) [%d total] 79687557 127.0.0.1 13"}
{"timestamp":"2026-07-28T09:37:37.560Z","level":"info","component":"LiveWS","message":"[LiveWS] Client disconnected: %s [%d remaining] 79687557 12"}
{"timestamp":"2026-07-28T09:37:37.876Z","level":"info","component":"LiveWS","message":"[LiveWS] Client connected: %s (%s) [%d total] ba4251d5 127.0.0.1 13"}
{"timestamp":"2026-07-28T09:37:38.402Z","level":"info","component":"LiveWS","message":"[LiveWS] Client disconnected: %s [%d remaining] f51ced14 9"}
{"timestamp":"2026-07-28T09:37:38.404Z","level":"info","component":"LiveWS","message":"[LiveWS] Client disconnected: %s [%d remaining] 07fb95f3 9"}
{"timestamp":"2026-07-28T09:37:38.406Z","level":"info","component":"LiveWS","message":"[LiveWS] Client disconnected: %s [%d remaining] d4fdd0f9 9"}
{"timestamp":"2026-07-28T09:37:38.407Z","level":"info","component":"LiveWS","message":"[LiveWS] Client disconnected: %s [%d remaining] 5ad9d4e0 9"}
{"timestamp":"2026-07-28T09:37:40.558Z","level":"info","component":"LiveWS","message":"[LiveWS] Client connected: %s (%s) [%d total] d60eab78 127.0.0.1 10"}
{"timestamp":"2026-07-28T09:37:40.878Z","level":"info","component":"LiveWS","message":"[LiveWS] Client connected: %s (%s) [%d total] cf3843a2 127.0.0.1 11"}
{"timestamp":"2026-07-28T09:37:53.417Z","level":"info","component":"LiveWS","message":"[LiveWS] Client disconnected: %s [%d remaining] c90d7c12 7"}
{"timestamp":"2026-07-28T09:37:53.419Z","level":"info","component":"LiveWS","message":"[LiveWS] Client disconnected: %s [%d remaining] b21c655b 7"}
{"timestamp":"2026-07-28T09:37:53.422Z","level":"info","component":"LiveWS","message":"[LiveWS] Client disconnected: %s [%d remaining] ceb75250 7"}
{"timestamp":"2026-07-28T09:37:53.424Z","level":"info","component":"LiveWS","message":"[LiveWS] Client disconnected: %s [%d remaining] 093624bf 7"}
{"timestamp":"2026-07-28T09:37:54.546Z","level":"info","component":"LiveWS","message":"[LiveWS] Client connected: %s (%s) [%d total] f99e2e46 127.0.0.1 8"}
{"timestamp":"2026-07-28T09:37:54.549Z","level":"info","component":"LiveWS","message":"[LiveWS] Client disconnected: %s [%d remaining] f99e2e46 7"}
{"timestamp":"2026-07-28T09:37:54.867Z","level":"info","component":"LiveWS","message":"[LiveWS] Client connected: %s (%s) [%d total] b3d9dc90 127.0.0.1 8"}
{"timestamp":"2026-07-28T09:37:55.553Z","level":"info","component":"LiveWS","message":"[LiveWS] Client connected: %s (%s) [%d total] f39509a6 127.0.0.1 9"}
{"timestamp":"2026-07-28T09:37:55.557Z","level":"info","component":"LiveWS","message":"[LiveWS] Client disconnected: %s [%d remaining] f39509a6 8"}
{"timestamp":"2026-07-28T09:37:55.873Z","level":"info","component":"LiveWS","message":"[LiveWS] Client connected: %s (%s) [%d total] 355b6233 127.0.0.1 9"}
{"timestamp":"2026-07-28T09:37:56.557Z","level":"info","component":"LiveWS","message":"[LiveWS] Client connected: %s (%s) [%d total] 457cd7ea 127.0.0.1 10"}
{"timestamp":"2026-07-28T09:37:56.560Z","level":"info","component":"LiveWS","message":"[LiveWS] Client disconnected: %s [%d remaining] 457cd7ea 9"}
{"timestamp":"2026-07-28T09:37:56.877Z","level":"info","component":"LiveWS","message":"[LiveWS] Client connected: %s (%s) [%d total] 50024a1f 127.0.0.1 10"}
{"timestamp":"2026-07-28T09:37:58.541Z","level":"info","component":"LiveWS","message":"[LiveWS] Client connected: %s (%s) [%d total] a2652a70 127.0.0.1 11"}
{"timestamp":"2026-07-28T09:37:58.545Z","level":"info","component":"LiveWS","message":"[LiveWS] Client disconnected: %s [%d remaining] a2652a70 10"}
{"timestamp":"2026-07-28T09:37:58.860Z","level":"info","component":"LiveWS","message":"[LiveWS] Client connected: %s (%s) [%d total] b23ef7b3 127.0.0.1 11"}
{"timestamp":"2026-07-28T09:38:01.560Z","level":"info","component":"LiveWS","message":"[LiveWS] Client connected: %s (%s) [%d total] f8ac4300 127.0.0.1 12"}
{"timestamp":"2026-07-28T09:38:01.563Z","level":"info","component":"LiveWS","message":"[LiveWS] Client disconnected: %s [%d remaining] f8ac4300 11"}
{"timestamp":"2026-07-28T09:38:01.881Z","level":"info","component":"LiveWS","message":"[LiveWS] Client connected: %s (%s) [%d total] d55562c7 127.0.0.1 12"}
{"timestamp":"2026-07-28T09:38:04.552Z","level":"info","component":"LiveWS","message":"[LiveWS] Client connected: %s (%s) [%d total] 78a0b090 127.0.0.1 13"}
{"timestamp":"2026-07-28T09:38:04.557Z","level":"info","component":"LiveWS","message":"[LiveWS] Client disconnected: %s [%d remaining] 78a0b090 12"}
{"timestamp":"2026-07-28T09:38:04.873Z","level":"info","component":"LiveWS","message":"[LiveWS] Client connected: %s (%s) [%d total] 867bf7a2 127.0.0.1 13"}
{"timestamp":"2026-07-28T09:38:07.553Z","level":"info","component":"LiveWS","message":"[LiveWS] Client connected: %s (%s) [%d total] 913b44e3 127.0.0.1 14"}
{"timestamp":"2026-07-28T09:38:07.557Z","level":"info","component":"LiveWS","message":"[LiveWS] Client disconnected: %s [%d remaining] 913b44e3 13"}
{"timestamp":"2026-07-28T09:38:07.873Z","level":"info","component":"LiveWS","message":"[LiveWS] Client connected: %s (%s) [%d total] f6d17052 127.0.0.1 14"}
{"timestamp":"2026-07-28T09:38:08.428Z","level":"info","component":"LiveWS","message":"[LiveWS] Client disconnected: %s [%d remaining] 4902d346 11"}
{"timestamp":"2026-07-28T09:38:08.431Z","level":"info","component":"LiveWS","message":"[LiveWS] Client disconnected: %s [%d remaining] 2a6951cf 11"}
{"timestamp":"2026-07-28T09:38:08.432Z","level":"info","component":"LiveWS","message":"[LiveWS] Client disconnected: %s [%d remaining] 5148f91d 11"}
{"timestamp":"2026-07-28T09:38:10.555Z","level":"info","component":"LiveWS","message":"[LiveWS] Client connected: %s (%s) [%d total] f6903fac 127.0.0.1 12"}
{"timestamp":"2026-07-28T09:38:10.560Z","level":"info","component":"LiveWS","message":"[LiveWS] Client disconnected: %s [%d remaining] f6903fac 11"}
{"timestamp":"2026-07-28T09:38:10.873Z","level":"info","component":"LiveWS","message":"[LiveWS] Client connected: %s (%s) [%d total] b4bbcf19 127.0.0.1 12"}
{"timestamp":"2026-07-28T09:38:23.434Z","level":"info","component":"LiveWS","message":"[LiveWS] Client disconnected: %s [%d remaining] cf3843a2 8"}
{"timestamp":"2026-07-28T09:38:23.437Z","level":"info","component":"LiveWS","message":"[LiveWS] Client disconnected: %s [%d remaining] d60eab78 8"}
{"timestamp":"2026-07-28T09:38:23.438Z","level":"info","component":"LiveWS","message":"[LiveWS] Client disconnected: %s [%d remaining] ba4251d5 8"}
{"timestamp":"2026-07-28T09:38:23.440Z","level":"info","component":"LiveWS","message":"[LiveWS] Client disconnected: %s [%d remaining] 51a6f27e 8"}
{"timestamp":"2026-07-28T09:38:25.558Z","level":"info","component":"LiveWS","message":"[LiveWS] Client connected: %s (%s) [%d total] cc762ccf 127.0.0.1 9"}
{"timestamp":"2026-07-28T09:38:25.561Z","level":"info","component":"LiveWS","message":"[LiveWS] Client disconnected: %s [%d remaining] cc762ccf 8"}
{"timestamp":"2026-07-28T09:38:25.877Z","level":"info","component":"LiveWS","message":"[LiveWS] Client connected: %s (%s) [%d total] 71b17670 127.0.0.1 9"}
{"timestamp":"2026-07-28T09:38:27.552Z","level":"info","component":"LiveWS","message":"[LiveWS] Client connected: %s (%s) [%d total] b7b16701 127.0.0.1 10"}
{"timestamp":"2026-07-28T09:38:27.555Z","level":"info","component":"LiveWS","message":"[LiveWS] Client disconnected: %s [%d remaining] b7b16701 9"}
{"timestamp":"2026-07-28T09:38:27.871Z","level":"info","component":"LiveWS","message":"[LiveWS] Client connected: %s (%s) [%d total] 585b4151 127.0.0.1 10"}
{"timestamp":"2026-07-28T09:38:30.552Z","level":"info","component":"LiveWS","message":"[LiveWS] Client connected: %s (%s) [%d total] 99b550e0 127.0.0.1 11"}
{"timestamp":"2026-07-28T09:38:30.556Z","level":"info","component":"LiveWS","message":"[LiveWS] Client disconnected: %s [%d remaining] 99b550e0 10"}
{"timestamp":"2026-07-28T09:38:30.870Z","level":"info","component":"LiveWS","message":"[LiveWS] Client connected: %s (%s) [%d total] 1d408ff5 127.0.0.1 11"}
{"timestamp":"2026-07-28T09:38:33.550Z","level":"info","component":"LiveWS","message":"[LiveWS] Client connected: %s (%s) [%d total] 0e6fd09b 127.0.0.1 12"}
{"timestamp":"2026-07-28T09:38:33.554Z","level":"info","component":"LiveWS","message":"[LiveWS] Client disconnected: %s [%d remaining] 0e6fd09b 11"}
{"timestamp":"2026-07-28T09:38:33.868Z","level":"info","component":"LiveWS","message":"[LiveWS] Client connected: %s (%s) [%d total] ef7777b1 127.0.0.1 12"}
{"timestamp":"2026-07-28T09:38:36.550Z","level":"info","component":"LiveWS","message":"[LiveWS] Client connected: %s (%s) [%d total] 9503f6d7 127.0.0.1 13"}
{"timestamp":"2026-07-28T09:38:36.554Z","level":"info","component":"LiveWS","message":"[LiveWS] Client disconnected: %s [%d remaining] 9503f6d7 12"}
{"timestamp":"2026-07-28T09:38:36.870Z","level":"info","component":"LiveWS","message":"[LiveWS] Client connected: %s (%s) [%d total] d2091510 127.0.0.1 13"}
{"timestamp":"2026-07-28T09:38:38.449Z","level":"info","component":"LiveWS","message":"[LiveWS] Client disconnected: %s [%d remaining] d55562c7 8"}
{"timestamp":"2026-07-28T09:38:38.452Z","level":"info","component":"LiveWS","message":"[LiveWS] Client disconnected: %s [%d remaining] b23ef7b3 8"}
{"timestamp":"2026-07-28T09:38:38.454Z","level":"info","component":"LiveWS","message":"[LiveWS] Client disconnected: %s [%d remaining] 50024a1f 8"}
{"timestamp":"2026-07-28T09:38:38.455Z","level":"info","component":"LiveWS","message":"[LiveWS] Client disconnected: %s [%d remaining] 355b6233 8"}
{"timestamp":"2026-07-28T09:38:38.457Z","level":"info","component":"LiveWS","message":"[LiveWS] Client disconnected: %s [%d remaining] b3d9dc90 8"}
{"timestamp":"2026-07-28T09:38:39.554Z","level":"info","component":"LiveWS","message":"[LiveWS] Client connected: %s (%s) [%d total] 488dfc94 127.0.0.1 9"}
{"timestamp":"2026-07-28T09:38:39.557Z","level":"info","component":"LiveWS","message":"[LiveWS] Client disconnected: %s [%d remaining] 488dfc94 8"}
{"timestamp":"2026-07-28T09:38:39.873Z","level":"info","component":"LiveWS","message":"[LiveWS] Client connected: %s (%s) [%d total] 7bd0c1f1 127.0.0.1 9"}
{"timestamp":"2026-07-28T09:38:40.560Z","level":"info","component":"LiveWS","message":"[LiveWS] Client connected: %s (%s) [%d total] 7204c678 127.0.0.1 10"}
{"timestamp":"2026-07-28T09:38:40.564Z","level":"info","component":"LiveWS","message":"[LiveWS] Client disconnected: %s [%d remaining] 7204c678 9"}
{"timestamp":"2026-07-28T09:38:40.877Z","level":"info","component":"LiveWS","message":"[LiveWS] Client connected: %s (%s) [%d total] 29874a44 127.0.0.1 10"}
{"timestamp":"2026-07-28T09:38:53.462Z","level":"info","component":"LiveWS","message":"[LiveWS] Client disconnected: %s [%d remaining] b4bbcf19 7"}
{"timestamp":"2026-07-28T09:38:53.463Z","level":"info","component":"LiveWS","message":"[LiveWS] Client disconnected: %s [%d remaining] f6d17052 7"}
{"timestamp":"2026-07-28T09:38:53.464Z","level":"info","component":"LiveWS","message":"[LiveWS] Client disconnected: %s [%d remaining] 867bf7a2 7"}
{"timestamp":"2026-07-28T09:38:54.536Z","level":"info","component":"LiveWS","message":"[LiveWS] Client connected: %s (%s) [%d total] 69b2e1cc 127.0.0.1 8"}
{"timestamp":"2026-07-28T09:38:54.539Z","level":"info","component":"LiveWS","message":"[LiveWS] Client disconnected: %s [%d remaining] 69b2e1cc 7"}
{"timestamp":"2026-07-28T09:38:54.854Z","level":"info","component":"LiveWS","message":"[LiveWS] Client connected: %s (%s) [%d total] 92cfb9d0 127.0.0.1 8"}
{"timestamp":"2026-07-28T09:38:55.558Z","level":"info","component":"LiveWS","message":"[LiveWS] Client connected: %s (%s) [%d total] 0a97de20 127.0.0.1 9"}
{"timestamp":"2026-07-28T09:38:55.562Z","level":"info","component":"LiveWS","message":"[LiveWS] Client disconnected: %s [%d remaining] 0a97de20 8"}
{"timestamp":"2026-07-28T09:38:55.876Z","level":"info","component":"LiveWS","message":"[LiveWS] Client connected: %s (%s) [%d total] f93684fa 127.0.0.1 9"}
{"timestamp":"2026-07-28T09:38:57.555Z","level":"info","component":"LiveWS","message":"[LiveWS] Client connected: %s (%s) [%d total] f0b052d6 127.0.0.1 10"}
{"timestamp":"2026-07-28T09:38:57.558Z","level":"info","component":"LiveWS","message":"[LiveWS] Client disconnected: %s [%d remaining] f0b052d6 9"}
{"timestamp":"2026-07-28T09:38:57.873Z","level":"info","component":"LiveWS","message":"[LiveWS] Client connected: %s (%s) [%d total] 6ae6f73a 127.0.0.1 10"}
{"timestamp":"2026-07-28T09:39:00.531Z","level":"info","component":"LiveWS","message":"[LiveWS] Client connected: %s (%s) [%d total] 3b65a0f8 127.0.0.1 11"}
{"timestamp":"2026-07-28T09:39:00.534Z","level":"info","component":"LiveWS","message":"[LiveWS] Client disconnected: %s [%d remaining] 3b65a0f8 10"}
{"timestamp":"2026-07-28T09:39:00.852Z","level":"info","component":"LiveWS","message":"[LiveWS] Client connected: %s (%s) [%d total] ec023f8d 127.0.0.1 11"}
{"timestamp":"2026-07-28T09:39:03.549Z","level":"info","component":"LiveWS","message":"[LiveWS] Client connected: %s (%s) [%d total] 01038124 127.0.0.1 12"}
{"timestamp":"2026-07-28T09:39:03.553Z","level":"info","component":"LiveWS","message":"[LiveWS] Client disconnected: %s [%d remaining] 01038124 11"}
{"timestamp":"2026-07-28T09:39:03.868Z","level":"info","component":"LiveWS","message":"[LiveWS] Client connected: %s (%s) [%d total] 697f06ec 127.0.0.1 12"}
{"timestamp":"2026-07-28T09:39:06.552Z","level":"info","component":"LiveWS","message":"[LiveWS] Client connected: %s (%s) [%d total] ffc6cccc 127.0.0.1 13"}
{"timestamp":"2026-07-28T09:39:06.555Z","level":"info","component":"LiveWS","message":"[LiveWS] Client disconnected: %s [%d remaining] ffc6cccc 12"}
{"timestamp":"2026-07-28T09:39:06.869Z","level":"info","component":"LiveWS","message":"[LiveWS] Client connected: %s (%s) [%d total] 9e09ab9a 127.0.0.1 13"}
{"timestamp":"2026-07-28T09:39:08.462Z","level":"info","component":"LiveWS","message":"[LiveWS] Client disconnected: %s [%d remaining] 1d408ff5 10"}
{"timestamp":"2026-07-28T09:39:08.465Z","level":"info","component":"LiveWS","message":"[LiveWS] Client disconnected: %s [%d remaining] 585b4151 10"}
{"timestamp":"2026-07-28T09:39:08.467Z","level":"info","component":"LiveWS","message":"[LiveWS] Client disconnected: %s [%d remaining] 71b17670 10"}
{"timestamp":"2026-07-28T09:39:09.559Z","level":"info","component":"LiveWS","message":"[LiveWS] Client connected: %s (%s) [%d total] d5a59b0a 127.0.0.1 11"}
{"timestamp":"2026-07-28T09:39:09.562Z","level":"info","component":"LiveWS","message":"[LiveWS] Client disconnected: %s [%d remaining] d5a59b0a 10"}
{"timestamp":"2026-07-28T09:39:09.877Z","level":"info","component":"LiveWS","message":"[LiveWS] Client connected: %s (%s) [%d total] d2cd2467 127.0.0.1 11"}
{"timestamp":"2026-07-28T09:39:10.533Z","level":"info","component":"LiveWS","message":"[LiveWS] Client connected: %s (%s) [%d total] bbd3a9e2 127.0.0.1 12"}
{"timestamp":"2026-07-28T09:39:10.536Z","level":"info","component":"LiveWS","message":"[LiveWS] Client disconnected: %s [%d remaining] bbd3a9e2 11"}
{"timestamp":"2026-07-28T09:39:10.853Z","level":"info","component":"LiveWS","message":"[LiveWS] Client connected: %s (%s) [%d total] ebc25b67 127.0.0.1 12"}
{"timestamp":"2026-07-28T09:39:15.547Z","level":"info","component":"LiveWS","message":"[LiveWS] Client connected: %s (%s) [%d total] 8c466f15 127.0.0.1 13"}
{"timestamp":"2026-07-28T09:39:15.550Z","level":"info","component":"LiveWS","message":"[LiveWS] Client disconnected: %s [%d remaining] 8c466f15 12"}
{"timestamp":"2026-07-28T09:39:15.864Z","level":"info","component":"LiveWS","message":"[LiveWS] Client connected: %s (%s) [%d total] 3e9776fd 127.0.0.1 13"}
{"timestamp":"2026-07-28T09:39:18.548Z","level":"info","component":"LiveWS","message":"[LiveWS] Client connected: %s (%s) [%d total] 4e31ff57 127.0.0.1 14"}
{"timestamp":"2026-07-28T09:39:18.552Z","level":"info","component":"LiveWS","message":"[LiveWS] Client disconnected: %s [%d remaining] 4e31ff57 13"}
{"timestamp":"2026-07-28T09:39:18.868Z","level":"info","component":"LiveWS","message":"[LiveWS] Client connected: %s (%s) [%d total] ac9bbba3 127.0.0.1 14"}
{"timestamp":"2026-07-28T09:39:21.547Z","level":"info","component":"LiveWS","message":"[LiveWS] Client connected: %s (%s) [%d total] dadc2f79 127.0.0.1 15"}
{"timestamp":"2026-07-28T09:39:21.551Z","level":"info","component":"LiveWS","message":"[LiveWS] Client disconnected: %s [%d remaining] dadc2f79 14"}
{"timestamp":"2026-07-28T09:39:21.867Z","level":"info","component":"LiveWS","message":"[LiveWS] Client connected: %s (%s) [%d total] 494e1213 127.0.0.1 15"}
{"timestamp":"2026-07-28T09:39:23.462Z","level":"info","component":"LiveWS","message":"[LiveWS] Client disconnected: %s [%d remaining] 29874a44 11"}
{"timestamp":"2026-07-28T09:39:23.464Z","level":"info","component":"LiveWS","message":"[LiveWS] Client disconnected: %s [%d remaining] 7bd0c1f1 11"}
{"timestamp":"2026-07-28T09:39:23.465Z","level":"info","component":"LiveWS","message":"[LiveWS] Client disconnected: %s [%d remaining] d2091510 11"}
{"timestamp":"2026-07-28T09:39:23.467Z","level":"info","component":"LiveWS","message":"[LiveWS] Client disconnected: %s [%d remaining] ef7777b1 11"}
{"timestamp":"2026-07-28T09:39:24.548Z","level":"info","component":"LiveWS","message":"[LiveWS] Client connected: %s (%s) [%d total] 07f8183a 127.0.0.1 12"}
{"timestamp":"2026-07-28T09:39:24.553Z","level":"info","component":"LiveWS","message":"[LiveWS] Client disconnected: %s [%d remaining] 07f8183a 11"}
{"timestamp":"2026-07-28T09:39:24.867Z","level":"info","component":"LiveWS","message":"[LiveWS] Client connected: %s (%s) [%d total] a1e3ee58 127.0.0.1 12"}
{"timestamp":"2026-07-28T09:39:25.552Z","level":"info","component":"LiveWS","message":"[LiveWS] Client connected: %s (%s) [%d total] 9ec40dd9 127.0.0.1 13"}
{"timestamp":"2026-07-28T09:39:25.556Z","level":"info","component":"LiveWS","message":"[LiveWS] Client disconnected: %s [%d remaining] 9ec40dd9 12"}
{"timestamp":"2026-07-28T09:39:25.871Z","level":"info","component":"LiveWS","message":"[LiveWS] Client connected: %s (%s) [%d total] d481a383 127.0.0.1 13"}
{"timestamp":"2026-07-28T09:39:34.555Z","level":"info","component":"LiveWS","message":"[LiveWS] Client connected: %s (%s) [%d total] 66dc8b8e 127.0.0.1 14"}
{"timestamp":"2026-07-28T09:39:34.558Z","level":"info","component":"LiveWS","message":"[LiveWS] Client disconnected: %s [%d remaining] 66dc8b8e 13"}
{"timestamp":"2026-07-28T09:39:34.874Z","level":"info","component":"LiveWS","message":"[LiveWS] Client connected: %s (%s) [%d total] 39ac7751 127.0.0.1 14"}
{"timestamp":"2026-07-28T09:39:37.551Z","level":"info","component":"LiveWS","message":"[LiveWS] Client connected: %s (%s) [%d total] 20ea33e0 127.0.0.1 15"}
{"timestamp":"2026-07-28T09:39:37.554Z","level":"info","component":"LiveWS","message":"[LiveWS] Client disconnected: %s [%d remaining] 20ea33e0 14"}
{"timestamp":"2026-07-28T09:39:37.871Z","level":"info","component":"LiveWS","message":"[LiveWS] Client connected: %s (%s) [%d total] 3c70460c 127.0.0.1 15"}
{"timestamp":"2026-07-28T09:39:38.476Z","level":"info","component":"LiveWS","message":"[LiveWS] Client disconnected: %s [%d remaining] ec023f8d 11"}
{"timestamp":"2026-07-28T09:39:38.478Z","level":"info","component":"LiveWS","message":"[LiveWS] Client disconnected: %s [%d remaining] 6ae6f73a 11"}
{"timestamp":"2026-07-28T09:39:38.479Z","level":"info","component":"LiveWS","message":"[LiveWS] Client disconnected: %s [%d remaining] f93684fa 11"}
{"timestamp":"2026-07-28T09:39:38.480Z","level":"info","component":"LiveWS","message":"[LiveWS] Client disconnected: %s [%d remaining] 92cfb9d0 11"}
{"timestamp":"2026-07-28T09:39:40.553Z","level":"info","component":"LiveWS","message":"[LiveWS] Client connected: %s (%s) [%d total] 1493a589 127.0.0.1 12"}
{"timestamp":"2026-07-28T09:39:40.871Z","level":"info","component":"LiveWS","message":"[LiveWS] Client connected: %s (%s) [%d total] d8444fe0 127.0.0.1 13"}
{"timestamp":"2026-07-28T09:39:53.492Z","level":"info","component":"LiveWS","message":"[LiveWS] Client disconnected: %s [%d remaining] 3e9776fd 8"}
{"timestamp":"2026-07-28T09:39:53.494Z","level":"info","component":"LiveWS","message":"[LiveWS] Client disconnected: %s [%d remaining] ebc25b67 8"}
{"timestamp":"2026-07-28T09:39:53.496Z","level":"info","component":"LiveWS","message":"[LiveWS] Client disconnected: %s [%d remaining] d2cd2467 8"}
{"timestamp":"2026-07-28T09:39:53.497Z","level":"info","component":"LiveWS","message":"[LiveWS] Client disconnected: %s [%d remaining] 9e09ab9a 8"}
{"timestamp":"2026-07-28T09:39:53.499Z","level":"info","component":"LiveWS","message":"[LiveWS] Client disconnected: %s [%d remaining] 697f06ec 8"}
{"timestamp":"2026-07-28T09:39:55.554Z","level":"info","component":"LiveWS","message":"[LiveWS] Client connected: %s (%s) [%d total] eedbb0fd 127.0.0.1 9"}
{"timestamp":"2026-07-28T09:39:55.559Z","level":"info","component":"LiveWS","message":"[LiveWS] Client disconnected: %s [%d remaining] eedbb0fd 8"}
{"timestamp":"2026-07-28T09:39:55.872Z","level":"info","component":"LiveWS","message":"[LiveWS] Client connected: %s (%s) [%d total] 63b97bd7 127.0.0.1 9"}
{"timestamp":"2026-07-28T09:40:08.504Z","level":"info","component":"LiveWS","message":"[LiveWS] Client disconnected: %s [%d remaining] d481a383 5"}
{"timestamp":"2026-07-28T09:40:08.506Z","level":"info","component":"LiveWS","message":"[LiveWS] Client disconnected: %s [%d remaining] a1e3ee58 5"}
{"timestamp":"2026-07-28T09:40:08.508Z","level":"info","component":"LiveWS","message":"[LiveWS] Client disconnected: %s [%d remaining] 494e1213 5"}
{"timestamp":"2026-07-28T09:40:08.509Z","level":"info","component":"LiveWS","message":"[LiveWS] Client disconnected: %s [%d remaining] ac9bbba3 5"}
{"timestamp":"2026-07-28T09:40:10.530Z","level":"info","component":"LiveWS","message":"[LiveWS] Client connected: %s (%s) [%d total] 304cf2eb 127.0.0.1 6"}
{"timestamp":"2026-07-28T09:40:10.532Z","level":"info","component":"LiveWS","message":"[LiveWS] Client disconnected: %s [%d remaining] 304cf2eb 5"}
{"timestamp":"2026-07-28T09:40:10.852Z","level":"info","component":"LiveWS","message":"[LiveWS] Client connected: %s (%s) [%d total] 7ef3d098 127.0.0.1 6"}
{"timestamp":"2026-07-28T09:40:23.510Z","level":"info","component":"LiveWS","message":"[LiveWS] Client disconnected: %s [%d remaining] d8444fe0 2"}
{"timestamp":"2026-07-28T09:40:23.511Z","level":"info","component":"LiveWS","message":"[LiveWS] Client disconnected: %s [%d remaining] 1493a589 2"}
{"timestamp":"2026-07-28T09:40:23.512Z","level":"info","component":"LiveWS","message":"[LiveWS] Client disconnected: %s [%d remaining] 3c70460c 2"}
{"timestamp":"2026-07-28T09:40:23.513Z","level":"info","component":"LiveWS","message":"[LiveWS] Client disconnected: %s [%d remaining] 39ac7751 2"}
{"timestamp":"2026-07-28T09:40:25.558Z","level":"info","component":"LiveWS","message":"[LiveWS] Client connected: %s (%s) [%d total] 087dc551 127.0.0.1 3"}
{"timestamp":"2026-07-28T09:40:25.561Z","level":"info","component":"LiveWS","message":"[LiveWS] Client disconnected: %s [%d remaining] 087dc551 2"}
{"timestamp":"2026-07-28T09:40:25.878Z","level":"info","component":"LiveWS","message":"[LiveWS] Client connected: %s (%s) [%d total] 5a280790 127.0.0.1 3"}
{"timestamp":"2026-07-28T09:40:26.535Z","level":"info","component":"LiveWS","message":"[LiveWS] Client connected: %s (%s) [%d total] f6d5f65f 127.0.0.1 4"}
{"timestamp":"2026-07-28T09:40:26.537Z","level":"info","component":"LiveWS","message":"[LiveWS] Client disconnected: %s [%d remaining] f6d5f65f 3"}
{"timestamp":"2026-07-28T09:40:26.852Z","level":"info","component":"LiveWS","message":"[LiveWS] Client connected: %s (%s) [%d total] b00c93aa 127.0.0.1 4"}
{"timestamp":"2026-07-28T09:40:27.553Z","level":"info","component":"LiveWS","message":"[LiveWS] Client connected: %s (%s) [%d total] 9c08b602 127.0.0.1 5"}
{"timestamp":"2026-07-28T09:40:27.555Z","level":"info","component":"LiveWS","message":"[LiveWS] Client disconnected: %s [%d remaining] 9c08b602 4"}
{"timestamp":"2026-07-28T09:40:27.875Z","level":"info","component":"LiveWS","message":"[LiveWS] Client connected: %s (%s) [%d total] 733420de 127.0.0.1 5"}
{"timestamp":"2026-07-28T09:40:30.544Z","level":"info","component":"LiveWS","message":"[LiveWS] Client connected: %s (%s) [%d total] d17d73d1 127.0.0.1 6"}
{"timestamp":"2026-07-28T09:40:30.549Z","level":"info","component":"LiveWS","message":"[LiveWS] Client disconnected: %s [%d remaining] d17d73d1 5"}
{"timestamp":"2026-07-28T09:40:30.861Z","level":"info","component":"LiveWS","message":"[LiveWS] Client connected: %s (%s) [%d total] 698bb389 127.0.0.1 6"}
{"timestamp":"2026-07-28T09:40:33.560Z","level":"info","component":"LiveWS","message":"[LiveWS] Client connected: %s (%s) [%d total] 584ad987 127.0.0.1 7"}
{"timestamp":"2026-07-28T09:40:33.562Z","level":"info","component":"LiveWS","message":"[LiveWS] Client disconnected: %s [%d remaining] 584ad987 6"}
{"timestamp":"2026-07-28T09:40:33.879Z","level":"info","component":"LiveWS","message":"[LiveWS] Client connected: %s (%s) [%d total] f8e5b29d 127.0.0.1 7"}
{"timestamp":"2026-07-28T09:40:36.545Z","level":"info","component":"LiveWS","message":"[LiveWS] Client connected: %s (%s) [%d total] 596ca132 127.0.0.1 8"}
{"timestamp":"2026-07-28T09:40:36.548Z","level":"info","component":"LiveWS","message":"[LiveWS] Client disconnected: %s [%d remaining] 596ca132 7"}
{"timestamp":"2026-07-28T09:40:36.867Z","level":"info","component":"LiveWS","message":"[LiveWS] Client connected: %s (%s) [%d total] fd0c9271 127.0.0.1 8"}
{"timestamp":"2026-07-28T09:40:38.524Z","level":"info","component":"LiveWS","message":"[LiveWS] Client disconnected: %s [%d remaining] 63b97bd7 7"}
{"timestamp":"2026-07-28T09:40:39.549Z","level":"info","component":"LiveWS","message":"[LiveWS] Client connected: %s (%s) [%d total] 109724c3 127.0.0.1 8"}
{"timestamp":"2026-07-28T09:40:39.553Z","level":"info","component":"LiveWS","message":"[LiveWS] Client disconnected: %s [%d remaining] 109724c3 7"}
{"timestamp":"2026-07-28T09:40:39.867Z","level":"info","component":"LiveWS","message":"[LiveWS] Client connected: %s (%s) [%d total] 7812d64b 127.0.0.1 8"}
{"timestamp":"2026-07-28T09:40:42.551Z","level":"info","component":"LiveWS","message":"[LiveWS] Client connected: %s (%s) [%d total] 7f1c0ac0 127.0.0.1 9"}
{"timestamp":"2026-07-28T09:40:42.554Z","level":"info","component":"LiveWS","message":"[LiveWS] Client disconnected: %s [%d remaining] 7f1c0ac0 8"}
{"timestamp":"2026-07-28T09:40:42.870Z","level":"info","component":"LiveWS","message":"[LiveWS] Client connected: %s (%s) [%d total] 28452075 127.0.0.1 9"}
{"timestamp":"2026-07-28T09:40:45.539Z","level":"info","component":"LiveWS","message":"[LiveWS] Client connected: %s (%s) [%d total] 6805ab3c 127.0.0.1 10"}
{"timestamp":"2026-07-28T09:40:45.542Z","level":"info","component":"LiveWS","message":"[LiveWS] Client disconnected: %s [%d remaining] 6805ab3c 9"}
{"timestamp":"2026-07-28T09:40:45.857Z","level":"info","component":"LiveWS","message":"[LiveWS] Client connected: %s (%s) [%d total] 50c2d0b2 127.0.0.1 10"}
{"timestamp":"2026-07-28T09:40:48.547Z","level":"info","component":"LiveWS","message":"[LiveWS] Client connected: %s (%s) [%d total] 56721ecb 127.0.0.1 11"}
{"timestamp":"2026-07-28T09:40:48.551Z","level":"info","component":"LiveWS","message":"[LiveWS] Client disconnected: %s [%d remaining] 56721ecb 10"}
{"timestamp":"2026-07-28T09:40:48.865Z","level":"info","component":"LiveWS","message":"[LiveWS] Client connected: %s (%s) [%d total] 4568aa3d 127.0.0.1 11"}
{"timestamp":"2026-07-28T09:40:51.547Z","level":"info","component":"LiveWS","message":"[LiveWS] Client connected: %s (%s) [%d total] cc6c1006 127.0.0.1 12"}
{"timestamp":"2026-07-28T09:40:51.550Z","level":"info","component":"LiveWS","message":"[LiveWS] Client disconnected: %s [%d remaining] cc6c1006 11"}
{"timestamp":"2026-07-28T09:40:51.867Z","level":"info","component":"LiveWS","message":"[LiveWS] Client connected: %s (%s) [%d total] 0661bf8b 127.0.0.1 12"}
{"timestamp":"2026-07-28T09:40:53.526Z","level":"info","component":"LiveWS","message":"[LiveWS] Client disconnected: %s [%d remaining] 7ef3d098 11"}
{"timestamp":"2026-07-28T09:40:54.533Z","level":"info","component":"LiveWS","message":"[LiveWS] Client connected: %s (%s) [%d total] d70e14f4 127.0.0.1 12"}
{"timestamp":"2026-07-28T09:40:54.537Z","level":"info","component":"LiveWS","message":"[LiveWS] Client disconnected: %s [%d remaining] d70e14f4 11"}
{"timestamp":"2026-07-28T09:40:54.851Z","level":"info","component":"LiveWS","message":"[LiveWS] Client connected: %s (%s) [%d total] 03d9e549 127.0.0.1 12"}
{"timestamp":"2026-07-28T09:40:59.550Z","level":"info","component":"LiveWS","message":"[LiveWS] Client connected: %s (%s) [%d total] 6f460b1d 127.0.0.1 13"}
{"timestamp":"2026-07-28T09:40:59.554Z","level":"info","component":"LiveWS","message":"[LiveWS] Client disconnected: %s [%d remaining] 6f460b1d 12"}
{"timestamp":"2026-07-28T09:40:59.871Z","level":"info","component":"LiveWS","message":"[LiveWS] Client connected: %s (%s) [%d total] e6ab6d3a 127.0.0.1 13"}
{"timestamp":"2026-07-28T09:41:02.556Z","level":"info","component":"LiveWS","message":"[LiveWS] Client connected: %s (%s) [%d total] a3f25703 127.0.0.1 14"}
{"timestamp":"2026-07-28T09:41:02.559Z","level":"info","component":"LiveWS","message":"[LiveWS] Client disconnected: %s [%d remaining] a3f25703 13"}
{"timestamp":"2026-07-28T09:41:02.875Z","level":"info","component":"LiveWS","message":"[LiveWS] Client connected: %s (%s) [%d total] 77aaa082 127.0.0.1 14"}
{"timestamp":"2026-07-28T09:41:05.556Z","level":"info","component":"LiveWS","message":"[LiveWS] Client connected: %s (%s) [%d total] 612d29db 127.0.0.1 15"}
{"timestamp":"2026-07-28T09:41:05.560Z","level":"info","component":"LiveWS","message":"[LiveWS] Client disconnected: %s [%d remaining] 612d29db 14"}
{"timestamp":"2026-07-28T09:41:05.873Z","level":"info","component":"LiveWS","message":"[LiveWS] Client connected: %s (%s) [%d total] ee831d3d 127.0.0.1 15"}
{"timestamp":"2026-07-28T09:41:08.542Z","level":"info","component":"LiveWS","message":"[LiveWS] Client disconnected: %s [%d remaining] 698bb389 11"}
{"timestamp":"2026-07-28T09:41:08.544Z","level":"info","component":"LiveWS","message":"[LiveWS] Client disconnected: %s [%d remaining] 733420de 11"}
{"timestamp":"2026-07-28T09:41:08.545Z","level":"info","component":"LiveWS","message":"[LiveWS] Client disconnected: %s [%d remaining] b00c93aa 11"}
{"timestamp":"2026-07-28T09:41:08.547Z","level":"info","component":"LiveWS","message":"[LiveWS] Client disconnected: %s [%d remaining] 5a280790 11"}
{"timestamp":"2026-07-28T09:41:08.550Z","level":"info","component":"LiveWS","message":"[LiveWS] Client connected: %s (%s) [%d total] d18bd024 127.0.0.1 12"}
{"timestamp":"2026-07-28T09:41:08.863Z","level":"info","component":"LiveWS","message":"[LiveWS] Client connected: %s (%s) [%d total] c11c149e 127.0.0.1 13"}
{"timestamp":"2026-07-28T09:41:10.235Z","level":"info","component":"LiveWS","message":"[LiveWS] Client disconnected: %s [%d remaining] c11c149e 12"}
{"timestamp":"2026-07-28T09:41:10.555Z","level":"info","component":"LiveWS","message":"[LiveWS] Client connected: %s (%s) [%d total] 5a25f499 127.0.0.1 13"}
{"timestamp":"2026-07-28T09:41:10.872Z","level":"info","component":"LiveWS","message":"[LiveWS] Client connected: %s (%s) [%d total] 12edc964 127.0.0.1 14"}
{"timestamp":"2026-07-28T09:41:23.543Z","level":"info","component":"LiveWS","message":"[LiveWS] Client disconnected: %s [%d remaining] 50c2d0b2 9"}
{"timestamp":"2026-07-28T09:41:23.546Z","level":"info","component":"LiveWS","message":"[LiveWS] Client disconnected: %s [%d remaining] 28452075 9"}
{"timestamp":"2026-07-28T09:41:23.547Z","level":"info","component":"LiveWS","message":"[LiveWS] Client disconnected: %s [%d remaining] 7812d64b 9"}
{"timestamp":"2026-07-28T09:41:23.548Z","level":"info","component":"LiveWS","message":"[LiveWS] Client disconnected: %s [%d remaining] fd0c9271 9"}
{"timestamp":"2026-07-28T09:41:23.550Z","level":"info","component":"LiveWS","message":"[LiveWS] Client disconnected: %s [%d remaining] f8e5b29d 9"}
{"timestamp":"2026-07-28T09:41:25.556Z","level":"info","component":"LiveWS","message":"[LiveWS] Client connected: %s (%s) [%d total] ea914179 127.0.0.1 10"}
{"timestamp":"2026-07-28T09:41:25.559Z","level":"info","component":"LiveWS","message":"[LiveWS] Client disconnected: %s [%d remaining] ea914179 9"}
{"timestamp":"2026-07-28T09:41:25.875Z","level":"info","component":"LiveWS","message":"[LiveWS] Client connected: %s (%s) [%d total] 6f6e0254 127.0.0.1 10"}
{"timestamp":"2026-07-28T09:41:38.543Z","level":"info","component":"LiveWS","message":"[LiveWS] Client disconnected: %s [%d remaining] 77aaa082 5"}
{"timestamp":"2026-07-28T09:41:38.547Z","level":"info","component":"LiveWS","message":"[LiveWS] Client disconnected: %s [%d remaining] e6ab6d3a 5"}
{"timestamp":"2026-07-28T09:41:38.548Z","level":"info","component":"LiveWS","message":"[LiveWS] Client disconnected: %s [%d remaining] 03d9e549 5"}
{"timestamp":"2026-07-28T09:41:38.550Z","level":"info","component":"LiveWS","message":"[LiveWS] Client disconnected: %s [%d remaining] 0661bf8b 5"}
{"timestamp":"2026-07-28T09:41:38.551Z","level":"info","component":"LiveWS","message":"[LiveWS] Client disconnected: %s [%d remaining] 4568aa3d 5"}
{"timestamp":"2026-07-28T09:41:40.540Z","level":"info","component":"LiveWS","message":"[LiveWS] Client connected: %s (%s) [%d total] 68979b52 127.0.0.1 6"}
{"timestamp":"2026-07-28T09:41:40.859Z","level":"info","component":"LiveWS","message":"[LiveWS] Client connected: %s (%s) [%d total] 87d43b54 127.0.0.1 7"}
{"timestamp":"2026-07-28T09:41:53.546Z","level":"info","component":"LiveWS","message":"[LiveWS] Client disconnected: %s [%d remaining] 12edc964 3"}
{"timestamp":"2026-07-28T09:41:53.547Z","level":"info","component":"LiveWS","message":"[LiveWS] Client disconnected: %s [%d remaining] 5a25f499 3"}
{"timestamp":"2026-07-28T09:41:53.548Z","level":"info","component":"LiveWS","message":"[LiveWS] Client disconnected: %s [%d remaining] d18bd024 3"}
{"timestamp":"2026-07-28T09:41:53.549Z","level":"info","component":"LiveWS","message":"[LiveWS] Client disconnected: %s [%d remaining] ee831d3d 3"}
{"timestamp":"2026-07-28T09:41:55.543Z","level":"info","component":"LiveWS","message":"[LiveWS] Client connected: %s (%s) [%d total] d4b1e41e 127.0.0.1 4"}
{"timestamp":"2026-07-28T09:41:55.546Z","level":"info","component":"LiveWS","message":"[LiveWS] Client disconnected: %s [%d remaining] d4b1e41e 3"}
{"timestamp":"2026-07-28T09:41:55.853Z","level":"info","component":"LiveWS","message":"[LiveWS] Client connected: %s (%s) [%d total] 3f4b5add 127.0.0.1 4"}
{"timestamp":"2026-07-28T09:41:56.538Z","level":"info","component":"LiveWS","message":"[LiveWS] Client connected: %s (%s) [%d total] 9a5d9d41 127.0.0.1 5"}
{"timestamp":"2026-07-28T09:41:56.541Z","level":"info","component":"LiveWS","message":"[LiveWS] Client disconnected: %s [%d remaining] 9a5d9d41 4"}
{"timestamp":"2026-07-28T09:41:56.846Z","level":"info","component":"LiveWS","message":"[LiveWS] Client connected: %s (%s) [%d total] e870924e 127.0.0.1 5"}
{"timestamp":"2026-07-28T09:42:01.546Z","level":"info","component":"LiveWS","message":"[LiveWS] Client connected: %s (%s) [%d total] c80e9504 127.0.0.1 6"}
{"timestamp":"2026-07-28T09:42:01.549Z","level":"info","component":"LiveWS","message":"[LiveWS] Client disconnected: %s [%d remaining] c80e9504 5"}
{"timestamp":"2026-07-28T09:42:01.856Z","level":"info","component":"LiveWS","message":"[LiveWS] Client connected: %s (%s) [%d total] ff61aa6c 127.0.0.1 6"}
{"timestamp":"2026-07-28T09:42:02.543Z","level":"info","component":"LiveWS","message":"[LiveWS] Client connected: %s (%s) [%d total] 91135ed4 127.0.0.1 7"}
{"timestamp":"2026-07-28T09:42:02.547Z","level":"info","component":"LiveWS","message":"[LiveWS] Client disconnected: %s [%d remaining] 91135ed4 6"}
{"timestamp":"2026-07-28T09:42:02.863Z","level":"info","component":"LiveWS","message":"[LiveWS] Client connected: %s (%s) [%d total] 1965f338 127.0.0.1 7"}
{"timestamp":"2026-07-28T09:42:05.555Z","level":"info","component":"LiveWS","message":"[LiveWS] Client connected: %s (%s) [%d total] 82bf1166 127.0.0.1 8"}
{"timestamp":"2026-07-28T09:42:05.558Z","level":"info","component":"LiveWS","message":"[LiveWS] Client disconnected: %s [%d remaining] 82bf1166 7"}
{"timestamp":"2026-07-28T09:42:05.863Z","level":"info","component":"LiveWS","message":"[LiveWS] Client connected: %s (%s) [%d total] 77e7f613 127.0.0.1 8"}
{"timestamp":"2026-07-28T09:42:08.542Z","level":"info","component":"LiveWS","message":"[LiveWS] Client connected: %s (%s) [%d total] fa9bae8f 127.0.0.1 9"}
{"timestamp":"2026-07-28T09:42:08.546Z","level":"info","component":"LiveWS","message":"[LiveWS] Client disconnected: %s [%d remaining] 6f6e0254 8"}
{"timestamp":"2026-07-28T09:42:08.549Z","level":"info","component":"LiveWS","message":"[LiveWS] Client disconnected: %s [%d remaining] fa9bae8f 7"}
{"timestamp":"2026-07-28T09:42:08.856Z","level":"info","component":"LiveWS","message":"[LiveWS] Client connected: %s (%s) [%d total] 79a348c5 127.0.0.1 8"}
{"timestamp":"2026-07-28T09:42:10.546Z","level":"info","component":"LiveWS","message":"[LiveWS] Client connected: %s (%s) [%d total] 26efbae7 127.0.0.1 9"}
{"timestamp":"2026-07-28T09:42:10.549Z","level":"info","component":"LiveWS","message":"[LiveWS] Client disconnected: %s [%d remaining] 26efbae7 8"}
{"timestamp":"2026-07-28T09:42:10.862Z","level":"info","component":"LiveWS","message":"[LiveWS] Client connected: %s (%s) [%d total] 53b43e18 127.0.0.1 9"}
{"timestamp":"2026-07-28T09:42:13.536Z","level":"info","component":"LiveWS","message":"[LiveWS] Client connected: %s (%s) [%d total] cd4b0c45 127.0.0.1 10"}
{"timestamp":"2026-07-28T09:42:13.540Z","level":"info","component":"LiveWS","message":"[LiveWS] Client disconnected: %s [%d remaining] cd4b0c45 9"}
{"timestamp":"2026-07-28T09:42:13.846Z","level":"info","component":"LiveWS","message":"[LiveWS] Client connected: %s (%s) [%d total] 6f1890a4 127.0.0.1 10"}
{"timestamp":"2026-07-28T09:42:16.541Z","level":"info","component":"LiveWS","message":"[LiveWS] Client connected: %s (%s) [%d total] d2e2f267 127.0.0.1 11"}
{"timestamp":"2026-07-28T09:42:16.545Z","level":"info","component":"LiveWS","message":"[LiveWS] Client disconnected: %s [%d remaining] d2e2f267 10"}
{"timestamp":"2026-07-28T09:42:16.850Z","level":"info","component":"LiveWS","message":"[LiveWS] Client connected: %s (%s) [%d total] abc5d51f 127.0.0.1 11"}
{"timestamp":"2026-07-28T09:42:19.546Z","level":"info","component":"LiveWS","message":"[LiveWS] Client connected: %s (%s) [%d total] 9535f45d 127.0.0.1 12"}
{"timestamp":"2026-07-28T09:42:19.549Z","level":"info","component":"LiveWS","message":"[LiveWS] Client disconnected: %s [%d remaining] 9535f45d 11"}
{"timestamp":"2026-07-28T09:42:19.857Z","level":"info","component":"LiveWS","message":"[LiveWS] Client connected: %s (%s) [%d total] f4207099 127.0.0.1 12"}
{"timestamp":"2026-07-28T09:42:22.541Z","level":"info","component":"LiveWS","message":"[LiveWS] Client connected: %s (%s) [%d total] 8dba680d 127.0.0.1 13"}
{"timestamp":"2026-07-28T09:42:22.545Z","level":"info","component":"LiveWS","message":"[LiveWS] Client disconnected: %s [%d remaining] 8dba680d 12"}
{"timestamp":"2026-07-28T09:42:22.851Z","level":"info","component":"LiveWS","message":"[LiveWS] Client connected: %s (%s) [%d total] b801135b 127.0.0.1 13"}
{"timestamp":"2026-07-28T09:42:23.548Z","level":"info","component":"LiveWS","message":"[LiveWS] Client disconnected: %s [%d remaining] 87d43b54 11"}
{"timestamp":"2026-07-28T09:42:23.551Z","level":"info","component":"LiveWS","message":"[LiveWS] Client disconnected: %s [%d remaining] 68979b52 11"}
{"timestamp":"2026-07-28T09:42:25.550Z","level":"info","component":"LiveWS","message":"[LiveWS] Client connected: %s (%s) [%d total] 8b262019 127.0.0.1 12"}
{"timestamp":"2026-07-28T09:42:25.552Z","level":"info","component":"LiveWS","message":"[LiveWS] Client disconnected: %s [%d remaining] 8b262019 11"}
{"timestamp":"2026-07-28T09:42:25.871Z","level":"info","component":"LiveWS","message":"[LiveWS] Client connected: %s (%s) [%d total] 7b31e1f9 127.0.0.1 12"}
{"timestamp":"2026-07-28T09:42:30.543Z","level":"info","component":"LiveWS","message":"[LiveWS] Client connected: %s (%s) [%d total] 20bc2f83 127.0.0.1 13"}
{"timestamp":"2026-07-28T09:42:30.546Z","level":"info","component":"LiveWS","message":"[LiveWS] Client disconnected: %s [%d remaining] 20bc2f83 12"}
{"timestamp":"2026-07-28T09:42:30.861Z","level":"info","component":"LiveWS","message":"[LiveWS] Client connected: %s (%s) [%d total] b8dd5141 127.0.0.1 13"}
{"timestamp":"2026-07-28T09:42:33.543Z","level":"info","component":"LiveWS","message":"[LiveWS] Client connected: %s (%s) [%d total] f0c015a9 127.0.0.1 14"}
{"timestamp":"2026-07-28T09:42:33.546Z","level":"info","component":"LiveWS","message":"[LiveWS] Client disconnected: %s [%d remaining] f0c015a9 13"}
{"timestamp":"2026-07-28T09:42:33.860Z","level":"info","component":"LiveWS","message":"[LiveWS] Client connected: %s (%s) [%d total] 35ee0ea8 127.0.0.1 14"}
{"timestamp":"2026-07-28T09:42:36.544Z","level":"info","component":"LiveWS","message":"[LiveWS] Client connected: %s (%s) [%d total] a83a5e2b 127.0.0.1 15"}
{"timestamp":"2026-07-28T09:42:36.547Z","level":"info","component":"LiveWS","message":"[LiveWS] Client disconnected: %s [%d remaining] a83a5e2b 14"}
{"timestamp":"2026-07-28T09:42:36.852Z","level":"info","component":"LiveWS","message":"[LiveWS] Client connected: %s (%s) [%d total] bd481d34 127.0.0.1 15"}
{"timestamp":"2026-07-28T09:42:38.551Z","level":"info","component":"LiveWS","message":"[LiveWS] Client disconnected: %s [%d remaining] 1965f338 11"}
{"timestamp":"2026-07-28T09:42:38.553Z","level":"info","component":"LiveWS","message":"[LiveWS] Client disconnected: %s [%d remaining] ff61aa6c 11"}
{"timestamp":"2026-07-28T09:42:38.554Z","level":"info","component":"LiveWS","message":"[LiveWS] Client disconnected: %s [%d remaining] e870924e 11"}
{"timestamp":"2026-07-28T09:42:38.555Z","level":"info","component":"LiveWS","message":"[LiveWS] Client disconnected: %s [%d remaining] 3f4b5add 11"}
{"timestamp":"2026-07-28T09:42:39.552Z","level":"info","component":"LiveWS","message":"[LiveWS] Client connected: %s (%s) [%d total] fedd2dda 127.0.0.1 12"}
{"timestamp":"2026-07-28T09:42:39.554Z","level":"info","component":"LiveWS","message":"[LiveWS] Client disconnected: %s [%d remaining] fedd2dda 11"}
{"timestamp":"2026-07-28T09:42:39.870Z","level":"info","component":"LiveWS","message":"[LiveWS] Client connected: %s (%s) [%d total] 9a785040 127.0.0.1 12"}
{"timestamp":"2026-07-28T09:42:40.550Z","level":"info","component":"LiveWS","message":"[LiveWS] Client connected: %s (%s) [%d total] 8733f31d 127.0.0.1 13"}
{"timestamp":"2026-07-28T09:42:40.553Z","level":"info","component":"LiveWS","message":"[LiveWS] Client disconnected: %s [%d remaining] 8733f31d 12"}
{"timestamp":"2026-07-28T09:42:40.868Z","level":"info","component":"LiveWS","message":"[LiveWS] Client connected: %s (%s) [%d total] 7afafb12 127.0.0.1 13"}
{"timestamp":"2026-07-28T09:42:49.559Z","level":"info","component":"LiveWS","message":"[LiveWS] Client connected: %s (%s) [%d total] 4f2d6ded 127.0.0.1 14"}
{"timestamp":"2026-07-28T09:42:49.562Z","level":"info","component":"LiveWS","message":"[LiveWS] Client disconnected: %s [%d remaining] 4f2d6ded 13"}
{"timestamp":"2026-07-28T09:42:49.875Z","level":"info","component":"LiveWS","message":"[LiveWS] Client connected: %s (%s) [%d total] b92e34db 127.0.0.1 14"}
{"timestamp":"2026-07-28T09:42:52.541Z","level":"info","component":"LiveWS","message":"[LiveWS] Client connected: %s (%s) [%d total] 13130c9d 127.0.0.1 15"}
{"timestamp":"2026-07-28T09:42:52.544Z","level":"info","component":"LiveWS","message":"[LiveWS] Client disconnected: %s [%d remaining] 13130c9d 14"}
{"timestamp":"2026-07-28T09:42:52.859Z","level":"info","component":"LiveWS","message":"[LiveWS] Client connected: %s (%s) [%d total] 80abf5ab 127.0.0.1 15"}
{"timestamp":"2026-07-28T09:42:53.553Z","level":"info","component":"LiveWS","message":"[LiveWS] Client disconnected: %s [%d remaining] abc5d51f 10"}
{"timestamp":"2026-07-28T09:42:53.555Z","level":"info","component":"LiveWS","message":"[LiveWS] Client disconnected: %s [%d remaining] 6f1890a4 10"}
{"timestamp":"2026-07-28T09:42:53.556Z","level":"info","component":"LiveWS","message":"[LiveWS] Client disconnected: %s [%d remaining] 53b43e18 10"}
{"timestamp":"2026-07-28T09:42:53.557Z","level":"info","component":"LiveWS","message":"[LiveWS] Client disconnected: %s [%d remaining] 79a348c5 10"}
{"timestamp":"2026-07-28T09:42:53.560Z","level":"info","component":"LiveWS","message":"[LiveWS] Client disconnected: %s [%d remaining] 77e7f613 10"}
{"timestamp":"2026-07-28T09:42:54.552Z","level":"info","component":"LiveWS","message":"[LiveWS] Client connected: %s (%s) [%d total] c0b6c7c2 127.0.0.1 11"}
{"timestamp":"2026-07-28T09:42:54.555Z","level":"info","component":"LiveWS","message":"[LiveWS] Client disconnected: %s [%d remaining] c0b6c7c2 10"}
{"timestamp":"2026-07-28T09:42:54.870Z","level":"info","component":"LiveWS","message":"[LiveWS] Client connected: %s (%s) [%d total] acb4b4ef 127.0.0.1 11"}
{"timestamp":"2026-07-28T09:42:55.551Z","level":"info","component":"LiveWS","message":"[LiveWS] Client connected: %s (%s) [%d total] 892afbc7 127.0.0.1 12"}
{"timestamp":"2026-07-28T09:42:55.867Z","level":"info","component":"LiveWS","message":"[LiveWS] Client connected: %s (%s) [%d total] 8f32b77e 127.0.0.1 13"}
{"timestamp":"2026-07-28T09:43:08.554Z","level":"info","component":"LiveWS","message":"[LiveWS] Client disconnected: %s [%d remaining] b8dd5141 9"}
{"timestamp":"2026-07-28T09:43:08.558Z","level":"info","component":"LiveWS","message":"[LiveWS] Client disconnected: %s [%d remaining] 7b31e1f9 9"}
{"timestamp":"2026-07-28T09:43:08.561Z","level":"info","component":"LiveWS","message":"[LiveWS] Client disconnected: %s [%d remaining] b801135b 9"}
{"timestamp":"2026-07-28T09:43:08.563Z","level":"info","component":"LiveWS","message":"[LiveWS] Client disconnected: %s [%d remaining] f4207099 9"}
{"timestamp":"2026-07-28T09:43:10.549Z","level":"info","component":"LiveWS","message":"[LiveWS] Client connected: %s (%s) [%d total] 88bb89cd 127.0.0.1 10"}
{"timestamp":"2026-07-28T09:43:10.553Z","level":"info","component":"LiveWS","message":"[LiveWS] Client disconnected: %s [%d remaining] 88bb89cd 9"}
{"timestamp":"2026-07-28T09:43:10.867Z","level":"info","component":"LiveWS","message":"[LiveWS] Client connected: %s (%s) [%d total] b52b5958 127.0.0.1 10"}
{"timestamp":"2026-07-28T09:43:23.558Z","level":"info","component":"LiveWS","message":"[LiveWS] Client disconnected: %s [%d remaining] 7afafb12 6"}
{"timestamp":"2026-07-28T09:43:23.561Z","level":"info","component":"LiveWS","message":"[LiveWS] Client disconnected: %s [%d remaining] 9a785040 6"}
{"timestamp":"2026-07-28T09:43:23.562Z","level":"info","component":"LiveWS","message":"[LiveWS] Client disconnected: %s [%d remaining] bd481d34 6"}
{"timestamp":"2026-07-28T09:43:23.564Z","level":"info","component":"LiveWS","message":"[LiveWS] Client disconnected: %s [%d remaining] 35ee0ea8 6"}
{"timestamp":"2026-07-28T09:43:25.553Z","level":"info","component":"LiveWS","message":"[LiveWS] Client connected: %s (%s) [%d total] 7eff4876 127.0.0.1 7"}
{"timestamp":"2026-07-28T09:43:25.558Z","level":"info","component":"LiveWS","message":"[LiveWS] Client disconnected: %s [%d remaining] 7eff4876 6"}
{"timestamp":"2026-07-28T09:43:25.872Z","level":"info","component":"LiveWS","message":"[LiveWS] Client connected: %s (%s) [%d total] 13b0a2a7 127.0.0.1 7"}
{"timestamp":"2026-07-28T09:43:27.554Z","level":"info","component":"LiveWS","message":"[LiveWS] Client connected: %s (%s) [%d total] 848d5ef0 127.0.0.1 8"}
{"timestamp":"2026-07-28T09:43:27.558Z","level":"info","component":"LiveWS","message":"[LiveWS] Client disconnected: %s [%d remaining] 848d5ef0 7"}
{"timestamp":"2026-07-28T09:43:27.873Z","level":"info","component":"LiveWS","message":"[LiveWS] Client connected: %s (%s) [%d total] 9de1aff7 127.0.0.1 8"}
{"timestamp":"2026-07-28T09:43:30.554Z","level":"info","component":"LiveWS","message":"[LiveWS] Client connected: %s (%s) [%d total] e16fd724 127.0.0.1 9"}
{"timestamp":"2026-07-28T09:43:30.558Z","level":"info","component":"LiveWS","message":"[LiveWS] Client disconnected: %s [%d remaining] e16fd724 8"}
{"timestamp":"2026-07-28T09:43:30.869Z","level":"info","component":"LiveWS","message":"[LiveWS] Client connected: %s (%s) [%d total] cd6e344e 127.0.0.1 9"}
{"timestamp":"2026-07-28T09:43:33.548Z","level":"info","component":"LiveWS","message":"[LiveWS] Client connected: %s (%s) [%d total] 22f51b60 127.0.0.1 10"}
{"timestamp":"2026-07-28T09:43:33.552Z","level":"info","component":"LiveWS","message":"[LiveWS] Client disconnected: %s [%d remaining] 22f51b60 9"}
{"timestamp":"2026-07-28T09:43:33.867Z","level":"info","component":"LiveWS","message":"[LiveWS] Client connected: %s (%s) [%d total] e1b7a67b 127.0.0.1 10"}
{"timestamp":"2026-07-28T09:43:36.545Z","level":"info","component":"LiveWS","message":"[LiveWS] Client connected: %s (%s) [%d total] 503efee1 127.0.0.1 11"}
{"timestamp":"2026-07-28T09:43:36.548Z","level":"info","component":"LiveWS","message":"[LiveWS] Client disconnected: %s [%d remaining] 503efee1 10"}
{"timestamp":"2026-07-28T09:43:36.862Z","level":"info","component":"LiveWS","message":"[LiveWS] Client connected: %s (%s) [%d total] aadfd212 127.0.0.1 11"}
{"timestamp":"2026-07-28T09:43:38.558Z","level":"info","component":"LiveWS","message":"[LiveWS] Client disconnected: %s [%d remaining] 8f32b77e 6"}
{"timestamp":"2026-07-28T09:43:38.560Z","level":"info","component":"LiveWS","message":"[LiveWS] Client disconnected: %s [%d remaining] 892afbc7 6"}
{"timestamp":"2026-07-28T09:43:38.561Z","level":"info","component":"LiveWS","message":"[LiveWS] Client disconnected: %s [%d remaining] acb4b4ef 6"}
{"timestamp":"2026-07-28T09:43:38.562Z","level":"info","component":"LiveWS","message":"[LiveWS] Client disconnected: %s [%d remaining] 80abf5ab 6"}
{"timestamp":"2026-07-28T09:43:38.563Z","level":"info","component":"LiveWS","message":"[LiveWS] Client disconnected: %s [%d remaining] b92e34db 6"}
{"timestamp":"2026-07-28T09:43:39.545Z","level":"info","component":"LiveWS","message":"[LiveWS] Client connected: %s (%s) [%d total] c185267c 127.0.0.1 7"}
{"timestamp":"2026-07-28T09:43:39.549Z","level":"info","component":"LiveWS","message":"[LiveWS] Client disconnected: %s [%d remaining] c185267c 6"}
{"timestamp":"2026-07-28T09:43:39.861Z","level":"info","component":"LiveWS","message":"[LiveWS] Client connected: %s (%s) [%d total] c04d6611 127.0.0.1 7"}
{"timestamp":"2026-07-28T09:43:40.543Z","level":"info","component":"LiveWS","message":"[LiveWS] Client connected: %s (%s) [%d total] fcd09dbc 127.0.0.1 8"}
{"timestamp":"2026-07-28T09:43:40.545Z","level":"info","component":"LiveWS","message":"[LiveWS] Client disconnected: %s [%d remaining] fcd09dbc 7"}
{"timestamp":"2026-07-28T09:43:40.861Z","level":"info","component":"LiveWS","message":"[LiveWS] Client connected: %s (%s) [%d total] 5c7819c3 127.0.0.1 8"}
{"timestamp":"2026-07-28T09:43:49.547Z","level":"info","component":"LiveWS","message":"[LiveWS] Client connected: %s (%s) [%d total] b778fb72 127.0.0.1 9"}
{"timestamp":"2026-07-28T09:43:49.550Z","level":"info","component":"LiveWS","message":"[LiveWS] Client disconnected: %s [%d remaining] b778fb72 8"}
{"timestamp":"2026-07-28T09:43:49.864Z","level":"info","component":"LiveWS","message":"[LiveWS] Client connected: %s (%s) [%d total] 0c13c191 127.0.0.1 9"}
{"timestamp":"2026-07-28T09:43:52.551Z","level":"info","component":"LiveWS","message":"[LiveWS] Client connected: %s (%s) [%d total] 8b136a0b 127.0.0.1 10"}
{"timestamp":"2026-07-28T09:43:52.554Z","level":"info","component":"LiveWS","message":"[LiveWS] Client disconnected: %s [%d remaining] 8b136a0b 9"}
{"timestamp":"2026-07-28T09:43:52.868Z","level":"info","component":"LiveWS","message":"[LiveWS] Client connected: %s (%s) [%d total] 280e2a91 127.0.0.1 10"}
{"timestamp":"2026-07-28T09:43:53.560Z","level":"info","component":"LiveWS","message":"[LiveWS] Client disconnected: %s [%d remaining] b52b5958 9"}
{"timestamp":"2026-07-28T09:43:55.552Z","level":"info","component":"LiveWS","message":"[LiveWS] Client connected: %s (%s) [%d total] 42b774bb 127.0.0.1 10"}
{"timestamp":"2026-07-28T09:43:55.554Z","level":"info","component":"LiveWS","message":"[LiveWS] Client disconnected: %s [%d remaining] 42b774bb 9"}
{"timestamp":"2026-07-28T09:43:55.868Z","level":"info","component":"LiveWS","message":"[LiveWS] Client connected: %s (%s) [%d total] ef3d4d01 127.0.0.1 10"}
{"timestamp":"2026-07-28T09:44:00.555Z","level":"info","component":"LiveWS","message":"[LiveWS] Client connected: %s (%s) [%d total] 8d8d8695 127.0.0.1 11"}
{"timestamp":"2026-07-28T09:44:00.559Z","level":"info","component":"LiveWS","message":"[LiveWS] Client disconnected: %s [%d remaining] 8d8d8695 10"}
{"timestamp":"2026-07-28T09:44:00.873Z","level":"info","component":"LiveWS","message":"[LiveWS] Client connected: %s (%s) [%d total] f27af821 127.0.0.1 11"}
{"timestamp":"2026-07-28T09:44:03.553Z","level":"info","component":"LiveWS","message":"[LiveWS] Client connected: %s (%s) [%d total] 30fe8972 127.0.0.1 12"}
{"timestamp":"2026-07-28T09:44:03.556Z","level":"info","component":"LiveWS","message":"[LiveWS] Client disconnected: %s [%d remaining] 30fe8972 11"}
{"timestamp":"2026-07-28T09:44:03.870Z","level":"info","component":"LiveWS","message":"[LiveWS] Client connected: %s (%s) [%d total] 62116591 127.0.0.1 12"}
{"timestamp":"2026-07-28T09:44:06.549Z","level":"info","component":"LiveWS","message":"[LiveWS] Client connected: %s (%s) [%d total] a5781ac9 127.0.0.1 13"}
{"timestamp":"2026-07-28T09:44:06.552Z","level":"info","component":"LiveWS","message":"[LiveWS] Client disconnected: %s [%d remaining] a5781ac9 12"}
{"timestamp":"2026-07-28T09:44:06.863Z","level":"info","component":"LiveWS","message":"[LiveWS] Client connected: %s (%s) [%d total] ad5eb01e 127.0.0.1 13"}
{"timestamp":"2026-07-28T09:44:08.567Z","level":"info","component":"LiveWS","message":"[LiveWS] Client disconnected: %s [%d remaining] cd6e344e 10"}
{"timestamp":"2026-07-28T09:44:08.569Z","level":"info","component":"LiveWS","message":"[LiveWS] Client disconnected: %s [%d remaining] 9de1aff7 10"}
{"timestamp":"2026-07-28T09:44:08.570Z","level":"info","component":"LiveWS","message":"[LiveWS] Client disconnected: %s [%d remaining] 13b0a2a7 10"}
{"timestamp":"2026-07-28T09:44:09.550Z","level":"info","component":"LiveWS","message":"[LiveWS] Client connected: %s (%s) [%d total] 26f0b9f5 127.0.0.1 11"}
{"timestamp":"2026-07-28T09:44:09.553Z","level":"info","component":"LiveWS","message":"[LiveWS] Client disconnected: %s [%d remaining] 26f0b9f5 10"}
{"timestamp":"2026-07-28T09:44:09.865Z","level":"info","component":"LiveWS","message":"[LiveWS] Client connected: %s (%s) [%d total] 1992df4f 127.0.0.1 11"}
{"timestamp":"2026-07-28T09:44:10.547Z","level":"info","component":"LiveWS","message":"[LiveWS] Client connected: %s (%s) [%d total] 440ac0d2 127.0.0.1 12"}
{"timestamp":"2026-07-28T09:44:10.550Z","level":"info","component":"LiveWS","message":"[LiveWS] Client disconnected: %s [%d remaining] 440ac0d2 11"}
{"timestamp":"2026-07-28T09:44:10.863Z","level":"info","component":"LiveWS","message":"[LiveWS] Client connected: %s (%s) [%d total] 4b264caf 127.0.0.1 12"}
{"timestamp":"2026-07-28T09:44:15.555Z","level":"info","component":"LiveWS","message":"[LiveWS] Client connected: %s (%s) [%d total] 19a38be6 127.0.0.1 13"}
{"timestamp":"2026-07-28T09:44:15.557Z","level":"info","component":"LiveWS","message":"[LiveWS] Client disconnected: %s [%d remaining] 19a38be6 12"}
{"timestamp":"2026-07-28T09:44:15.870Z","level":"info","component":"LiveWS","message":"[LiveWS] Client connected: %s (%s) [%d total] c6eb9476 127.0.0.1 13"}
{"timestamp":"2026-07-28T09:44:18.541Z","level":"info","component":"LiveWS","message":"[LiveWS] Client connected: %s (%s) [%d total] aa945232 127.0.0.1 14"}
{"timestamp":"2026-07-28T09:44:18.544Z","level":"info","component":"LiveWS","message":"[LiveWS] Client disconnected: %s [%d remaining] aa945232 13"}
{"timestamp":"2026-07-28T09:44:18.855Z","level":"info","component":"LiveWS","message":"[LiveWS] Client connected: %s (%s) [%d total] d1b3b7be 127.0.0.1 14"}
{"timestamp":"2026-07-28T09:44:21.544Z","level":"info","component":"LiveWS","message":"[LiveWS] Client connected: %s (%s) [%d total] 92474f03 127.0.0.1 15"}
{"timestamp":"2026-07-28T09:44:21.546Z","level":"info","component":"LiveWS","message":"[LiveWS] Client disconnected: %s [%d remaining] 92474f03 14"}
{"timestamp":"2026-07-28T09:44:21.853Z","level":"info","component":"LiveWS","message":"[LiveWS] Client connected: %s (%s) [%d total] 46960b35 127.0.0.1 15"}
{"timestamp":"2026-07-28T09:44:23.570Z","level":"info","component":"LiveWS","message":"[LiveWS] Client disconnected: %s [%d remaining] 5c7819c3 11"}
{"timestamp":"2026-07-28T09:44:23.572Z","level":"info","component":"LiveWS","message":"[LiveWS] Client disconnected: %s [%d remaining] c04d6611 11"}
{"timestamp":"2026-07-28T09:44:23.573Z","level":"info","component":"LiveWS","message":"[LiveWS] Client disconnected: %s [%d remaining] aadfd212 11"}
{"timestamp":"2026-07-28T09:44:23.574Z","level":"info","component":"LiveWS","message":"[LiveWS] Client disconnected: %s [%d remaining] e1b7a67b 11"}
{"timestamp":"2026-07-28T09:44:24.544Z","level":"info","component":"LiveWS","message":"[LiveWS] Client connected: %s (%s) [%d total] ce1e189c 127.0.0.1 12"}
{"timestamp":"2026-07-28T09:44:24.547Z","level":"info","component":"LiveWS","message":"[LiveWS] Client disconnected: %s [%d remaining] ce1e189c 11"}
{"timestamp":"2026-07-28T09:44:24.861Z","level":"info","component":"LiveWS","message":"[LiveWS] Client connected: %s (%s) [%d total] 497c9aed 127.0.0.1 12"}
{"timestamp":"2026-07-28T09:44:25.541Z","level":"info","component":"LiveWS","message":"[LiveWS] Client connected: %s (%s) [%d total] 7d5fe7b1 127.0.0.1 13"}
{"timestamp":"2026-07-28T09:44:25.543Z","level":"info","component":"LiveWS","message":"[LiveWS] Client disconnected: %s [%d remaining] 7d5fe7b1 12"}
{"timestamp":"2026-07-28T09:44:25.858Z","level":"info","component":"LiveWS","message":"[LiveWS] Client connected: %s (%s) [%d total] cca2ece1 127.0.0.1 13"}
{"timestamp":"2026-07-28T09:44:34.555Z","level":"info","component":"LiveWS","message":"[LiveWS] Client connected: %s (%s) [%d total] 389e5bef 127.0.0.1 14"}
{"timestamp":"2026-07-28T09:44:34.557Z","level":"info","component":"LiveWS","message":"[LiveWS] Client disconnected: %s [%d remaining] 389e5bef 13"}
{"timestamp":"2026-07-28T09:44:34.872Z","level":"info","component":"LiveWS","message":"[LiveWS] Client connected: %s (%s) [%d total] d4fc98e6 127.0.0.1 14"}
{"timestamp":"2026-07-28T09:44:37.551Z","level":"info","component":"LiveWS","message":"[LiveWS] Client connected: %s (%s) [%d total] 0fffd1c1 127.0.0.1 15"}
{"timestamp":"2026-07-28T09:44:37.554Z","level":"info","component":"LiveWS","message":"[LiveWS] Client disconnected: %s [%d remaining] 0fffd1c1 14"}
{"timestamp":"2026-07-28T09:44:37.867Z","level":"info","component":"LiveWS","message":"[LiveWS] Client connected: %s (%s) [%d total] d9eeafc8 127.0.0.1 15"}
{"timestamp":"2026-07-28T09:44:38.579Z","level":"info","component":"LiveWS","message":"[LiveWS] Client disconnected: %s [%d remaining] f27af821 11"}
{"timestamp":"2026-07-28T09:44:38.582Z","level":"info","component":"LiveWS","message":"[LiveWS] Client disconnected: %s [%d remaining] ef3d4d01 11"}
{"timestamp":"2026-07-28T09:44:38.583Z","level":"info","component":"LiveWS","message":"[LiveWS] Client disconnected: %s [%d remaining] 280e2a91 11"}
{"timestamp":"2026-07-28T09:44:38.584Z","level":"info","component":"LiveWS","message":"[LiveWS] Client disconnected: %s [%d remaining] 0c13c191 11"}
{"timestamp":"2026-07-28T09:44:40.556Z","level":"info","component":"LiveWS","message":"[LiveWS] Client connected: %s (%s) [%d total] 36817942 127.0.0.1 12"}
{"timestamp":"2026-07-28T09:44:40.872Z","level":"info","component":"LiveWS","message":"[LiveWS] Client connected: %s (%s) [%d total] a5dc7510 127.0.0.1 13"}
{"timestamp":"2026-07-28T09:44:53.592Z","level":"info","component":"LiveWS","message":"[LiveWS] Client disconnected: %s [%d remaining] c6eb9476 8"}
{"timestamp":"2026-07-28T09:44:53.593Z","level":"info","component":"LiveWS","message":"[LiveWS] Client disconnected: %s [%d remaining] 4b264caf 8"}
{"timestamp":"2026-07-28T09:44:53.594Z","level":"info","component":"LiveWS","message":"[LiveWS] Client disconnected: %s [%d remaining] 1992df4f 8"}
{"timestamp":"2026-07-28T09:44:53.595Z","level":"info","component":"LiveWS","message":"[LiveWS] Client disconnected: %s [%d remaining] ad5eb01e 8"}
{"timestamp":"2026-07-28T09:44:53.596Z","level":"info","component":"LiveWS","message":"[LiveWS] Client disconnected: %s [%d remaining] 62116591 8"}
{"timestamp":"2026-07-28T09:44:55.557Z","level":"info","component":"LiveWS","message":"[LiveWS] Client connected: %s (%s) [%d total] 56b6d708 127.0.0.1 9"}
{"timestamp":"2026-07-28T09:44:55.559Z","level":"info","component":"LiveWS","message":"[LiveWS] Client disconnected: %s [%d remaining] 56b6d708 8"}
{"timestamp":"2026-07-28T09:44:55.873Z","level":"info","component":"LiveWS","message":"[LiveWS] Client connected: %s (%s) [%d total] a1b27281 127.0.0.1 9"}
{"timestamp":"2026-07-28T09:45:08.596Z","level":"info","component":"LiveWS","message":"[LiveWS] Client disconnected: %s [%d remaining] cca2ece1 5"}
{"timestamp":"2026-07-28T09:45:08.598Z","level":"info","component":"LiveWS","message":"[LiveWS] Client disconnected: %s [%d remaining] 497c9aed 5"}
{"timestamp":"2026-07-28T09:45:08.600Z","level":"info","component":"LiveWS","message":"[LiveWS] Client disconnected: %s [%d remaining] 46960b35 5"}
{"timestamp":"2026-07-28T09:45:08.601Z","level":"info","component":"LiveWS","message":"[LiveWS] Client disconnected: %s [%d remaining] d1b3b7be 5"}
{"timestamp":"2026-07-28T09:45:10.550Z","level":"info","component":"LiveWS","message":"[LiveWS] Client connected: %s (%s) [%d total] bbef9db9 127.0.0.1 6"}
{"timestamp":"2026-07-28T09:45:10.554Z","level":"info","component":"LiveWS","message":"[LiveWS] Client disconnected: %s [%d remaining] bbef9db9 5"}
{"timestamp":"2026-07-28T09:45:10.866Z","level":"info","component":"LiveWS","message":"[LiveWS] Client connected: %s (%s) [%d total] dc1a3f92 127.0.0.1 6"}
{"timestamp":"2026-07-28T09:45:23.610Z","level":"info","component":"LiveWS","message":"[LiveWS] Client disconnected: %s [%d remaining] a5dc7510 2"}
{"timestamp":"2026-07-28T09:45:23.612Z","level":"info","component":"LiveWS","message":"[LiveWS] Client disconnected: %s [%d remaining] 36817942 2"}
{"timestamp":"2026-07-28T09:45:23.614Z","level":"info","component":"LiveWS","message":"[LiveWS] Client disconnected: %s [%d remaining] d9eeafc8 2"}
{"timestamp":"2026-07-28T09:45:23.615Z","level":"info","component":"LiveWS","message":"[LiveWS] Client disconnected: %s [%d remaining] d4fc98e6 2"}
{"timestamp":"2026-07-28T09:45:25.541Z","level":"info","component":"LiveWS","message":"[LiveWS] Client connected: %s (%s) [%d total] ab825d19 127.0.0.1 3"}
{"timestamp":"2026-07-28T09:45:25.544Z","level":"info","component":"LiveWS","message":"[LiveWS] Client disconnected: %s [%d remaining] ab825d19 2"}
{"timestamp":"2026-07-28T09:45:25.856Z","level":"info","component":"LiveWS","message":"[LiveWS] Client connected: %s (%s) [%d total] 4f38b769 127.0.0.1 3"}
{"timestamp":"2026-07-28T09:45:26.553Z","level":"info","component":"LiveWS","message":"[LiveWS] Client connected: %s (%s) [%d total] 140ec5ae 127.0.0.1 4"}
{"timestamp":"2026-07-28T09:45:26.556Z","level":"info","component":"LiveWS","message":"[LiveWS] Client disconnected: %s [%d remaining] 140ec5ae 3"}
{"timestamp":"2026-07-28T09:45:26.872Z","level":"info","component":"LiveWS","message":"[LiveWS] Client connected: %s (%s) [%d total] e5c8dbc1 127.0.0.1 4"}
{"timestamp":"2026-07-28T09:45:27.550Z","level":"info","component":"LiveWS","message":"[LiveWS] Client connected: %s (%s) [%d total] 4d71cc5d 127.0.0.1 5"}
{"timestamp":"2026-07-28T09:45:27.553Z","level":"info","component":"LiveWS","message":"[LiveWS] Client disconnected: %s [%d remaining] 4d71cc5d 4"}
{"timestamp":"2026-07-28T09:45:27.867Z","level":"info","component":"LiveWS","message":"[LiveWS] Client connected: %s (%s) [%d total] dad866f9 127.0.0.1 5"}
{"timestamp":"2026-07-28T09:45:30.543Z","level":"info","component":"LiveWS","message":"[LiveWS] Client connected: %s (%s) [%d total] 5aea7f3e 127.0.0.1 6"}
{"timestamp":"2026-07-28T09:45:30.546Z","level":"info","component":"LiveWS","message":"[LiveWS] Client disconnected: %s [%d remaining] 5aea7f3e 5"}
{"timestamp":"2026-07-28T09:45:30.861Z","level":"info","component":"LiveWS","message":"[LiveWS] Client connected: %s (%s) [%d total] 05317783 127.0.0.1 6"}
{"timestamp":"2026-07-28T09:45:33.542Z","level":"info","component":"LiveWS","message":"[LiveWS] Client connected: %s (%s) [%d total] 750260b1 127.0.0.1 7"}
{"timestamp":"2026-07-28T09:45:33.544Z","level":"info","component":"LiveWS","message":"[LiveWS] Client disconnected: %s [%d remaining] 750260b1 6"}
{"timestamp":"2026-07-28T09:45:33.861Z","level":"info","component":"LiveWS","message":"[LiveWS] Client connected: %s (%s) [%d total] b0166bbf 127.0.0.1 7"}
{"timestamp":"2026-07-28T09:45:36.552Z","level":"info","component":"LiveWS","message":"[LiveWS] Client connected: %s (%s) [%d total] 38da3d0e 127.0.0.1 8"}
{"timestamp":"2026-07-28T09:45:36.555Z","level":"info","component":"LiveWS","message":"[LiveWS] Client disconnected: %s [%d remaining] 38da3d0e 7"}
{"timestamp":"2026-07-28T09:45:36.869Z","level":"info","component":"LiveWS","message":"[LiveWS] Client connected: %s (%s) [%d total] 72ba9ef1 127.0.0.1 8"}
{"timestamp":"2026-07-28T09:45:38.622Z","level":"info","component":"LiveWS","message":"[LiveWS] Client disconnected: %s [%d remaining] a1b27281 7"}
{"timestamp":"2026-07-28T09:45:39.544Z","level":"info","component":"LiveWS","message":"[LiveWS] Client connected: %s (%s) [%d total] 2eb0da9b 127.0.0.1 8"}
{"timestamp":"2026-07-28T09:45:39.547Z","level":"info","component":"LiveWS","message":"[LiveWS] Client disconnected: %s [%d remaining] 2eb0da9b 7"}
{"timestamp":"2026-07-28T09:45:39.861Z","level":"info","component":"LiveWS","message":"[LiveWS] Client connected: %s (%s) [%d total] c3eebf10 127.0.0.1 8"}
{"timestamp":"2026-07-28T09:45:42.555Z","level":"info","component":"LiveWS","message":"[LiveWS] Client connected: %s (%s) [%d total] dd142c84 127.0.0.1 9"}
{"timestamp":"2026-07-28T09:45:42.557Z","level":"info","component":"LiveWS","message":"[LiveWS] Client disconnected: %s [%d remaining] dd142c84 8"}
{"timestamp":"2026-07-28T09:45:42.873Z","level":"info","component":"LiveWS","message":"[LiveWS] Client connected: %s (%s) [%d total] cc6a3da3 127.0.0.1 9"}
{"timestamp":"2026-07-28T09:45:45.546Z","level":"info","component":"LiveWS","message":"[LiveWS] Client connected: %s (%s) [%d total] b19102ca 127.0.0.1 10"}
{"timestamp":"2026-07-28T09:45:45.549Z","level":"info","component":"LiveWS","message":"[LiveWS] Client disconnected: %s [%d remaining] b19102ca 9"}
{"timestamp":"2026-07-28T09:45:45.858Z","level":"info","component":"LiveWS","message":"[LiveWS] Client connected: %s (%s) [%d total] b4048115 127.0.0.1 10"}
{"timestamp":"2026-07-28T09:45:48.553Z","level":"info","component":"LiveWS","message":"[LiveWS] Client connected: %s (%s) [%d total] 110652b2 127.0.0.1 11"}
{"timestamp":"2026-07-28T09:45:48.556Z","level":"info","component":"LiveWS","message":"[LiveWS] Client disconnected: %s [%d remaining] 110652b2 10"}
{"timestamp":"2026-07-28T09:45:48.859Z","level":"info","component":"LiveWS","message":"[LiveWS] Client connected: %s (%s) [%d total] 338980eb 127.0.0.1 11"}
{"timestamp":"2026-07-28T09:45:51.555Z","level":"info","component":"LiveWS","message":"[LiveWS] Client connected: %s (%s) [%d total] 70ac87a3 127.0.0.1 12"}
{"timestamp":"2026-07-28T09:45:51.557Z","level":"info","component":"LiveWS","message":"[LiveWS] Client disconnected: %s [%d remaining] 70ac87a3 11"}
{"timestamp":"2026-07-28T09:45:51.871Z","level":"info","component":"LiveWS","message":"[LiveWS] Client connected: %s (%s) [%d total] 39284cab 127.0.0.1 12"}
{"timestamp":"2026-07-28T09:45:53.625Z","level":"info","component":"LiveWS","message":"[LiveWS] Client disconnected: %s [%d remaining] dc1a3f92 11"}
{"timestamp":"2026-07-28T09:45:54.552Z","level":"info","component":"LiveWS","message":"[LiveWS] Client connected: %s (%s) [%d total] 6b588fe6 127.0.0.1 12"}
{"timestamp":"2026-07-28T09:45:54.555Z","level":"info","component":"LiveWS","message":"[LiveWS] Client disconnected: %s [%d remaining] 6b588fe6 11"}
{"timestamp":"2026-07-28T09:45:54.861Z","level":"info","component":"LiveWS","message":"[LiveWS] Client connected: %s (%s) [%d total] c7d756c4 127.0.0.1 12"}
{"timestamp":"2026-07-28T09:45:59.553Z","level":"info","component":"LiveWS","message":"[LiveWS] Client connected: %s (%s) [%d total] 474ae10e 127.0.0.1 13"}
{"timestamp":"2026-07-28T09:45:59.557Z","level":"info","component":"LiveWS","message":"[LiveWS] Client disconnected: %s [%d remaining] 474ae10e 12"}
{"timestamp":"2026-07-28T09:45:59.871Z","level":"info","component":"LiveWS","message":"[LiveWS] Client connected: %s (%s) [%d total] 2426ee42 127.0.0.1 13"}
{"timestamp":"2026-07-28T09:46:02.550Z","level":"info","component":"LiveWS","message":"[LiveWS] Client connected: %s (%s) [%d total] fc951125 127.0.0.1 14"}
{"timestamp":"2026-07-28T09:46:02.553Z","level":"info","component":"LiveWS","message":"[LiveWS] Client disconnected: %s [%d remaining] fc951125 13"}
{"timestamp":"2026-07-28T09:46:02.869Z","level":"info","component":"LiveWS","message":"[LiveWS] Client connected: %s (%s) [%d total] 4b92af1f 127.0.0.1 14"}
{"timestamp":"2026-07-28T09:46:05.551Z","level":"info","component":"LiveWS","message":"[LiveWS] Client connected: %s (%s) [%d total] 9c822c7b 127.0.0.1 15"}
{"timestamp":"2026-07-28T09:46:05.553Z","level":"info","component":"LiveWS","message":"[LiveWS] Client disconnected: %s [%d remaining] 9c822c7b 14"}
{"timestamp":"2026-07-28T09:46:05.869Z","level":"info","component":"LiveWS","message":"[LiveWS] Client connected: %s (%s) [%d total] 1a31a073 127.0.0.1 15"}
{"timestamp":"2026-07-28T09:46:08.550Z","level":"info","component":"LiveWS","message":"[LiveWS] Client connected: %s (%s) [%d total] 11ef8feb 127.0.0.1 16"}
{"timestamp":"2026-07-28T09:46:08.553Z","level":"info","component":"LiveWS","message":"[LiveWS] Client disconnected: %s [%d remaining] 11ef8feb 15"}
{"timestamp":"2026-07-28T09:46:08.627Z","level":"info","component":"LiveWS","message":"[LiveWS] Client disconnected: %s [%d remaining] 05317783 11"}
{"timestamp":"2026-07-28T09:46:08.629Z","level":"info","component":"LiveWS","message":"[LiveWS] Client disconnected: %s [%d remaining] dad866f9 11"}
{"timestamp":"2026-07-28T09:46:08.630Z","level":"info","component":"LiveWS","message":"[LiveWS] Client disconnected: %s [%d remaining] e5c8dbc1 11"}
{"timestamp":"2026-07-28T09:46:08.631Z","level":"info","component":"LiveWS","message":"[LiveWS] Client disconnected: %s [%d remaining] 4f38b769 11"}
{"timestamp":"2026-07-28T09:46:08.868Z","level":"info","component":"LiveWS","message":"[LiveWS] Client connected: %s (%s) [%d total] 1ad2e879 127.0.0.1 12"}
{"timestamp":"2026-07-28T09:46:10.548Z","level":"info","component":"LiveWS","message":"[LiveWS] Client connected: %s (%s) [%d total] 5820a4fd 127.0.0.1 13"}
{"timestamp":"2026-07-28T09:46:10.551Z","level":"info","component":"LiveWS","message":"[LiveWS] Client disconnected: %s [%d remaining] 5820a4fd 12"}
{"timestamp":"2026-07-28T09:46:10.866Z","level":"info","component":"LiveWS","message":"[LiveWS] Client connected: %s (%s) [%d total] fbe68fc3 127.0.0.1 13"}
{"timestamp":"2026-07-28T09:46:11.551Z","level":"info","component":"LiveWS","message":"[LiveWS] Client connected: %s (%s) [%d total] a680eb08 127.0.0.1 14"}
{"timestamp":"2026-07-28T09:46:11.555Z","level":"info","component":"LiveWS","message":"[LiveWS] Client disconnected: %s [%d remaining] a680eb08 13"}
{"timestamp":"2026-07-28T09:46:11.869Z","level":"info","component":"LiveWS","message":"[LiveWS] Client connected: %s (%s) [%d total] ed0b32ac 127.0.0.1 14"}
{"timestamp":"2026-07-28T09:46:14.550Z","level":"info","component":"LiveWS","message":"[LiveWS] Client connected: %s (%s) [%d total] 90e6d2ec 127.0.0.1 15"}
{"timestamp":"2026-07-28T09:46:14.553Z","level":"info","component":"LiveWS","message":"[LiveWS] Client disconnected: %s [%d remaining] 90e6d2ec 14"}
{"timestamp":"2026-07-28T09:46:14.871Z","level":"info","component":"LiveWS","message":"[LiveWS] Client connected: %s (%s) [%d total] 623cdccb 127.0.0.1 15"}
{"timestamp":"2026-07-28T09:46:17.545Z","level":"info","component":"LiveWS","message":"[LiveWS] Client connected: %s (%s) [%d total] 334b4a4b 127.0.0.1 16"}
{"timestamp":"2026-07-28T09:46:17.548Z","level":"info","component":"LiveWS","message":"[LiveWS] Client disconnected: %s [%d remaining] 334b4a4b 15"}
{"timestamp":"2026-07-28T09:46:17.864Z","level":"info","component":"LiveWS","message":"[LiveWS] Client connected: %s (%s) [%d total] 063cef13 127.0.0.1 16"}
{"timestamp":"2026-07-28T09:46:20.547Z","level":"info","component":"LiveWS","message":"[LiveWS] Client connected: %s (%s) [%d total] 36677e49 127.0.0.1 17"}
{"timestamp":"2026-07-28T09:46:20.550Z","level":"info","component":"LiveWS","message":"[LiveWS] Client disconnected: %s [%d remaining] 36677e49 16"}
{"timestamp":"2026-07-28T09:46:20.864Z","level":"info","component":"LiveWS","message":"[LiveWS] Client connected: %s (%s) [%d total] 609e791c 127.0.0.1 17"}
{"timestamp":"2026-07-28T09:46:23.547Z","level":"info","component":"LiveWS","message":"[LiveWS] Client connected: %s (%s) [%d total] 02eae371 127.0.0.1 18"}
{"timestamp":"2026-07-28T09:46:23.550Z","level":"info","component":"LiveWS","message":"[LiveWS] Client disconnected: %s [%d remaining] 02eae371 17"}
{"timestamp":"2026-07-28T09:46:23.641Z","level":"info","component":"LiveWS","message":"[LiveWS] Client disconnected: %s [%d remaining] b4048115 12"}
{"timestamp":"2026-07-28T09:46:23.642Z","level":"info","component":"LiveWS","message":"[LiveWS] Client disconnected: %s [%d remaining] cc6a3da3 12"}
{"timestamp":"2026-07-28T09:46:23.643Z","level":"info","component":"LiveWS","message":"[LiveWS] Client disconnected: %s [%d remaining] c3eebf10 12"}
{"timestamp":"2026-07-28T09:46:23.644Z","level":"info","component":"LiveWS","message":"[LiveWS] Client disconnected: %s [%d remaining] 72ba9ef1 12"}
{"timestamp":"2026-07-28T09:46:23.647Z","level":"info","component":"LiveWS","message":"[LiveWS] Client disconnected: %s [%d remaining] b0166bbf 12"}
{"timestamp":"2026-07-28T09:46:23.865Z","level":"info","component":"LiveWS","message":"[LiveWS] Client connected: %s (%s) [%d total] 7fc57be8 127.0.0.1 13"}
{"timestamp":"2026-07-28T09:46:25.536Z","level":"info","component":"LiveWS","message":"[LiveWS] Client connected: %s (%s) [%d total] 6a1ae613 127.0.0.1 14"}
{"timestamp":"2026-07-28T09:46:25.539Z","level":"info","component":"LiveWS","message":"[LiveWS] Client disconnected: %s [%d remaining] 6a1ae613 13"}
{"timestamp":"2026-07-28T09:46:25.852Z","level":"info","component":"LiveWS","message":"[LiveWS] Client connected: %s (%s) [%d total] 43c03502 127.0.0.1 14"}
{"timestamp":"2026-07-28T09:46:26.538Z","level":"info","component":"LiveWS","message":"[LiveWS] Client connected: %s (%s) [%d total] 53e0f255 127.0.0.1 15"}
{"timestamp":"2026-07-28T09:46:26.541Z","level":"info","component":"LiveWS","message":"[LiveWS] Client disconnected: %s [%d remaining] 53e0f255 14"}
{"timestamp":"2026-07-28T09:46:26.850Z","level":"info","component":"LiveWS","message":"[LiveWS] Client connected: %s (%s) [%d total] 930c266c 127.0.0.1 15"}
{"timestamp":"2026-07-28T09:46:29.532Z","level":"info","component":"LiveWS","message":"[LiveWS] Client connected: %s (%s) [%d total] 84d9ec6b 127.0.0.1 16"}
{"timestamp":"2026-07-28T09:46:29.536Z","level":"info","component":"LiveWS","message":"[LiveWS] Client disconnected: %s [%d remaining] 84d9ec6b 15"}
{"timestamp":"2026-07-28T09:46:29.839Z","level":"info","component":"LiveWS","message":"[LiveWS] Client connected: %s (%s) [%d total] bf050c60 127.0.0.1 16"}
{"timestamp":"2026-07-28T09:46:32.547Z","level":"info","component":"LiveWS","message":"[LiveWS] Client connected: %s (%s) [%d total] 81cc5f5c 127.0.0.1 17"}
{"timestamp":"2026-07-28T09:46:32.550Z","level":"info","component":"LiveWS","message":"[LiveWS] Client disconnected: %s [%d remaining] 81cc5f5c 16"}
{"timestamp":"2026-07-28T09:46:32.865Z","level":"info","component":"LiveWS","message":"[LiveWS] Client connected: %s (%s) [%d total] 8b12efd8 127.0.0.1 17"}
{"timestamp":"2026-07-28T09:46:35.543Z","level":"info","component":"LiveWS","message":"[LiveWS] Client connected: %s (%s) [%d total] 09370af2 127.0.0.1 18"}
{"timestamp":"2026-07-28T09:46:35.545Z","level":"info","component":"LiveWS","message":"[LiveWS] Client disconnected: %s [%d remaining] 09370af2 17"}
{"timestamp":"2026-07-28T09:46:35.863Z","level":"info","component":"LiveWS","message":"[LiveWS] Client connected: %s (%s) [%d total] a77b7402 127.0.0.1 18"}
{"timestamp":"2026-07-28T09:46:38.547Z","level":"info","component":"LiveWS","message":"[LiveWS] Client connected: %s (%s) [%d total] e70da1ef 127.0.0.1 19"}
{"timestamp":"2026-07-28T09:46:38.550Z","level":"info","component":"LiveWS","message":"[LiveWS] Client disconnected: %s [%d remaining] e70da1ef 18"}
{"timestamp":"2026-07-28T09:46:38.641Z","level":"info","component":"LiveWS","message":"[LiveWS] Client disconnected: %s [%d remaining] 4b92af1f 13"}
{"timestamp":"2026-07-28T09:46:38.643Z","level":"info","component":"LiveWS","message":"[LiveWS] Client disconnected: %s [%d remaining] 2426ee42 13"}
{"timestamp":"2026-07-28T09:46:38.644Z","level":"info","component":"LiveWS","message":"[LiveWS] Client disconnected: %s [%d remaining] c7d756c4 13"}
{"timestamp":"2026-07-28T09:46:38.645Z","level":"info","component":"LiveWS","message":"[LiveWS] Client disconnected: %s [%d remaining] 39284cab 13"}
{"timestamp":"2026-07-28T09:46:38.646Z","level":"info","component":"LiveWS","message":"[LiveWS] Client disconnected: %s [%d remaining] 338980eb 13"}
{"timestamp":"2026-07-28T09:46:38.866Z","level":"info","component":"LiveWS","message":"[LiveWS] Client connected: %s (%s) [%d total] 3804eed0 127.0.0.1 14"}
{"timestamp":"2026-07-28T09:46:40.545Z","level":"info","component":"LiveWS","message":"[LiveWS] Client connected: %s (%s) [%d total] c8fe6ddd 127.0.0.1 15"}
{"timestamp":"2026-07-28T09:46:40.863Z","level":"info","component":"LiveWS","message":"[LiveWS] Client connected: %s (%s) [%d total] 10b7507d 127.0.0.1 16"}
{"timestamp":"2026-07-28T09:46:41.226Z","level":"info","component":"LiveWS","message":"[LiveWS] Client disconnected: %s [%d remaining] 10b7507d 15"}
{"timestamp":"2026-07-28T09:46:41.546Z","level":"info","component":"LiveWS","message":"[LiveWS] Client connected: %s (%s) [%d total] af0d13f0 127.0.0.1 16"}
{"timestamp":"2026-07-28T09:46:41.862Z","level":"info","component":"LiveWS","message":"[LiveWS] Client connected: %s (%s) [%d total] ebbd503f 127.0.0.1 17"}
{"timestamp":"2026-07-28T09:46:53.657Z","level":"info","component":"LiveWS","message":"[LiveWS] Client disconnected: %s [%d remaining] 063cef13 11"}
{"timestamp":"2026-07-28T09:46:53.658Z","level":"info","component":"LiveWS","message":"[LiveWS] Client disconnected: %s [%d remaining] 623cdccb 11"}
{"timestamp":"2026-07-28T09:46:53.660Z","level":"info","component":"LiveWS","message":"[LiveWS] Client disconnected: %s [%d remaining] ed0b32ac 11"}
{"timestamp":"2026-07-28T09:46:53.661Z","level":"info","component":"LiveWS","message":"[LiveWS] Client disconnected: %s [%d remaining] fbe68fc3 11"}
{"timestamp":"2026-07-28T09:46:53.662Z","level":"info","component":"LiveWS","message":"[LiveWS] Client disconnected: %s [%d remaining] 1ad2e879 11"}
{"timestamp":"2026-07-28T09:46:53.664Z","level":"info","component":"LiveWS","message":"[LiveWS] Client disconnected: %s [%d remaining] 1a31a073 11"}
{"timestamp":"2026-07-28T09:46:55.555Z","level":"info","component":"LiveWS","message":"[LiveWS] Client connected: %s (%s) [%d total] dd979e6f 127.0.0.1 12"}
{"timestamp":"2026-07-28T09:46:55.870Z","level":"info","component":"LiveWS","message":"[LiveWS] Client connected: %s (%s) [%d total] 9c7f3fd9 127.0.0.1 13"}
{"timestamp":"2026-07-28T09:47:08.656Z","level":"info","component":"LiveWS","message":"[LiveWS] Client disconnected: %s [%d remaining] 8b12efd8 7"}
{"timestamp":"2026-07-28T09:47:08.657Z","level":"info","component":"LiveWS","message":"[LiveWS] Client disconnected: %s [%d remaining] bf050c60 7"}
{"timestamp":"2026-07-28T09:47:08.658Z","level":"info","component":"LiveWS","message":"[LiveWS] Client disconnected: %s [%d remaining] 930c266c 7"}
{"timestamp":"2026-07-28T09:47:08.659Z","level":"info","component":"LiveWS","message":"[LiveWS] Client disconnected: %s [%d remaining] 43c03502 7"}
{"timestamp":"2026-07-28T09:47:08.660Z","level":"info","component":"LiveWS","message":"[LiveWS] Client disconnected: %s [%d remaining] 7fc57be8 7"}
{"timestamp":"2026-07-28T09:47:08.660Z","level":"info","component":"LiveWS","message":"[LiveWS] Client disconnected: %s [%d remaining] 609e791c 7"}
{"timestamp":"2026-07-28T09:47:10.548Z","level":"info","component":"LiveWS","message":"[LiveWS] Client connected: %s (%s) [%d total] 564fd2ae 127.0.0.1 8"}
{"timestamp":"2026-07-28T09:47:10.552Z","level":"info","component":"LiveWS","message":"[LiveWS] Client disconnected: %s [%d remaining] 564fd2ae 7"}
{"timestamp":"2026-07-28T09:47:10.866Z","level":"info","component":"LiveWS","message":"[LiveWS] Client connected: %s (%s) [%d total] 80de094f 127.0.0.1 8"}
{"timestamp":"2026-07-28T09:47:23.663Z","level":"info","component":"LiveWS","message":"[LiveWS] Client disconnected: %s [%d remaining] ebbd503f 3"}
{"timestamp":"2026-07-28T09:47:23.664Z","level":"info","component":"LiveWS","message":"[LiveWS] Client disconnected: %s [%d remaining] af0d13f0 3"}
{"timestamp":"2026-07-28T09:47:23.666Z","level":"info","component":"LiveWS","message":"[LiveWS] Client disconnected: %s [%d remaining] c8fe6ddd 3"}
{"timestamp":"2026-07-28T09:47:23.667Z","level":"info","component":"LiveWS","message":"[LiveWS] Client disconnected: %s [%d remaining] 3804eed0 3"}
{"timestamp":"2026-07-28T09:47:23.668Z","level":"info","component":"LiveWS","message":"[LiveWS] Client disconnected: %s [%d remaining] a77b7402 3"}
{"timestamp":"2026-07-28T09:47:25.548Z","level":"info","component":"LiveWS","message":"[LiveWS] Client connected: %s (%s) [%d total] 06602eaf 127.0.0.1 4"}
{"timestamp":"2026-07-28T09:47:25.551Z","level":"info","component":"LiveWS","message":"[LiveWS] Client disconnected: %s [%d remaining] 06602eaf 3"}
{"timestamp":"2026-07-28T09:47:25.863Z","level":"info","component":"LiveWS","message":"[LiveWS] Client connected: %s (%s) [%d total] ec82eb1a 127.0.0.1 4"}
{"timestamp":"2026-07-28T09:47:26.546Z","level":"info","component":"LiveWS","message":"[LiveWS] Client connected: %s (%s) [%d total] 31873ed2 127.0.0.1 5"}
{"timestamp":"2026-07-28T09:47:26.549Z","level":"info","component":"LiveWS","message":"[LiveWS] Client disconnected: %s [%d remaining] 31873ed2 4"}
{"timestamp":"2026-07-28T09:47:26.862Z","level":"info","component":"LiveWS","message":"[LiveWS] Client connected: %s (%s) [%d total] b29c400a 127.0.0.1 5"}
{"timestamp":"2026-07-28T09:47:29.542Z","level":"info","component":"LiveWS","message":"[LiveWS] Client connected: %s (%s) [%d total] 13b03dcc 127.0.0.1 6"}
{"timestamp":"2026-07-28T09:47:29.544Z","level":"info","component":"LiveWS","message":"[LiveWS] Client disconnected: %s [%d remaining] 13b03dcc 5"}
{"timestamp":"2026-07-28T09:47:29.859Z","level":"info","component":"LiveWS","message":"[LiveWS] Client connected: %s (%s) [%d total] ae118422 127.0.0.1 6"}
{"timestamp":"2026-07-28T09:47:32.544Z","level":"info","component":"LiveWS","message":"[LiveWS] Client connected: %s (%s) [%d total] 72564bd9 127.0.0.1 7"}
{"timestamp":"2026-07-28T09:47:32.547Z","level":"info","component":"LiveWS","message":"[LiveWS] Client disconnected: %s [%d remaining] 72564bd9 6"}
{"timestamp":"2026-07-28T09:47:32.863Z","level":"info","component":"LiveWS","message":"[LiveWS] Client connected: %s (%s) [%d total] 7453d0fa 127.0.0.1 7"}
{"timestamp":"2026-07-28T09:47:35.543Z","level":"info","component":"LiveWS","message":"[LiveWS] Client connected: %s (%s) [%d total] eea67eaa 127.0.0.1 8"}
{"timestamp":"2026-07-28T09:47:35.546Z","level":"info","component":"LiveWS","message":"[LiveWS] Client disconnected: %s [%d remaining] eea67eaa 7"}
{"timestamp":"2026-07-28T09:47:35.861Z","level":"info","component":"LiveWS","message":"[LiveWS] Client connected: %s (%s) [%d total] 5e021c58 127.0.0.1 8"}
{"timestamp":"2026-07-28T09:47:38.554Z","level":"info","component":"LiveWS","message":"[LiveWS] Client connected: %s (%s) [%d total] a30b4938 127.0.0.1 9"}
{"timestamp":"2026-07-28T09:47:38.558Z","level":"info","component":"LiveWS","message":"[LiveWS] Client disconnected: %s [%d remaining] a30b4938 8"}
{"timestamp":"2026-07-28T09:47:38.664Z","level":"info","component":"LiveWS","message":"[LiveWS] Client disconnected: %s [%d remaining] 9c7f3fd9 6"}
{"timestamp":"2026-07-28T09:47:38.666Z","level":"info","component":"LiveWS","message":"[LiveWS] Client disconnected: %s [%d remaining] dd979e6f 6"}
{"timestamp":"2026-07-28T09:47:38.872Z","level":"info","component":"LiveWS","message":"[LiveWS] Client connected: %s (%s) [%d total] 86eb0cfc 127.0.0.1 7"}
{"timestamp":"2026-07-28T09:47:40.554Z","level":"info","component":"LiveWS","message":"[LiveWS] Client connected: %s (%s) [%d total] 8270cd73 127.0.0.1 8"}
{"timestamp":"2026-07-28T09:47:40.556Z","level":"info","component":"LiveWS","message":"[LiveWS] Client disconnected: %s [%d remaining] 8270cd73 7"}
{"timestamp":"2026-07-28T09:47:40.870Z","level":"info","component":"LiveWS","message":"[LiveWS] Client connected: %s (%s) [%d total] ae87d34e 127.0.0.1 8"}
{"timestamp":"2026-07-28T09:47:41.545Z","level":"info","component":"LiveWS","message":"[LiveWS] Client connected: %s (%s) [%d total] 77be065a 127.0.0.1 9"}
{"timestamp":"2026-07-28T09:47:41.548Z","level":"info","component":"LiveWS","message":"[LiveWS] Client disconnected: %s [%d remaining] 77be065a 8"}
{"timestamp":"2026-07-28T09:47:41.867Z","level":"info","component":"LiveWS","message":"[LiveWS] Client connected: %s (%s) [%d total] 02f052cf 127.0.0.1 9"}
{"timestamp":"2026-07-28T09:47:46.541Z","level":"info","component":"LiveWS","message":"[LiveWS] Client connected: %s (%s) [%d total] aa976fec 127.0.0.1 10"}
{"timestamp":"2026-07-28T09:47:46.544Z","level":"info","component":"LiveWS","message":"[LiveWS] Client disconnected: %s [%d remaining] aa976fec 9"}
{"timestamp":"2026-07-28T09:47:46.859Z","level":"info","component":"LiveWS","message":"[LiveWS] Client connected: %s (%s) [%d total] d0e86513 127.0.0.1 10"}
{"timestamp":"2026-07-28T09:47:49.557Z","level":"info","component":"LiveWS","message":"[LiveWS] Client connected: %s (%s) [%d total] b71e856f 127.0.0.1 11"}
{"timestamp":"2026-07-28T09:47:49.560Z","level":"info","component":"LiveWS","message":"[LiveWS] Client disconnected: %s [%d remaining] b71e856f 10"}
{"timestamp":"2026-07-28T09:47:49.875Z","level":"info","component":"LiveWS","message":"[LiveWS] Client connected: %s (%s) [%d total] 82dd3992 127.0.0.1 11"}
{"timestamp":"2026-07-28T09:47:52.552Z","level":"info","component":"LiveWS","message":"[LiveWS] Client connected: %s (%s) [%d total] c10d974a 127.0.0.1 12"}
{"timestamp":"2026-07-28T09:47:52.556Z","level":"info","component":"LiveWS","message":"[LiveWS] Client disconnected: %s [%d remaining] c10d974a 11"}
{"timestamp":"2026-07-28T09:47:52.869Z","level":"info","component":"LiveWS","message":"[LiveWS] Client connected: %s (%s) [%d total] 3aedb999 127.0.0.1 12"}
{"timestamp":"2026-07-28T09:47:53.675Z","level":"info","component":"LiveWS","message":"[LiveWS] Client disconnected: %s [%d remaining] 80de094f 11"}
{"timestamp":"2026-07-28T09:47:54.548Z","level":"info","component":"LiveWS","message":"[LiveWS] Client connected: %s (%s) [%d total] d2d8cf09 127.0.0.1 12"}
{"timestamp":"2026-07-28T09:47:54.551Z","level":"info","component":"LiveWS","message":"[LiveWS] Client disconnected: %s [%d remaining] d2d8cf09 11"}
{"timestamp":"2026-07-28T09:47:54.866Z","level":"info","component":"LiveWS","message":"[LiveWS] Client connected: %s (%s) [%d total] 0c9cbe0b 127.0.0.1 12"}
{"timestamp":"2026-07-28T09:47:55.548Z","level":"info","component":"LiveWS","message":"[LiveWS] Client connected: %s (%s) [%d total] d6849ba5 127.0.0.1 13"}
{"timestamp":"2026-07-28T09:47:55.552Z","level":"info","component":"LiveWS","message":"[LiveWS] Client disconnected: %s [%d remaining] d6849ba5 12"}
{"timestamp":"2026-07-28T09:47:55.867Z","level":"info","component":"LiveWS","message":"[LiveWS] Client connected: %s (%s) [%d total] b2e58444 127.0.0.1 13"}
{"timestamp":"2026-07-28T09:47:58.549Z","level":"info","component":"LiveWS","message":"[LiveWS] Client connected: %s (%s) [%d total] f9627ec8 127.0.0.1 14"}
{"timestamp":"2026-07-28T09:47:58.552Z","level":"info","component":"LiveWS","message":"[LiveWS] Client disconnected: %s [%d remaining] f9627ec8 13"}
{"timestamp":"2026-07-28T09:47:58.865Z","level":"info","component":"LiveWS","message":"[LiveWS] Client connected: %s (%s) [%d total] 156bb1d5 127.0.0.1 14"}
{"timestamp":"2026-07-28T09:48:01.545Z","level":"info","component":"LiveWS","message":"[LiveWS] Client connected: %s (%s) [%d total] 2dae8cb2 127.0.0.1 15"}
{"timestamp":"2026-07-28T09:48:01.550Z","level":"info","component":"LiveWS","message":"[LiveWS] Client disconnected: %s [%d remaining] 2dae8cb2 14"}
{"timestamp":"2026-07-28T09:48:01.864Z","level":"info","component":"LiveWS","message":"[LiveWS] Client connected: %s (%s) [%d total] 4de4946a 127.0.0.1 15"}
{"timestamp":"2026-07-28T09:48:04.549Z","level":"info","component":"LiveWS","message":"[LiveWS] Client connected: %s (%s) [%d total] 47d3215a 127.0.0.1 16"}
{"timestamp":"2026-07-28T09:48:04.553Z","level":"info","component":"LiveWS","message":"[LiveWS] Client disconnected: %s [%d remaining] 47d3215a 15"}
{"timestamp":"2026-07-28T09:48:04.865Z","level":"info","component":"LiveWS","message":"[LiveWS] Client connected: %s (%s) [%d total] 1a85dfd1 127.0.0.1 16"}
{"timestamp":"2026-07-28T09:48:07.550Z","level":"info","component":"LiveWS","message":"[LiveWS] Client connected: %s (%s) [%d total] 7de979a9 127.0.0.1 17"}
{"timestamp":"2026-07-28T09:48:07.553Z","level":"info","component":"LiveWS","message":"[LiveWS] Client disconnected: %s [%d remaining] 7de979a9 16"}
{"timestamp":"2026-07-28T09:48:07.866Z","level":"info","component":"LiveWS","message":"[LiveWS] Client connected: %s (%s) [%d total] 27321c56 127.0.0.1 17"}
{"timestamp":"2026-07-28T09:48:08.677Z","level":"info","component":"LiveWS","message":"[LiveWS] Client disconnected: %s [%d remaining] 7453d0fa 13"}
{"timestamp":"2026-07-28T09:48:08.679Z","level":"info","component":"LiveWS","message":"[LiveWS] Client disconnected: %s [%d remaining] ae118422 13"}
{"timestamp":"2026-07-28T09:48:08.681Z","level":"info","component":"LiveWS","message":"[LiveWS] Client disconnected: %s [%d remaining] b29c400a 13"}
{"timestamp":"2026-07-28T09:48:08.682Z","level":"info","component":"LiveWS","message":"[LiveWS] Client disconnected: %s [%d remaining] ec82eb1a 13"}
{"timestamp":"2026-07-28T09:48:09.551Z","level":"info","component":"LiveWS","message":"[LiveWS] Client connected: %s (%s) [%d total] daf30df0 127.0.0.1 14"}
{"timestamp":"2026-07-28T09:48:09.554Z","level":"info","component":"LiveWS","message":"[LiveWS] Client disconnected: %s [%d remaining] daf30df0 13"}
{"timestamp":"2026-07-28T09:48:09.868Z","level":"info","component":"LiveWS","message":"[LiveWS] Client connected: %s (%s) [%d total] f71ffea6 127.0.0.1 14"}
{"timestamp":"2026-07-28T09:48:10.548Z","level":"info","component":"LiveWS","message":"[LiveWS] Client connected: %s (%s) [%d total] 241bff8e 127.0.0.1 15"}
{"timestamp":"2026-07-28T09:48:10.551Z","level":"info","component":"LiveWS","message":"[LiveWS] Client disconnected: %s [%d remaining] 241bff8e 14"}
{"timestamp":"2026-07-28T09:48:10.868Z","level":"info","component":"LiveWS","message":"[LiveWS] Client connected: %s (%s) [%d total] e59594b5 127.0.0.1 15"}
{"timestamp":"2026-07-28T09:48:23.682Z","level":"info","component":"LiveWS","message":"[LiveWS] Client disconnected: %s [%d remaining] d0e86513 10"}
{"timestamp":"2026-07-28T09:48:23.684Z","level":"info","component":"LiveWS","message":"[LiveWS] Client disconnected: %s [%d remaining] 02f052cf 10"}
{"timestamp":"2026-07-28T09:48:23.685Z","level":"info","component":"LiveWS","message":"[LiveWS] Client disconnected: %s [%d remaining] ae87d34e 10"}
{"timestamp":"2026-07-28T09:48:23.686Z","level":"info","component":"LiveWS","message":"[LiveWS] Client disconnected: %s [%d remaining] 86eb0cfc 10"}
{"timestamp":"2026-07-28T09:48:23.687Z","level":"info","component":"LiveWS","message":"[LiveWS] Client disconnected: %s [%d remaining] 5e021c58 10"}
{"timestamp":"2026-07-28T09:48:25.542Z","level":"info","component":"LiveWS","message":"[LiveWS] Client connected: %s (%s) [%d total] 50a096ff 127.0.0.1 11"}
{"timestamp":"2026-07-28T09:48:25.546Z","level":"info","component":"LiveWS","message":"[LiveWS] Client disconnected: %s [%d remaining] 50a096ff 10"}
{"timestamp":"2026-07-28T09:48:25.858Z","level":"info","component":"LiveWS","message":"[LiveWS] Client connected: %s (%s) [%d total] 68084ecd 127.0.0.1 11"}
{"timestamp":"2026-07-28T09:48:27.555Z","level":"info","component":"LiveWS","message":"[LiveWS] Client connected: %s (%s) [%d total] 77ed45a7 127.0.0.1 12"}
{"timestamp":"2026-07-28T09:48:27.558Z","level":"info","component":"LiveWS","message":"[LiveWS] Client disconnected: %s [%d remaining] 77ed45a7 11"}
{"timestamp":"2026-07-28T09:48:27.875Z","level":"info","component":"LiveWS","message":"[LiveWS] Client connected: %s (%s) [%d total] 4925c780 127.0.0.1 12"}
{"timestamp":"2026-07-28T09:48:30.556Z","level":"info","component":"LiveWS","message":"[LiveWS] Client connected: %s (%s) [%d total] f3c22ac3 127.0.0.1 13"}
{"timestamp":"2026-07-28T09:48:30.559Z","level":"info","component":"LiveWS","message":"[LiveWS] Client disconnected: %s [%d remaining] f3c22ac3 12"}
{"timestamp":"2026-07-28T09:48:30.875Z","level":"info","component":"LiveWS","message":"[LiveWS] Client connected: %s (%s) [%d total] 6d885ad9 127.0.0.1 13"}
{"timestamp":"2026-07-28T09:48:33.551Z","level":"info","component":"LiveWS","message":"[LiveWS] Client connected: %s (%s) [%d total] 98007c66 127.0.0.1 14"}
{"timestamp":"2026-07-28T09:48:33.554Z","level":"info","component":"LiveWS","message":"[LiveWS] Client disconnected: %s [%d remaining] 98007c66 13"}
{"timestamp":"2026-07-28T09:48:33.869Z","level":"info","component":"LiveWS","message":"[LiveWS] Client connected: %s (%s) [%d total] 19b7510e 127.0.0.1 14"}
{"timestamp":"2026-07-28T09:48:36.548Z","level":"info","component":"LiveWS","message":"[LiveWS] Client connected: %s (%s) [%d total] f6d9803c 127.0.0.1 15"}
{"timestamp":"2026-07-28T09:48:36.551Z","level":"info","component":"LiveWS","message":"[LiveWS] Client disconnected: %s [%d remaining] f6d9803c 14"}
{"timestamp":"2026-07-28T09:48:36.866Z","level":"info","component":"LiveWS","message":"[LiveWS] Client connected: %s (%s) [%d total] 240d9e03 127.0.0.1 15"}
{"timestamp":"2026-07-28T09:48:38.689Z","level":"info","component":"LiveWS","message":"[LiveWS] Client disconnected: %s [%d remaining] 4de4946a 9"}
{"timestamp":"2026-07-28T09:48:38.691Z","level":"info","component":"LiveWS","message":"[LiveWS] Client disconnected: %s [%d remaining] 156bb1d5 9"}
{"timestamp":"2026-07-28T09:48:38.693Z","level":"info","component":"LiveWS","message":"[LiveWS] Client disconnected: %s [%d remaining] b2e58444 9"}
{"timestamp":"2026-07-28T09:48:38.695Z","level":"info","component":"LiveWS","message":"[LiveWS] Client disconnected: %s [%d remaining] 0c9cbe0b 9"}
{"timestamp":"2026-07-28T09:48:38.696Z","level":"info","component":"LiveWS","message":"[LiveWS] Client disconnected: %s [%d remaining] 3aedb999 9"}
{"timestamp":"2026-07-28T09:48:38.697Z","level":"info","component":"LiveWS","message":"[LiveWS] Client disconnected: %s [%d remaining] 82dd3992 9"}
{"timestamp":"2026-07-28T09:48:39.547Z","level":"info","component":"LiveWS","message":"[LiveWS] Client connected: %s (%s) [%d total] a8abcc68 127.0.0.1 10"}
{"timestamp":"2026-07-28T09:48:39.550Z","level":"info","component":"LiveWS","message":"[LiveWS] Client disconnected: %s [%d remaining] a8abcc68 9"}
{"timestamp":"2026-07-28T09:48:39.867Z","level":"info","component":"LiveWS","message":"[LiveWS] Client connected: %s (%s) [%d total] 7950133f 127.0.0.1 10"}
{"timestamp":"2026-07-28T09:48:40.549Z","level":"info","component":"LiveWS","message":"[LiveWS] Client connected: %s (%s) [%d total] 3797f2d2 127.0.0.1 11"}
{"timestamp":"2026-07-28T09:48:40.865Z","level":"info","component":"LiveWS","message":"[LiveWS] Client connected: %s (%s) [%d total] e35ce2cd 127.0.0.1 12"}
{"timestamp":"2026-07-28T09:48:53.699Z","level":"info","component":"LiveWS","message":"[LiveWS] Client disconnected: %s [%d remaining] e59594b5 8"}
{"timestamp":"2026-07-28T09:48:53.701Z","level":"info","component":"LiveWS","message":"[LiveWS] Client disconnected: %s [%d remaining] f71ffea6 8"}
{"timestamp":"2026-07-28T09:48:53.703Z","level":"info","component":"LiveWS","message":"[LiveWS] Client disconnected: %s [%d remaining] 27321c56 8"}
{"timestamp":"2026-07-28T09:48:53.704Z","level":"info","component":"LiveWS","message":"[LiveWS] Client disconnected: %s [%d remaining] 1a85dfd1 8"}
{"timestamp":"2026-07-28T09:48:55.552Z","level":"info","component":"LiveWS","message":"[LiveWS] Client connected: %s (%s) [%d total] 5bdf8890 127.0.0.1 9"}
{"timestamp":"2026-07-28T09:48:55.555Z","level":"info","component":"LiveWS","message":"[LiveWS] Client disconnected: %s [%d remaining] 5bdf8890 8"}
{"timestamp":"2026-07-28T09:48:55.868Z","level":"info","component":"LiveWS","message":"[LiveWS] Client connected: %s (%s) [%d total] db69fe0f 127.0.0.1 9"}
{"timestamp":"2026-07-28T09:49:08.713Z","level":"info","component":"LiveWS","message":"[LiveWS] Client disconnected: %s [%d remaining] 6d885ad9 6"}
{"timestamp":"2026-07-28T09:49:08.715Z","level":"info","component":"LiveWS","message":"[LiveWS] Client disconnected: %s [%d remaining] 4925c780 6"}
{"timestamp":"2026-07-28T09:49:08.718Z","level":"info","component":"LiveWS","message":"[LiveWS] Client disconnected: %s [%d remaining] 68084ecd 6"}
{"timestamp":"2026-07-28T09:49:10.556Z","level":"info","component":"LiveWS","message":"[LiveWS] Client connected: %s (%s) [%d total] 106a295d 127.0.0.1 7"}
{"timestamp":"2026-07-28T09:49:10.559Z","level":"info","component":"LiveWS","message":"[LiveWS] Client disconnected: %s [%d remaining] 106a295d 6"}
{"timestamp":"2026-07-28T09:49:10.871Z","level":"info","component":"LiveWS","message":"[LiveWS] Client connected: %s (%s) [%d total] 574eee63 127.0.0.1 7"}
{"timestamp":"2026-07-28T09:49:12.547Z","level":"info","component":"LiveWS","message":"[LiveWS] Client connected: %s (%s) [%d total] c6620724 127.0.0.1 8"}
{"timestamp":"2026-07-28T09:49:12.551Z","level":"info","component":"LiveWS","message":"[LiveWS] Client disconnected: %s [%d remaining] c6620724 7"}
{"timestamp":"2026-07-28T09:49:12.865Z","level":"info","component":"LiveWS","message":"[LiveWS] Client connected: %s (%s) [%d total] 379070ce 127.0.0.1 8"}
{"timestamp":"2026-07-28T09:49:15.545Z","level":"info","component":"LiveWS","message":"[LiveWS] Client connected: %s (%s) [%d total] bcb1c8f0 127.0.0.1 9"}
{"timestamp":"2026-07-28T09:49:15.550Z","level":"info","component":"LiveWS","message":"[LiveWS] Client disconnected: %s [%d remaining] bcb1c8f0 8"}
{"timestamp":"2026-07-28T09:49:15.863Z","level":"info","component":"LiveWS","message":"[LiveWS] Client connected: %s (%s) [%d total] fb9be30f 127.0.0.1 9"}
{"timestamp":"2026-07-28T09:49:18.554Z","level":"info","component":"LiveWS","message":"[LiveWS] Client connected: %s (%s) [%d total] 12bb7388 127.0.0.1 10"}
{"timestamp":"2026-07-28T09:49:18.557Z","level":"info","component":"LiveWS","message":"[LiveWS] Client disconnected: %s [%d remaining] 12bb7388 9"}
{"timestamp":"2026-07-28T09:49:18.871Z","level":"info","component":"LiveWS","message":"[LiveWS] Client connected: %s (%s) [%d total] c653c41a 127.0.0.1 10"}
{"timestamp":"2026-07-28T09:49:21.555Z","level":"info","component":"LiveWS","message":"[LiveWS] Client connected: %s (%s) [%d total] e7348881 127.0.0.1 11"}
{"timestamp":"2026-07-28T09:49:21.558Z","level":"info","component":"LiveWS","message":"[LiveWS] Client disconnected: %s [%d remaining] e7348881 10"}
{"timestamp":"2026-07-28T09:49:21.872Z","level":"info","component":"LiveWS","message":"[LiveWS] Client connected: %s (%s) [%d total] 7bf724b5 127.0.0.1 11"}
{"timestamp":"2026-07-28T09:49:23.726Z","level":"info","component":"LiveWS","message":"[LiveWS] Client disconnected: %s [%d remaining] e35ce2cd 6"}
{"timestamp":"2026-07-28T09:49:23.727Z","level":"info","component":"LiveWS","message":"[LiveWS] Client disconnected: %s [%d remaining] 3797f2d2 6"}
{"timestamp":"2026-07-28T09:49:23.728Z","level":"info","component":"LiveWS","message":"[LiveWS] Client disconnected: %s [%d remaining] 7950133f 6"}
{"timestamp":"2026-07-28T09:49:23.730Z","level":"info","component":"LiveWS","message":"[LiveWS] Client disconnected: %s [%d remaining] 240d9e03 6"}
{"timestamp":"2026-07-28T09:49:23.731Z","level":"info","component":"LiveWS","message":"[LiveWS] Client disconnected: %s [%d remaining] 19b7510e 6"}
{"timestamp":"2026-07-28T09:49:24.551Z","level":"info","component":"LiveWS","message":"[LiveWS] Client connected: %s (%s) [%d total] fb0722fb 127.0.0.1 7"}
{"timestamp":"2026-07-28T09:49:24.554Z","level":"info","component":"LiveWS","message":"[LiveWS] Client disconnected: %s [%d remaining] fb0722fb 6"}
{"timestamp":"2026-07-28T09:49:24.866Z","level":"info","component":"LiveWS","message":"[LiveWS] Client connected: %s (%s) [%d total] 657036c8 127.0.0.1 7"}
{"timestamp":"2026-07-28T09:49:25.549Z","level":"info","component":"LiveWS","message":"[LiveWS] Client connected: %s (%s) [%d total] 172dbf6a 127.0.0.1 8"}
{"timestamp":"2026-07-28T09:49:25.551Z","level":"info","component":"LiveWS","message":"[LiveWS] Client disconnected: %s [%d remaining] 172dbf6a 7"}
{"timestamp":"2026-07-28T09:49:25.864Z","level":"info","component":"LiveWS","message":"[LiveWS] Client connected: %s (%s) [%d total] c1d8dde2 127.0.0.1 8"}
{"timestamp":"2026-07-28T09:49:34.555Z","level":"info","component":"LiveWS","message":"[LiveWS] Client connected: %s (%s) [%d total] fd756f3d 127.0.0.1 9"}
{"timestamp":"2026-07-28T09:49:34.558Z","level":"info","component":"LiveWS","message":"[LiveWS] Client disconnected: %s [%d remaining] fd756f3d 8"}
{"timestamp":"2026-07-28T09:49:34.871Z","level":"info","component":"LiveWS","message":"[LiveWS] Client connected: %s (%s) [%d total] efbad3d4 127.0.0.1 9"}
{"timestamp":"2026-07-28T09:49:37.555Z","level":"info","component":"LiveWS","message":"[LiveWS] Client connected: %s (%s) [%d total] 800a73a8 127.0.0.1 10"}
{"timestamp":"2026-07-28T09:49:37.559Z","level":"info","component":"LiveWS","message":"[LiveWS] Client disconnected: %s [%d remaining] 800a73a8 9"}
{"timestamp":"2026-07-28T09:49:37.874Z","level":"info","component":"LiveWS","message":"[LiveWS] Client connected: %s (%s) [%d total] e6c50fef 127.0.0.1 10"}
{"timestamp":"2026-07-28T09:49:38.730Z","level":"info","component":"LiveWS","message":"[LiveWS] Client disconnected: %s [%d remaining] db69fe0f 9"}
{"timestamp":"2026-07-28T09:49:40.555Z","level":"info","component":"LiveWS","message":"[LiveWS] Client connected: %s (%s) [%d total] ba795402 127.0.0.1 10"}
{"timestamp":"2026-07-28T09:49:40.559Z","level":"info","component":"LiveWS","message":"[LiveWS] Client disconnected: %s [%d remaining] ba795402 9"}
{"timestamp":"2026-07-28T09:49:40.873Z","level":"info","component":"LiveWS","message":"[LiveWS] Client connected: %s (%s) [%d total] 1e9fcf18 127.0.0.1 10"}
{"timestamp":"2026-07-28T09:49:45.551Z","level":"info","component":"LiveWS","message":"[LiveWS] Client connected: %s (%s) [%d total] 5727321a 127.0.0.1 11"}
{"timestamp":"2026-07-28T09:49:45.554Z","level":"info","component":"LiveWS","message":"[LiveWS] Client disconnected: %s [%d remaining] 5727321a 10"}
{"timestamp":"2026-07-28T09:49:45.867Z","level":"info","component":"LiveWS","message":"[LiveWS] Client connected: %s (%s) [%d total] cb2ff01b 127.0.0.1 11"}
{"timestamp":"2026-07-28T09:49:48.547Z","level":"info","component":"LiveWS","message":"[LiveWS] Client connected: %s (%s) [%d total] 278f971d 127.0.0.1 12"}
{"timestamp":"2026-07-28T09:49:48.550Z","level":"info","component":"LiveWS","message":"[LiveWS] Client disconnected: %s [%d remaining] 278f971d 11"}
{"timestamp":"2026-07-28T09:49:48.866Z","level":"info","component":"LiveWS","message":"[LiveWS] Client connected: %s (%s) [%d total] 78bb284d 127.0.0.1 12"}
{"timestamp":"2026-07-28T09:49:51.546Z","level":"info","component":"LiveWS","message":"[LiveWS] Client connected: %s (%s) [%d total] e186f081 127.0.0.1 13"}
{"timestamp":"2026-07-28T09:49:51.549Z","level":"info","component":"LiveWS","message":"[LiveWS] Client disconnected: %s [%d remaining] e186f081 12"}
{"timestamp":"2026-07-28T09:49:51.862Z","level":"info","component":"LiveWS","message":"[LiveWS] Client connected: %s (%s) [%d total] 07dcd513 127.0.0.1 13"}
{"timestamp":"2026-07-28T09:49:53.731Z","level":"info","component":"LiveWS","message":"[LiveWS] Client disconnected: %s [%d remaining] fb9be30f 10"}
{"timestamp":"2026-07-28T09:49:53.733Z","level":"info","component":"LiveWS","message":"[LiveWS] Client disconnected: %s [%d remaining] 379070ce 10"}
{"timestamp":"2026-07-28T09:49:53.734Z","level":"info","component":"LiveWS","message":"[LiveWS] Client disconnected: %s [%d remaining] 574eee63 10"}
{"timestamp":"2026-07-28T09:49:54.556Z","level":"info","component":"LiveWS","message":"[LiveWS] Client connected: %s (%s) [%d total] 94c9aa6d 127.0.0.1 11"}
{"timestamp":"2026-07-28T09:49:54.559Z","level":"info","component":"LiveWS","message":"[LiveWS] Client disconnected: %s [%d remaining] 94c9aa6d 10"}
{"timestamp":"2026-07-28T09:49:54.873Z","level":"info","component":"LiveWS","message":"[LiveWS] Client connected: %s (%s) [%d total] c2938685 127.0.0.1 11"}
{"timestamp":"2026-07-28T09:49:55.556Z","level":"info","component":"LiveWS","message":"[LiveWS] Client connected: %s (%s) [%d total] ea5fa84a 127.0.0.1 12"}
{"timestamp":"2026-07-28T09:49:55.559Z","level":"info","component":"LiveWS","message":"[LiveWS] Client disconnected: %s [%d remaining] ea5fa84a 11"}
{"timestamp":"2026-07-28T09:49:55.871Z","level":"info","component":"LiveWS","message":"[LiveWS] Client connected: %s (%s) [%d total] c042fdef 127.0.0.1 12"}
{"timestamp":"2026-07-28T09:50:00.550Z","level":"info","component":"LiveWS","message":"[LiveWS] Client connected: %s (%s) [%d total] 57c29069 127.0.0.1 13"}
{"timestamp":"2026-07-28T09:50:00.552Z","level":"info","component":"LiveWS","message":"[LiveWS] Client disconnected: %s [%d remaining] 57c29069 12"}
{"timestamp":"2026-07-28T09:50:00.866Z","level":"info","component":"LiveWS","message":"[LiveWS] Client connected: %s (%s) [%d total] ab6a4f03 127.0.0.1 13"}
{"timestamp":"2026-07-28T09:50:03.546Z","level":"info","component":"LiveWS","message":"[LiveWS] Client connected: %s (%s) [%d total] 99cb35c1 127.0.0.1 14"}
{"timestamp":"2026-07-28T09:50:03.549Z","level":"info","component":"LiveWS","message":"[LiveWS] Client disconnected: %s [%d remaining] 99cb35c1 13"}
{"timestamp":"2026-07-28T09:50:03.864Z","level":"info","component":"LiveWS","message":"[LiveWS] Client connected: %s (%s) [%d total] 1bbb6b49 127.0.0.1 14"}
{"timestamp":"2026-07-28T09:50:06.545Z","level":"info","component":"LiveWS","message":"[LiveWS] Client connected: %s (%s) [%d total] 3862275e 127.0.0.1 15"}
{"timestamp":"2026-07-28T09:50:06.548Z","level":"info","component":"LiveWS","message":"[LiveWS] Client disconnected: %s [%d remaining] 3862275e 14"}
{"timestamp":"2026-07-28T09:50:06.863Z","level":"info","component":"LiveWS","message":"[LiveWS] Client connected: %s (%s) [%d total] 57038c15 127.0.0.1 15"}
{"timestamp":"2026-07-28T09:50:08.737Z","level":"info","component":"LiveWS","message":"[LiveWS] Client disconnected: %s [%d remaining] c1d8dde2 11"}
{"timestamp":"2026-07-28T09:50:08.741Z","level":"info","component":"LiveWS","message":"[LiveWS] Client disconnected: %s [%d remaining] 657036c8 11"}
{"timestamp":"2026-07-28T09:50:08.743Z","level":"info","component":"LiveWS","message":"[LiveWS] Client disconnected: %s [%d remaining] 7bf724b5 11"}
{"timestamp":"2026-07-28T09:50:08.745Z","level":"info","component":"LiveWS","message":"[LiveWS] Client disconnected: %s [%d remaining] c653c41a 11"}
{"timestamp":"2026-07-28T09:50:09.546Z","level":"info","component":"LiveWS","message":"[LiveWS] Client connected: %s (%s) [%d total] 4d18e097 127.0.0.1 12"}
{"timestamp":"2026-07-28T09:50:09.550Z","level":"info","component":"LiveWS","message":"[LiveWS] Client disconnected: %s [%d remaining] 4d18e097 11"}
{"timestamp":"2026-07-28T09:50:09.864Z","level":"info","component":"LiveWS","message":"[LiveWS] Client connected: %s (%s) [%d total] b0882076 127.0.0.1 12"}
{"timestamp":"2026-07-28T09:50:10.546Z","level":"info","component":"LiveWS","message":"[LiveWS] Client connected: %s (%s) [%d total] dbbe27b6 127.0.0.1 13"}
{"timestamp":"2026-07-28T09:50:10.550Z","level":"info","component":"LiveWS","message":"[LiveWS] Client disconnected: %s [%d remaining] dbbe27b6 12"}
{"timestamp":"2026-07-28T09:50:10.863Z","level":"info","component":"LiveWS","message":"[LiveWS] Client connected: %s (%s) [%d total] 1c33de9f 127.0.0.1 13"}
{"timestamp":"2026-07-28T09:50:19.541Z","level":"info","component":"LiveWS","message":"[LiveWS] Client connected: %s (%s) [%d total] 4a1a09b7 127.0.0.1 14"}
{"timestamp":"2026-07-28T09:50:19.544Z","level":"info","component":"LiveWS","message":"[LiveWS] Client disconnected: %s [%d remaining] 4a1a09b7 13"}
{"timestamp":"2026-07-28T09:50:19.860Z","level":"info","component":"LiveWS","message":"[LiveWS] Client connected: %s (%s) [%d total] 74512417 127.0.0.1 14"}
{"timestamp":"2026-07-28T09:50:22.542Z","level":"info","component":"LiveWS","message":"[LiveWS] Client connected: %s (%s) [%d total] c60aad46 127.0.0.1 15"}
{"timestamp":"2026-07-28T09:50:22.545Z","level":"info","component":"LiveWS","message":"[LiveWS] Client disconnected: %s [%d remaining] c60aad46 14"}
{"timestamp":"2026-07-28T09:50:22.859Z","level":"info","component":"LiveWS","message":"[LiveWS] Client connected: %s (%s) [%d total] 2bc708c6 127.0.0.1 15"}
{"timestamp":"2026-07-28T09:50:23.746Z","level":"info","component":"LiveWS","message":"[LiveWS] Client disconnected: %s [%d remaining] cb2ff01b 11"}
{"timestamp":"2026-07-28T09:50:23.748Z","level":"info","component":"LiveWS","message":"[LiveWS] Client disconnected: %s [%d remaining] 1e9fcf18 11"}
{"timestamp":"2026-07-28T09:50:23.750Z","level":"info","component":"LiveWS","message":"[LiveWS] Client disconnected: %s [%d remaining] e6c50fef 11"}
{"timestamp":"2026-07-28T09:50:23.751Z","level":"info","component":"LiveWS","message":"[LiveWS] Client disconnected: %s [%d remaining] efbad3d4 11"}
{"timestamp":"2026-07-28T09:50:25.555Z","level":"info","component":"LiveWS","message":"[LiveWS] Client connected: %s (%s) [%d total] f4dd47b9 127.0.0.1 12"}
{"timestamp":"2026-07-28T09:50:25.557Z","level":"info","component":"LiveWS","message":"[LiveWS] Client disconnected: %s [%d remaining] f4dd47b9 11"}
{"timestamp":"2026-07-28T09:50:25.872Z","level":"info","component":"LiveWS","message":"[LiveWS] Client connected: %s (%s) [%d total] 48044187 127.0.0.1 12"}
{"timestamp":"2026-07-28T09:50:38.760Z","level":"info","component":"LiveWS","message":"[LiveWS] Client disconnected: %s [%d remaining] ab6a4f03 7"}
{"timestamp":"2026-07-28T09:50:38.763Z","level":"info","component":"LiveWS","message":"[LiveWS] Client disconnected: %s [%d remaining] c042fdef 7"}
{"timestamp":"2026-07-28T09:50:38.765Z","level":"info","component":"LiveWS","message":"[LiveWS] Client disconnected: %s [%d remaining] c2938685 7"}
{"timestamp":"2026-07-28T09:50:38.766Z","level":"info","component":"LiveWS","message":"[LiveWS] Client disconnected: %s [%d remaining] 07dcd513 7"}
{"timestamp":"2026-07-28T09:50:38.768Z","level":"info","component":"LiveWS","message":"[LiveWS] Client disconnected: %s [%d remaining] 78bb284d 7"}
{"timestamp":"2026-07-28T09:50:40.551Z","level":"info","component":"LiveWS","message":"[LiveWS] Client connected: %s (%s) [%d total] 37a43a39 127.0.0.1 8"}
{"timestamp":"2026-07-28T09:50:40.867Z","level":"info","component":"LiveWS","message":"[LiveWS] Client connected: %s (%s) [%d total] 4cb59976 127.0.0.1 9"}
{"timestamp":"2026-07-28T09:50:53.773Z","level":"info","component":"LiveWS","message":"[LiveWS] Client disconnected: %s [%d remaining] 1c33de9f 5"}
{"timestamp":"2026-07-28T09:50:53.774Z","level":"info","component":"LiveWS","message":"[LiveWS] Client disconnected: %s [%d remaining] b0882076 5"}
{"timestamp":"2026-07-28T09:50:53.776Z","level":"info","component":"LiveWS","message":"[LiveWS] Client disconnected: %s [%d remaining] 57038c15 5"}
{"timestamp":"2026-07-28T09:50:53.776Z","level":"info","component":"LiveWS","message":"[LiveWS] Client disconnected: %s [%d remaining] 1bbb6b49 5"}
{"timestamp":"2026-07-28T09:50:55.552Z","level":"info","component":"LiveWS","message":"[LiveWS] Client connected: %s (%s) [%d total] ca54cbe7 127.0.0.1 6"}
{"timestamp":"2026-07-28T09:50:55.556Z","level":"info","component":"LiveWS","message":"[LiveWS] Client disconnected: %s [%d remaining] ca54cbe7 5"}
{"timestamp":"2026-07-28T09:50:55.871Z","level":"info","component":"LiveWS","message":"[LiveWS] Client connected: %s (%s) [%d total] d667d778 127.0.0.1 6"}
{"timestamp":"2026-07-28T09:50:56.548Z","level":"info","component":"LiveWS","message":"[LiveWS] Client connected: %s (%s) [%d total] c5802a49 127.0.0.1 7"}
{"timestamp":"2026-07-28T09:50:56.551Z","level":"info","component":"LiveWS","message":"[LiveWS] Client disconnected: %s [%d remaining] c5802a49 6"}
{"timestamp":"2026-07-28T09:50:56.867Z","level":"info","component":"LiveWS","message":"[LiveWS] Client connected: %s (%s) [%d total] a8b672c6 127.0.0.1 7"}
{"timestamp":"2026-07-28T09:50:59.546Z","level":"info","component":"LiveWS","message":"[LiveWS] Client connected: %s (%s) [%d total] 7aa7fbbf 127.0.0.1 8"}
{"timestamp":"2026-07-28T09:50:59.550Z","level":"info","component":"LiveWS","message":"[LiveWS] Client disconnected: %s [%d remaining] 7aa7fbbf 7"}
{"timestamp":"2026-07-28T09:50:59.865Z","level":"info","component":"LiveWS","message":"[LiveWS] Client connected: %s (%s) [%d total] ae9b117c 127.0.0.1 8"}
{"timestamp":"2026-07-28T09:51:02.545Z","level":"info","component":"LiveWS","message":"[LiveWS] Client connected: %s (%s) [%d total] facc4551 127.0.0.1 9"}
{"timestamp":"2026-07-28T09:51:02.547Z","level":"info","component":"LiveWS","message":"[LiveWS] Client disconnected: %s [%d remaining] facc4551 8"}
{"timestamp":"2026-07-28T09:51:02.862Z","level":"info","component":"LiveWS","message":"[LiveWS] Client connected: %s (%s) [%d total] 3e8e1285 127.0.0.1 9"}
{"timestamp":"2026-07-28T09:51:05.542Z","level":"info","component":"LiveWS","message":"[LiveWS] Client connected: %s (%s) [%d total] 82f87eaa 127.0.0.1 10"}
{"timestamp":"2026-07-28T09:51:05.544Z","level":"info","component":"LiveWS","message":"[LiveWS] Client disconnected: %s [%d remaining] 82f87eaa 9"}
{"timestamp":"2026-07-28T09:51:05.859Z","level":"info","component":"LiveWS","message":"[LiveWS] Client connected: %s (%s) [%d total] 9854c05a 127.0.0.1 10"}
{"timestamp":"2026-07-28T09:51:08.555Z","level":"info","component":"LiveWS","message":"[LiveWS] Client connected: %s (%s) [%d total] db47f4a8 127.0.0.1 11"}
{"timestamp":"2026-07-28T09:51:08.559Z","level":"info","component":"LiveWS","message":"[LiveWS] Client disconnected: %s [%d remaining] db47f4a8 10"}
{"timestamp":"2026-07-28T09:51:08.776Z","level":"info","component":"LiveWS","message":"[LiveWS] Client disconnected: %s [%d remaining] 48044187 7"}
{"timestamp":"2026-07-28T09:51:08.778Z","level":"info","component":"LiveWS","message":"[LiveWS] Client disconnected: %s [%d remaining] 2bc708c6 7"}
{"timestamp":"2026-07-28T09:51:08.779Z","level":"info","component":"LiveWS","message":"[LiveWS] Client disconnected: %s [%d remaining] 74512417 7"}
{"timestamp":"2026-07-28T09:51:08.872Z","level":"info","component":"LiveWS","message":"[LiveWS] Client connected: %s (%s) [%d total] 75d71dbd 127.0.0.1 8"}
{"timestamp":"2026-07-28T09:51:10.547Z","level":"info","component":"LiveWS","message":"[LiveWS] Client connected: %s (%s) [%d total] 53c044e0 127.0.0.1 9"}
{"timestamp":"2026-07-28T09:51:10.550Z","level":"info","component":"LiveWS","message":"[LiveWS] Client disconnected: %s [%d remaining] 53c044e0 8"}
{"timestamp":"2026-07-28T09:51:10.864Z","level":"info","component":"LiveWS","message":"[LiveWS] Client connected: %s (%s) [%d total] a3e6b291 127.0.0.1 9"}
{"timestamp":"2026-07-28T09:51:11.547Z","level":"info","component":"LiveWS","message":"[LiveWS] Client connected: %s (%s) [%d total] 3943909e 127.0.0.1 10"}
{"timestamp":"2026-07-28T09:51:11.550Z","level":"info","component":"LiveWS","message":"[LiveWS] Client disconnected: %s [%d remaining] 3943909e 9"}
{"timestamp":"2026-07-28T09:51:11.868Z","level":"info","component":"LiveWS","message":"[LiveWS] Client connected: %s (%s) [%d total] 75e4f518 127.0.0.1 10"}
{"timestamp":"2026-07-28T09:51:14.545Z","level":"info","component":"LiveWS","message":"[LiveWS] Client connected: %s (%s) [%d total] 73be749d 127.0.0.1 11"}
{"timestamp":"2026-07-28T09:51:14.548Z","level":"info","component":"LiveWS","message":"[LiveWS] Client disconnected: %s [%d remaining] 73be749d 10"}
{"timestamp":"2026-07-28T09:51:14.863Z","level":"info","component":"LiveWS","message":"[LiveWS] Client connected: %s (%s) [%d total] 4d6e06e0 127.0.0.1 11"}
{"timestamp":"2026-07-28T09:51:17.544Z","level":"info","component":"LiveWS","message":"[LiveWS] Client connected: %s (%s) [%d total] 382aaf71 127.0.0.1 12"}
{"timestamp":"2026-07-28T09:51:17.547Z","level":"info","component":"LiveWS","message":"[LiveWS] Client disconnected: %s [%d remaining] 382aaf71 11"}
{"timestamp":"2026-07-28T09:51:17.861Z","level":"info","component":"LiveWS","message":"[LiveWS] Client connected: %s (%s) [%d total] 2ed64843 127.0.0.1 12"}
{"timestamp":"2026-07-28T09:51:20.557Z","level":"info","component":"LiveWS","message":"[LiveWS] Client connected: %s (%s) [%d total] e61cc49e 127.0.0.1 13"}
{"timestamp":"2026-07-28T09:51:20.559Z","level":"info","component":"LiveWS","message":"[LiveWS] Client disconnected: %s [%d remaining] e61cc49e 12"}
{"timestamp":"2026-07-28T09:51:20.876Z","level":"info","component":"LiveWS","message":"[LiveWS] Client connected: %s (%s) [%d total] 5bb9d33c 127.0.0.1 13"}
{"timestamp":"2026-07-28T09:51:23.545Z","level":"info","component":"LiveWS","message":"[LiveWS] Client connected: %s (%s) [%d total] c5d3b533 127.0.0.1 14"}
{"timestamp":"2026-07-28T09:51:23.549Z","level":"info","component":"LiveWS","message":"[LiveWS] Client disconnected: %s [%d remaining] c5d3b533 13"}
{"timestamp":"2026-07-28T09:51:23.781Z","level":"info","component":"LiveWS","message":"[LiveWS] Client disconnected: %s [%d remaining] 4cb59976 11"}
{"timestamp":"2026-07-28T09:51:23.783Z","level":"info","component":"LiveWS","message":"[LiveWS] Client disconnected: %s [%d remaining] 37a43a39 11"}
{"timestamp":"2026-07-28T09:51:23.861Z","level":"info","component":"LiveWS","message":"[LiveWS] Client connected: %s (%s) [%d total] d83cd1dd 127.0.0.1 12"}
{"timestamp":"2026-07-28T09:51:25.555Z","level":"info","component":"LiveWS","message":"[LiveWS] Client connected: %s (%s) [%d total] 23abfa4e 127.0.0.1 13"}
{"timestamp":"2026-07-28T09:51:25.558Z","level":"info","component":"LiveWS","message":"[LiveWS] Client disconnected: %s [%d remaining] 23abfa4e 12"}
{"timestamp":"2026-07-28T09:51:25.873Z","level":"info","component":"LiveWS","message":"[LiveWS] Client connected: %s (%s) [%d total] 24c98dd6 127.0.0.1 13"}
{"timestamp":"2026-07-28T09:51:26.555Z","level":"info","component":"LiveWS","message":"[LiveWS] Client connected: %s (%s) [%d total] 7a6e3a89 127.0.0.1 14"}
{"timestamp":"2026-07-28T09:51:26.558Z","level":"info","component":"LiveWS","message":"[LiveWS] Client disconnected: %s [%d remaining] 7a6e3a89 13"}
{"timestamp":"2026-07-28T09:51:26.874Z","level":"info","component":"LiveWS","message":"[LiveWS] Client connected: %s (%s) [%d total] 7e3b13fb 127.0.0.1 14"}
{"timestamp":"2026-07-28T09:51:29.554Z","level":"info","component":"LiveWS","message":"[LiveWS] Client connected: %s (%s) [%d total] dc5879ca 127.0.0.1 15"}
{"timestamp":"2026-07-28T09:51:29.557Z","level":"info","component":"LiveWS","message":"[LiveWS] Client disconnected: %s [%d remaining] dc5879ca 14"}
{"timestamp":"2026-07-28T09:51:29.870Z","level":"info","component":"LiveWS","message":"[LiveWS] Client connected: %s (%s) [%d total] 42f64efe 127.0.0.1 15"}
{"timestamp":"2026-07-28T09:51:32.547Z","level":"info","component":"LiveWS","message":"[LiveWS] Client connected: %s (%s) [%d total] 7381eb63 127.0.0.1 16"}
{"timestamp":"2026-07-28T09:51:32.551Z","level":"info","component":"LiveWS","message":"[LiveWS] Client disconnected: %s [%d remaining] 7381eb63 15"}
{"timestamp":"2026-07-28T09:51:32.862Z","level":"info","component":"LiveWS","message":"[LiveWS] Client connected: %s (%s) [%d total] 117fcb37 127.0.0.1 16"}
{"timestamp":"2026-07-28T09:51:35.546Z","level":"info","component":"LiveWS","message":"[LiveWS] Client connected: %s (%s) [%d total] 068d598e 127.0.0.1 17"}
{"timestamp":"2026-07-28T09:51:35.549Z","level":"info","component":"LiveWS","message":"[LiveWS] Client disconnected: %s [%d remaining] 068d598e 16"}
{"timestamp":"2026-07-28T09:51:35.864Z","level":"info","component":"LiveWS","message":"[LiveWS] Client connected: %s (%s) [%d total] 3ea7054e 127.0.0.1 17"}
{"timestamp":"2026-07-28T09:51:38.547Z","level":"info","component":"LiveWS","message":"[LiveWS] Client connected: %s (%s) [%d total] eb423893 127.0.0.1 18"}
{"timestamp":"2026-07-28T09:51:38.551Z","level":"info","component":"LiveWS","message":"[LiveWS] Client disconnected: %s [%d remaining] eb423893 17"}
{"timestamp":"2026-07-28T09:51:38.783Z","level":"info","component":"LiveWS","message":"[LiveWS] Client disconnected: %s [%d remaining] 3e8e1285 13"}
{"timestamp":"2026-07-28T09:51:38.785Z","level":"info","component":"LiveWS","message":"[LiveWS] Client disconnected: %s [%d remaining] ae9b117c 13"}
{"timestamp":"2026-07-28T09:51:38.787Z","level":"info","component":"LiveWS","message":"[LiveWS] Client disconnected: %s [%d remaining] a8b672c6 13"}
{"timestamp":"2026-07-28T09:51:38.787Z","level":"info","component":"LiveWS","message":"[LiveWS] Client disconnected: %s [%d remaining] d667d778 13"}
{"timestamp":"2026-07-28T09:51:38.865Z","level":"info","component":"LiveWS","message":"[LiveWS] Client connected: %s (%s) [%d total] 14e19a7b 127.0.0.1 14"}
{"timestamp":"2026-07-28T09:51:40.548Z","level":"info","component":"LiveWS","message":"[LiveWS] Client connected: %s (%s) [%d total] 88f1dc05 127.0.0.1 15"}
{"timestamp":"2026-07-28T09:51:40.552Z","level":"info","component":"LiveWS","message":"[LiveWS] Client disconnected: %s [%d remaining] 88f1dc05 14"}
{"timestamp":"2026-07-28T09:51:40.866Z","level":"info","component":"LiveWS","message":"[LiveWS] Client connected: %s (%s) [%d total] be2a0828 127.0.0.1 15"}
{"timestamp":"2026-07-28T09:51:41.548Z","level":"info","component":"LiveWS","message":"[LiveWS] Client connected: %s (%s) [%d total] d0de2bc4 127.0.0.1 16"}
{"timestamp":"2026-07-28T09:51:41.551Z","level":"info","component":"LiveWS","message":"[LiveWS] Client disconnected: %s [%d remaining] d0de2bc4 15"}
{"timestamp":"2026-07-28T09:51:41.867Z","level":"info","component":"LiveWS","message":"[LiveWS] Client connected: %s (%s) [%d total] 3071852b 127.0.0.1 16"}
{"timestamp":"2026-07-28T09:51:44.550Z","level":"info","component":"LiveWS","message":"[LiveWS] Client connected: %s (%s) [%d total] e8458a1d 127.0.0.1 17"}
{"timestamp":"2026-07-28T09:51:44.554Z","level":"info","component":"LiveWS","message":"[LiveWS] Client disconnected: %s [%d remaining] e8458a1d 16"}
{"timestamp":"2026-07-28T09:51:44.865Z","level":"info","component":"LiveWS","message":"[LiveWS] Client connected: %s (%s) [%d total] c13981c2 127.0.0.1 17"}
{"timestamp":"2026-07-28T09:51:47.556Z","level":"info","component":"LiveWS","message":"[LiveWS] Client connected: %s (%s) [%d total] 8c29030a 127.0.0.1 18"}
{"timestamp":"2026-07-28T09:51:47.559Z","level":"info","component":"LiveWS","message":"[LiveWS] Client disconnected: %s [%d remaining] 8c29030a 17"}
{"timestamp":"2026-07-28T09:51:47.874Z","level":"info","component":"LiveWS","message":"[LiveWS] Client connected: %s (%s) [%d total] 393bc993 127.0.0.1 18"}
{"timestamp":"2026-07-28T09:51:50.546Z","level":"info","component":"LiveWS","message":"[LiveWS] Client connected: %s (%s) [%d total] 04e5988f 127.0.0.1 19"}
{"timestamp":"2026-07-28T09:51:50.549Z","level":"info","component":"LiveWS","message":"[LiveWS] Client disconnected: %s [%d remaining] 04e5988f 18"}
{"timestamp":"2026-07-28T09:51:50.863Z","level":"info","component":"LiveWS","message":"[LiveWS] Client connected: %s (%s) [%d total] 232372fe 127.0.0.1 19"}
{"timestamp":"2026-07-28T09:51:53.545Z","level":"info","component":"LiveWS","message":"[LiveWS] Client connected: %s (%s) [%d total] bf2dc0e8 127.0.0.1 20"}
{"timestamp":"2026-07-28T09:51:53.548Z","level":"info","component":"LiveWS","message":"[LiveWS] Client disconnected: %s [%d remaining] bf2dc0e8 19"}
{"timestamp":"2026-07-28T09:51:53.796Z","level":"info","component":"LiveWS","message":"[LiveWS] Client disconnected: %s [%d remaining] 2ed64843 13"}
{"timestamp":"2026-07-28T09:51:53.798Z","level":"info","component":"LiveWS","message":"[LiveWS] Client disconnected: %s [%d remaining] 4d6e06e0 13"}
{"timestamp":"2026-07-28T09:51:53.800Z","level":"info","component":"LiveWS","message":"[LiveWS] Client disconnected: %s [%d remaining] 75e4f518 13"}
{"timestamp":"2026-07-28T09:51:53.801Z","level":"info","component":"LiveWS","message":"[LiveWS] Client disconnected: %s [%d remaining] a3e6b291 13"}
{"timestamp":"2026-07-28T09:51:53.802Z","level":"info","component":"LiveWS","message":"[LiveWS] Client disconnected: %s [%d remaining] 75d71dbd 13"}
{"timestamp":"2026-07-28T09:51:53.803Z","level":"info","component":"LiveWS","message":"[LiveWS] Client disconnected: %s [%d remaining] 9854c05a 13"}
{"timestamp":"2026-07-28T09:51:53.860Z","level":"info","component":"LiveWS","message":"[LiveWS] Client connected: %s (%s) [%d total] 94edc308 127.0.0.1 14"}
{"timestamp":"2026-07-28T09:51:54.556Z","level":"info","component":"LiveWS","message":"[LiveWS] Client connected: %s (%s) [%d total] add08221 127.0.0.1 15"}
{"timestamp":"2026-07-28T09:51:54.558Z","level":"info","component":"LiveWS","message":"[LiveWS] Client disconnected: %s [%d remaining] add08221 14"}
{"timestamp":"2026-07-28T09:51:54.874Z","level":"info","component":"LiveWS","message":"[LiveWS] Client connected: %s (%s) [%d total] 2173230b 127.0.0.1 15"}
{"timestamp":"2026-07-28T09:51:55.557Z","level":"info","component":"LiveWS","message":"[LiveWS] Client connected: %s (%s) [%d total] 919a3b5b 127.0.0.1 16"}
{"timestamp":"2026-07-28T09:51:55.874Z","level":"info","component":"LiveWS","message":"[LiveWS] Client connected: %s (%s) [%d total] ce6e9b95 127.0.0.1 17"}
{"timestamp":"2026-07-28T09:51:56.238Z","level":"info","component":"LiveWS","message":"[LiveWS] Client disconnected: %s [%d remaining] ce6e9b95 16"}
{"timestamp":"2026-07-28T09:51:56.555Z","level":"info","component":"LiveWS","message":"[LiveWS] Client connected: %s (%s) [%d total] 2148e1aa 127.0.0.1 17"}
{"timestamp":"2026-07-28T09:51:56.873Z","level":"info","component":"LiveWS","message":"[LiveWS] Client connected: %s (%s) [%d total] 7a8bcd1c 127.0.0.1 18"}
{"timestamp":"2026-07-28T09:52:08.811Z","level":"info","component":"LiveWS","message":"[LiveWS] Client disconnected: %s [%d remaining] 117fcb37 12"}
{"timestamp":"2026-07-28T09:52:08.813Z","level":"info","component":"LiveWS","message":"[LiveWS] Client disconnected: %s [%d remaining] 42f64efe 12"}
{"timestamp":"2026-07-28T09:52:08.815Z","level":"info","component":"LiveWS","message":"[LiveWS] Client disconnected: %s [%d remaining] 7e3b13fb 12"}
{"timestamp":"2026-07-28T09:52:08.815Z","level":"info","component":"LiveWS","message":"[LiveWS] Client disconnected: %s [%d remaining] 24c98dd6 12"}
{"timestamp":"2026-07-28T09:52:08.817Z","level":"info","component":"LiveWS","message":"[LiveWS] Client disconnected: %s [%d remaining] d83cd1dd 12"}
{"timestamp":"2026-07-28T09:52:08.818Z","level":"info","component":"LiveWS","message":"[LiveWS] Client disconnected: %s [%d remaining] 5bb9d33c 12"}
{"timestamp":"2026-07-28T09:52:10.544Z","level":"info","component":"LiveWS","message":"[LiveWS] Client connected: %s (%s) [%d total] 7e01b9e6 127.0.0.1 13"}
{"timestamp":"2026-07-28T09:52:10.859Z","level":"info","component":"LiveWS","message":"[LiveWS] Client connected: %s (%s) [%d total] 52508fb5 127.0.0.1 14"}
{"timestamp":"2026-07-28T09:52:23.812Z","level":"info","component":"LiveWS","message":"[LiveWS] Client disconnected: %s [%d remaining] 393bc993 8"}
{"timestamp":"2026-07-28T09:52:23.813Z","level":"info","component":"LiveWS","message":"[LiveWS] Client disconnected: %s [%d remaining] c13981c2 8"}
{"timestamp":"2026-07-28T09:52:23.815Z","level":"info","component":"LiveWS","message":"[LiveWS] Client disconnected: %s [%d remaining] 3071852b 8"}
{"timestamp":"2026-07-28T09:52:23.817Z","level":"info","component":"LiveWS","message":"[LiveWS] Client disconnected: %s [%d remaining] be2a0828 8"}
{"timestamp":"2026-07-28T09:52:23.818Z","level":"info","component":"LiveWS","message":"[LiveWS] Client disconnected: %s [%d remaining] 14e19a7b 8"}
{"timestamp":"2026-07-28T09:52:23.820Z","level":"info","component":"LiveWS","message":"[LiveWS] Client disconnected: %s [%d remaining] 3ea7054e 8"}
{"timestamp":"2026-07-28T09:52:25.535Z","level":"info","component":"LiveWS","message":"[LiveWS] Client connected: %s (%s) [%d total] e062a11c 127.0.0.1 9"}
{"timestamp":"2026-07-28T09:52:25.538Z","level":"info","component":"LiveWS","message":"[LiveWS] Client disconnected: %s [%d remaining] e062a11c 8"}
{"timestamp":"2026-07-28T09:52:25.851Z","level":"info","component":"LiveWS","message":"[LiveWS] Client connected: %s (%s) [%d total] b1b52810 127.0.0.1 9"}
{"timestamp":"2026-07-28T09:52:38.822Z","level":"info","component":"LiveWS","message":"[LiveWS] Client disconnected: %s [%d remaining] 7a8bcd1c 3"}
{"timestamp":"2026-07-28T09:52:38.825Z","level":"info","component":"LiveWS","message":"[LiveWS] Client disconnected: %s [%d remaining] 2148e1aa 3"}
{"timestamp":"2026-07-28T09:52:38.826Z","level":"info","component":"LiveWS","message":"[LiveWS] Client disconnected: %s [%d remaining] 919a3b5b 3"}
{"timestamp":"2026-07-28T09:52:38.827Z","level":"info","component":"LiveWS","message":"[LiveWS] Client disconnected: %s [%d remaining] 2173230b 3"}
{"timestamp":"2026-07-28T09:52:38.828Z","level":"info","component":"LiveWS","message":"[LiveWS] Client disconnected: %s [%d remaining] 94edc308 3"}
{"timestamp":"2026-07-28T09:52:38.829Z","level":"info","component":"LiveWS","message":"[LiveWS] Client disconnected: %s [%d remaining] 232372fe 3"}
{"timestamp":"2026-07-28T09:52:40.549Z","level":"info","component":"LiveWS","message":"[LiveWS] Client connected: %s (%s) [%d total] 61962786 127.0.0.1 4"}
{"timestamp":"2026-07-28T09:52:40.552Z","level":"info","component":"LiveWS","message":"[LiveWS] Client disconnected: %s [%d remaining] 61962786 3"}
{"timestamp":"2026-07-28T09:52:40.868Z","level":"info","component":"LiveWS","message":"[LiveWS] Client connected: %s (%s) [%d total] 7629f352 127.0.0.1 4"}
{"timestamp":"2026-07-28T09:52:41.537Z","level":"info","component":"LiveWS","message":"[LiveWS] Client connected: %s (%s) [%d total] b9b2053e 127.0.0.1 5"}
{"timestamp":"2026-07-28T09:52:41.541Z","level":"info","component":"LiveWS","message":"[LiveWS] Client disconnected: %s [%d remaining] b9b2053e 4"}
{"timestamp":"2026-07-28T09:52:41.847Z","level":"info","component":"LiveWS","message":"[LiveWS] Client connected: %s (%s) [%d total] 45374dcd 127.0.0.1 5"}
{"timestamp":"2026-07-28T09:52:44.558Z","level":"info","component":"LiveWS","message":"[LiveWS] Client connected: %s (%s) [%d total] 98ca80dd 127.0.0.1 6"}
{"timestamp":"2026-07-28T09:52:44.562Z","level":"info","component":"LiveWS","message":"[LiveWS] Client disconnected: %s [%d remaining] 98ca80dd 5"}
{"timestamp":"2026-07-28T09:52:44.878Z","level":"info","component":"LiveWS","message":"[LiveWS] Client connected: %s (%s) [%d total] 0f5aaaff 127.0.0.1 6"}
{"timestamp":"2026-07-28T09:52:47.544Z","level":"info","component":"LiveWS","message":"[LiveWS] Client connected: %s (%s) [%d total] 72818a62 127.0.0.1 7"}
{"timestamp":"2026-07-28T09:52:47.546Z","level":"info","component":"LiveWS","message":"[LiveWS] Client disconnected: %s [%d remaining] 72818a62 6"}
{"timestamp":"2026-07-28T09:52:47.855Z","level":"info","component":"LiveWS","message":"[LiveWS] Client connected: %s (%s) [%d total] 7db8d000 127.0.0.1 7"}
{"timestamp":"2026-07-28T09:52:50.541Z","level":"info","component":"LiveWS","message":"[LiveWS] Client connected: %s (%s) [%d total] 6bb65e3b 127.0.0.1 8"}
{"timestamp":"2026-07-28T09:52:50.544Z","level":"info","component":"LiveWS","message":"[LiveWS] Client disconnected: %s [%d remaining] 6bb65e3b 7"}
{"timestamp":"2026-07-28T09:52:50.848Z","level":"info","component":"LiveWS","message":"[LiveWS] Client connected: %s (%s) [%d total] d49f288e 127.0.0.1 8"}
{"timestamp":"2026-07-28T09:52:53.537Z","level":"info","component":"LiveWS","message":"[LiveWS] Client connected: %s (%s) [%d total] 71f5aaa2 127.0.0.1 9"}
{"timestamp":"2026-07-28T09:52:53.539Z","level":"info","component":"LiveWS","message":"[LiveWS] Client disconnected: %s [%d remaining] 71f5aaa2 8"}
{"timestamp":"2026-07-28T09:52:53.825Z","level":"info","component":"LiveWS","message":"[LiveWS] Client disconnected: %s [%d remaining] 52508fb5 6"}
{"timestamp":"2026-07-28T09:52:53.827Z","level":"info","component":"LiveWS","message":"[LiveWS] Client disconnected: %s [%d remaining] 7e01b9e6 6"}
{"timestamp":"2026-07-28T09:52:53.846Z","level":"info","component":"LiveWS","message":"[LiveWS] Client connected: %s (%s) [%d total] 053a61e8 127.0.0.1 7"}
{"timestamp":"2026-07-28T09:52:55.538Z","level":"info","component":"LiveWS","message":"[LiveWS] Client connected: %s (%s) [%d total] fd2ed5e0 127.0.0.1 8"}
{"timestamp":"2026-07-28T09:52:55.541Z","level":"info","component":"LiveWS","message":"[LiveWS] Client disconnected: %s [%d remaining] fd2ed5e0 7"}
{"timestamp":"2026-07-28T09:52:55.851Z","level":"info","component":"LiveWS","message":"[LiveWS] Client connected: %s (%s) [%d total] 94aeec06 127.0.0.1 8"}
{"timestamp":"2026-07-28T09:52:56.537Z","level":"info","component":"LiveWS","message":"[LiveWS] Client connected: %s (%s) [%d total] 08c2c0df 127.0.0.1 9"}
{"timestamp":"2026-07-28T09:52:56.540Z","level":"info","component":"LiveWS","message":"[LiveWS] Client disconnected: %s [%d remaining] 08c2c0df 8"}
{"timestamp":"2026-07-28T09:52:56.849Z","level":"info","component":"LiveWS","message":"[LiveWS] Client connected: %s (%s) [%d total] f95a2c06 127.0.0.1 9"}
{"timestamp":"2026-07-28T09:53:01.546Z","level":"info","component":"LiveWS","message":"[LiveWS] Client connected: %s (%s) [%d total] 139eae0c 127.0.0.1 10"}
{"timestamp":"2026-07-28T09:53:01.548Z","level":"info","component":"LiveWS","message":"[LiveWS] Client disconnected: %s [%d remaining] 139eae0c 9"}
{"timestamp":"2026-07-28T09:53:01.862Z","level":"info","component":"LiveWS","message":"[LiveWS] Client connected: %s (%s) [%d total] 7fa3912a 127.0.0.1 10"}
{"timestamp":"2026-07-28T09:53:04.555Z","level":"info","component":"LiveWS","message":"[LiveWS] Client connected: %s (%s) [%d total] 8806f74e 127.0.0.1 11"}
{"timestamp":"2026-07-28T09:53:04.558Z","level":"info","component":"LiveWS","message":"[LiveWS] Client disconnected: %s [%d remaining] 8806f74e 10"}
{"timestamp":"2026-07-28T09:53:04.872Z","level":"info","component":"LiveWS","message":"[LiveWS] Client connected: %s (%s) [%d total] 0507209f 127.0.0.1 11"}
{"timestamp":"2026-07-28T09:53:07.544Z","level":"info","component":"LiveWS","message":"[LiveWS] Client connected: %s (%s) [%d total] c015bf07 127.0.0.1 12"}
{"timestamp":"2026-07-28T09:53:07.546Z","level":"info","component":"LiveWS","message":"[LiveWS] Client disconnected: %s [%d remaining] c015bf07 11"}
{"timestamp":"2026-07-28T09:53:07.862Z","level":"info","component":"LiveWS","message":"[LiveWS] Client connected: %s (%s) [%d total] 7193afbd 127.0.0.1 12"}
{"timestamp":"2026-07-28T09:53:08.830Z","level":"info","component":"LiveWS","message":"[LiveWS] Client disconnected: %s [%d remaining] b1b52810 11"}
{"timestamp":"2026-07-28T09:53:09.539Z","level":"info","component":"LiveWS","message":"[LiveWS] Client connected: %s (%s) [%d total] b5762dba 127.0.0.1 12"}
{"timestamp":"2026-07-28T09:53:09.541Z","level":"info","component":"LiveWS","message":"[LiveWS] Client disconnected: %s [%d remaining] b5762dba 11"}
{"timestamp":"2026-07-28T09:53:09.856Z","level":"info","component":"LiveWS","message":"[LiveWS] Client connected: %s (%s) [%d total] 16c5d52a 127.0.0.1 12"}
{"timestamp":"2026-07-28T09:53:10.554Z","level":"info","component":"LiveWS","message":"[LiveWS] Client connected: %s (%s) [%d total] 2cf38df2 127.0.0.1 13"}
{"timestamp":"2026-07-28T09:53:10.557Z","level":"info","component":"LiveWS","message":"[LiveWS] Client disconnected: %s [%d remaining] 2cf38df2 12"}
{"timestamp":"2026-07-28T09:53:10.869Z","level":"info","component":"LiveWS","message":"[LiveWS] Client connected: %s (%s) [%d total] e8362015 127.0.0.1 13"}
{"timestamp":"2026-07-28T09:53:13.548Z","level":"info","component":"LiveWS","message":"[LiveWS] Client connected: %s (%s) [%d total] ab537452 127.0.0.1 14"}
{"timestamp":"2026-07-28T09:53:13.551Z","level":"info","component":"LiveWS","message":"[LiveWS] Client disconnected: %s [%d remaining] ab537452 13"}
{"timestamp":"2026-07-28T09:53:13.866Z","level":"info","component":"LiveWS","message":"[LiveWS] Client connected: %s (%s) [%d total] f64a1e29 127.0.0.1 14"}
{"timestamp":"2026-07-28T09:53:16.543Z","level":"info","component":"LiveWS","message":"[LiveWS] Client connected: %s (%s) [%d total] 9f3eaa3d 127.0.0.1 15"}
{"timestamp":"2026-07-28T09:53:16.546Z","level":"info","component":"LiveWS","message":"[LiveWS] Client disconnected: %s [%d remaining] 9f3eaa3d 14"}
{"timestamp":"2026-07-28T09:53:16.860Z","level":"info","component":"LiveWS","message":"[LiveWS] Client connected: %s (%s) [%d total] 4880b5fe 127.0.0.1 15"}
{"timestamp":"2026-07-28T09:53:19.552Z","level":"info","component":"LiveWS","message":"[LiveWS] Client connected: %s (%s) [%d total] 7bb85032 127.0.0.1 16"}
{"timestamp":"2026-07-28T09:53:19.554Z","level":"info","component":"LiveWS","message":"[LiveWS] Client disconnected: %s [%d remaining] 7bb85032 15"}
{"timestamp":"2026-07-28T09:53:19.868Z","level":"info","component":"LiveWS","message":"[LiveWS] Client connected: %s (%s) [%d total] 3b13c75c 127.0.0.1 16"}
{"timestamp":"2026-07-28T09:53:22.547Z","level":"info","component":"LiveWS","message":"[LiveWS] Client connected: %s (%s) [%d total] def8ab85 127.0.0.1 17"}
{"timestamp":"2026-07-28T09:53:22.550Z","level":"info","component":"LiveWS","message":"[LiveWS] Client disconnected: %s [%d remaining] def8ab85 16"}
{"timestamp":"2026-07-28T09:53:22.864Z","level":"info","component":"LiveWS","message":"[LiveWS] Client connected: %s (%s) [%d total] 645746c0 127.0.0.1 17"}
{"timestamp":"2026-07-28T09:53:23.845Z","level":"info","component":"LiveWS","message":"[LiveWS] Client disconnected: %s [%d remaining] 7db8d000 13"}
{"timestamp":"2026-07-28T09:53:23.847Z","level":"info","component":"LiveWS","message":"[LiveWS] Client disconnected: %s [%d remaining] 0f5aaaff 13"}
{"timestamp":"2026-07-28T09:53:23.849Z","level":"info","component":"LiveWS","message":"[LiveWS] Client disconnected: %s [%d remaining] 45374dcd 13"}
{"timestamp":"2026-07-28T09:53:23.850Z","level":"info","component":"LiveWS","message":"[LiveWS] Client disconnected: %s [%d remaining] 7629f352 13"}
{"timestamp":"2026-07-28T09:53:24.542Z","level":"info","component":"LiveWS","message":"[LiveWS] Client connected: %s (%s) [%d total] 93ac64d7 127.0.0.1 14"}
{"timestamp":"2026-07-28T09:53:24.546Z","level":"info","component":"LiveWS","message":"[LiveWS] Client disconnected: %s [%d remaining] 93ac64d7 13"}
{"timestamp":"2026-07-28T09:53:24.858Z","level":"info","component":"LiveWS","message":"[LiveWS] Client connected: %s (%s) [%d total] 6d47e5cd 127.0.0.1 14"}
{"timestamp":"2026-07-28T09:53:25.556Z","level":"info","component":"LiveWS","message":"[LiveWS] Client connected: %s (%s) [%d total] aebaabb9 127.0.0.1 15"}
{"timestamp":"2026-07-28T09:53:25.558Z","level":"info","component":"LiveWS","message":"[LiveWS] Client disconnected: %s [%d remaining] aebaabb9 14"}
{"timestamp":"2026-07-28T09:53:25.872Z","level":"info","component":"LiveWS","message":"[LiveWS] Client connected: %s (%s) [%d total] a38132a3 127.0.0.1 15"}
{"timestamp":"2026-07-28T09:53:38.853Z","level":"info","component":"LiveWS","message":"[LiveWS] Client disconnected: %s [%d remaining] 7fa3912a 10"}
{"timestamp":"2026-07-28T09:53:38.855Z","level":"info","component":"LiveWS","message":"[LiveWS] Client disconnected: %s [%d remaining] f95a2c06 10"}
{"timestamp":"2026-07-28T09:53:38.856Z","level":"info","component":"LiveWS","message":"[LiveWS] Client disconnected: %s [%d remaining] 94aeec06 10"}
{"timestamp":"2026-07-28T09:53:38.857Z","level":"info","component":"LiveWS","message":"[LiveWS] Client disconnected: %s [%d remaining] 053a61e8 10"}
{"timestamp":"2026-07-28T09:53:38.858Z","level":"info","component":"LiveWS","message":"[LiveWS] Client disconnected: %s [%d remaining] d49f288e 10"}
{"timestamp":"2026-07-28T09:53:40.545Z","level":"info","component":"LiveWS","message":"[LiveWS] Client connected: %s (%s) [%d total] be4bdb44 127.0.0.1 11"}
{"timestamp":"2026-07-28T09:53:40.855Z","level":"info","component":"LiveWS","message":"[LiveWS] Client connected: %s (%s) [%d total] 07c7e973 127.0.0.1 12"}
{"timestamp":"2026-07-28T09:53:42.225Z","level":"info","component":"LiveWS","message":"[LiveWS] Client disconnected: %s [%d remaining] 07c7e973 11"}
{"timestamp":"2026-07-28T09:53:42.541Z","level":"info","component":"LiveWS","message":"[LiveWS] Client connected: %s (%s) [%d total] 0e2e450b 127.0.0.1 12"}
{"timestamp":"2026-07-28T09:53:42.860Z","level":"info","component":"LiveWS","message":"[LiveWS] Client connected: %s (%s) [%d total] 88fb7395 127.0.0.1 13"}
{"timestamp":"2026-07-28T09:53:53.858Z","level":"info","component":"LiveWS","message":"[LiveWS] Client disconnected: %s [%d remaining] 4880b5fe 7"}
{"timestamp":"2026-07-28T09:53:53.860Z","level":"info","component":"LiveWS","message":"[LiveWS] Client disconnected: %s [%d remaining] f64a1e29 7"}
{"timestamp":"2026-07-28T09:53:53.862Z","level":"info","component":"LiveWS","message":"[LiveWS] Client disconnected: %s [%d remaining] e8362015 7"}
{"timestamp":"2026-07-28T09:53:53.863Z","level":"info","component":"LiveWS","message":"[LiveWS] Client disconnected: %s [%d remaining] 16c5d52a 7"}
{"timestamp":"2026-07-28T09:53:53.865Z","level":"info","component":"LiveWS","message":"[LiveWS] Client disconnected: %s [%d remaining] 7193afbd 7"}
{"timestamp":"2026-07-28T09:53:53.867Z","level":"info","component":"LiveWS","message":"[LiveWS] Client disconnected: %s [%d remaining] 0507209f 7"}
{"timestamp":"2026-07-28T09:53:55.533Z","level":"info","component":"LiveWS","message":"[LiveWS] Client connected: %s (%s) [%d total] bf974c76 127.0.0.1 8"}
{"timestamp":"2026-07-28T09:53:55.856Z","level":"info","component":"LiveWS","message":"[LiveWS] Client connected: %s (%s) [%d total] db0b8fab 127.0.0.1 9"}
{"timestamp":"2026-07-28T09:54:08.862Z","level":"info","component":"LiveWS","message":"[LiveWS] Client disconnected: %s [%d remaining] a38132a3 5"}
{"timestamp":"2026-07-28T09:54:08.864Z","level":"info","component":"LiveWS","message":"[LiveWS] Client disconnected: %s [%d remaining] 6d47e5cd 5"}
{"timestamp":"2026-07-28T09:54:08.865Z","level":"info","component":"LiveWS","message":"[LiveWS] Client disconnected: %s [%d remaining] 645746c0 5"}
{"timestamp":"2026-07-28T09:54:08.866Z","level":"info","component":"LiveWS","message":"[LiveWS] Client disconnected: %s [%d remaining] 3b13c75c 5"}
{"timestamp":"2026-07-28T09:54:10.544Z","level":"info","component":"LiveWS","message":"[LiveWS] Client connected: %s (%s) [%d total] e0a7c65f 127.0.0.1 6"}
{"timestamp":"2026-07-28T09:54:10.547Z","level":"info","component":"LiveWS","message":"[LiveWS] Client disconnected: %s [%d remaining] e0a7c65f 5"}
{"timestamp":"2026-07-28T09:54:10.860Z","level":"info","component":"LiveWS","message":"[LiveWS] Client connected: %s (%s) [%d total] 77fd088c 127.0.0.1 6"}
{"timestamp":"2026-07-28T09:54:23.875Z","level":"info","component":"LiveWS","message":"[LiveWS] Client disconnected: %s [%d remaining] 88fb7395 3"}
{"timestamp":"2026-07-28T09:54:23.877Z","level":"info","component":"LiveWS","message":"[LiveWS] Client disconnected: %s [%d remaining] 0e2e450b 3"}
{"timestamp":"2026-07-28T09:54:23.879Z","level":"info","component":"LiveWS","message":"[LiveWS] Client disconnected: %s [%d remaining] be4bdb44 3"}
{"timestamp":"2026-07-28T09:54:25.558Z","level":"info","component":"LiveWS","message":"[LiveWS] Client connected: %s (%s) [%d total] 1d3a60e8 127.0.0.1 4"}
{"timestamp":"2026-07-28T09:54:25.561Z","level":"info","component":"LiveWS","message":"[LiveWS] Client disconnected: %s [%d remaining] 1d3a60e8 3"}
{"timestamp":"2026-07-28T09:54:25.875Z","level":"info","component":"LiveWS","message":"[LiveWS] Client connected: %s (%s) [%d total] b2ce4c57 127.0.0.1 4"}
{"timestamp":"2026-07-28T09:54:26.557Z","level":"info","component":"LiveWS","message":"[LiveWS] Client connected: %s (%s) [%d total] ffe82fba 127.0.0.1 5"}
{"timestamp":"2026-07-28T09:54:26.560Z","level":"info","component":"LiveWS","message":"[LiveWS] Client disconnected: %s [%d remaining] ffe82fba 4"}
{"timestamp":"2026-07-28T09:54:26.873Z","level":"info","component":"LiveWS","message":"[LiveWS] Client connected: %s (%s) [%d total] 884f8c91 127.0.0.1 5"}
{"timestamp":"2026-07-28T09:54:27.553Z","level":"info","component":"LiveWS","message":"[LiveWS] Client connected: %s (%s) [%d total] 40275b97 127.0.0.1 6"}
{"timestamp":"2026-07-28T09:54:27.557Z","level":"info","component":"LiveWS","message":"[LiveWS] Client disconnected: %s [%d remaining] 40275b97 5"}
{"timestamp":"2026-07-28T09:54:27.872Z","level":"info","component":"LiveWS","message":"[LiveWS] Client connected: %s (%s) [%d total] a2ebc2dd 127.0.0.1 6"}
{"timestamp":"2026-07-28T09:54:30.550Z","level":"info","component":"LiveWS","message":"[LiveWS] Client connected: %s (%s) [%d total] 4052d759 127.0.0.1 7"}
{"timestamp":"2026-07-28T09:54:30.553Z","level":"info","component":"LiveWS","message":"[LiveWS] Client disconnected: %s [%d remaining] 4052d759 6"}
{"timestamp":"2026-07-28T09:54:30.870Z","level":"info","component":"LiveWS","message":"[LiveWS] Client connected: %s (%s) [%d total] 8eab6a19 127.0.0.1 7"}
{"timestamp":"2026-07-28T09:54:33.548Z","level":"info","component":"LiveWS","message":"[LiveWS] Client connected: %s (%s) [%d total] 42e33801 127.0.0.1 8"}
{"timestamp":"2026-07-28T09:54:33.550Z","level":"info","component":"LiveWS","message":"[LiveWS] Client disconnected: %s [%d remaining] 42e33801 7"}
{"timestamp":"2026-07-28T09:54:33.864Z","level":"info","component":"LiveWS","message":"[LiveWS] Client connected: %s (%s) [%d total] 48b1df6c 127.0.0.1 8"}
{"timestamp":"2026-07-28T09:54:36.548Z","level":"info","component":"LiveWS","message":"[LiveWS] Client connected: %s (%s) [%d total] dfdaca37 127.0.0.1 9"}
{"timestamp":"2026-07-28T09:54:36.551Z","level":"info","component":"LiveWS","message":"[LiveWS] Client disconnected: %s [%d remaining] dfdaca37 8"}
{"timestamp":"2026-07-28T09:54:36.864Z","level":"info","component":"LiveWS","message":"[LiveWS] Client connected: %s (%s) [%d total] cfc21961 127.0.0.1 9"}
{"timestamp":"2026-07-28T09:54:38.879Z","level":"info","component":"LiveWS","message":"[LiveWS] Client disconnected: %s [%d remaining] db0b8fab 7"}
{"timestamp":"2026-07-28T09:54:38.881Z","level":"info","component":"LiveWS","message":"[LiveWS] Client disconnected: %s [%d remaining] bf974c76 7"}
{"timestamp":"2026-07-28T09:54:39.547Z","level":"info","component":"LiveWS","message":"[LiveWS] Client connected: %s (%s) [%d total] f80224f6 127.0.0.1 8"}
{"timestamp":"2026-07-28T09:54:39.550Z","level":"info","component":"LiveWS","message":"[LiveWS] Client disconnected: %s [%d remaining] f80224f6 7"}
{"timestamp":"2026-07-28T09:54:39.864Z","level":"info","component":"LiveWS","message":"[LiveWS] Client connected: %s (%s) [%d total] 119d80f3 127.0.0.1 8"}
{"timestamp":"2026-07-28T09:54:42.556Z","level":"info","component":"LiveWS","message":"[LiveWS] Client connected: %s (%s) [%d total] 1d958eea 127.0.0.1 9"}
{"timestamp":"2026-07-28T09:54:42.558Z","level":"info","component":"LiveWS","message":"[LiveWS] Client disconnected: %s [%d remaining] 1d958eea 8"}
{"timestamp":"2026-07-28T09:54:42.873Z","level":"info","component":"LiveWS","message":"[LiveWS] Client connected: %s (%s) [%d total] 080da48d 127.0.0.1 9"}
{"timestamp":"2026-07-28T09:54:45.554Z","level":"info","component":"LiveWS","message":"[LiveWS] Client connected: %s (%s) [%d total] fde630ea 127.0.0.1 10"}
{"timestamp":"2026-07-28T09:54:45.557Z","level":"info","component":"LiveWS","message":"[LiveWS] Client disconnected: %s [%d remaining] fde630ea 9"}
{"timestamp":"2026-07-28T09:54:45.870Z","level":"info","component":"LiveWS","message":"[LiveWS] Client connected: %s (%s) [%d total] e871266c 127.0.0.1 10"}
{"timestamp":"2026-07-28T09:54:48.551Z","level":"info","component":"LiveWS","message":"[LiveWS] Client connected: %s (%s) [%d total] ac327865 127.0.0.1 11"}
{"timestamp":"2026-07-28T09:54:48.554Z","level":"info","component":"LiveWS","message":"[LiveWS] Client disconnected: %s [%d remaining] ac327865 10"}
{"timestamp":"2026-07-28T09:54:48.867Z","level":"info","component":"LiveWS","message":"[LiveWS] Client connected: %s (%s) [%d total] cb9d8567 127.0.0.1 11"}
{"timestamp":"2026-07-28T09:54:51.545Z","level":"info","component":"LiveWS","message":"[LiveWS] Client connected: %s (%s) [%d total] e43b8428 127.0.0.1 12"}
{"timestamp":"2026-07-28T09:54:51.548Z","level":"info","component":"LiveWS","message":"[LiveWS] Client disconnected: %s [%d remaining] e43b8428 11"}
{"timestamp":"2026-07-28T09:54:51.859Z","level":"info","component":"LiveWS","message":"[LiveWS] Client connected: %s (%s) [%d total] e69b3582 127.0.0.1 12"}
{"timestamp":"2026-07-28T09:54:53.886Z","level":"info","component":"LiveWS","message":"[LiveWS] Client disconnected: %s [%d remaining] 77fd088c 11"}
{"timestamp":"2026-07-28T09:54:54.553Z","level":"info","component":"LiveWS","message":"[LiveWS] Client connected: %s (%s) [%d total] 17ccd6b5 127.0.0.1 12"}
{"timestamp":"2026-07-28T09:54:54.556Z","level":"info","component":"LiveWS","message":"[LiveWS] Client disconnected: %s [%d remaining] 17ccd6b5 11"}
{"timestamp":"2026-07-28T09:54:54.869Z","level":"info","component":"LiveWS","message":"[LiveWS] Client connected: %s (%s) [%d total] 20cd495c 127.0.0.1 12"}
{"timestamp":"2026-07-28T09:54:59.552Z","level":"info","component":"LiveWS","message":"[LiveWS] Client connected: %s (%s) [%d total] e972a6ec 127.0.0.1 13"}
{"timestamp":"2026-07-28T09:54:59.555Z","level":"info","component":"LiveWS","message":"[LiveWS] Client disconnected: %s [%d remaining] e972a6ec 12"}
{"timestamp":"2026-07-28T09:54:59.868Z","level":"info","component":"LiveWS","message":"[LiveWS] Client connected: %s (%s) [%d total] d2ed6955 127.0.0.1 13"}
{"timestamp":"2026-07-28T09:55:02.557Z","level":"info","component":"LiveWS","message":"[LiveWS] Client connected: %s (%s) [%d total] e1247656 127.0.0.1 14"}
{"timestamp":"2026-07-28T09:55:02.559Z","level":"info","component":"LiveWS","message":"[LiveWS] Client disconnected: %s [%d remaining] e1247656 13"}
{"timestamp":"2026-07-28T09:55:02.874Z","level":"info","component":"LiveWS","message":"[LiveWS] Client connected: %s (%s) [%d total] ded94fc9 127.0.0.1 14"}
{"timestamp":"2026-07-28T09:55:05.555Z","level":"info","component":"LiveWS","message":"[LiveWS] Client connected: %s (%s) [%d total] f8a69a68 127.0.0.1 15"}
{"timestamp":"2026-07-28T09:55:05.558Z","level":"info","component":"LiveWS","message":"[LiveWS] Client disconnected: %s [%d remaining] f8a69a68 14"}
{"timestamp":"2026-07-28T09:55:05.872Z","level":"info","component":"LiveWS","message":"[LiveWS] Client connected: %s (%s) [%d total] 31d2de52 127.0.0.1 15"}
{"timestamp":"2026-07-28T09:55:08.557Z","level":"info","component":"LiveWS","message":"[LiveWS] Client connected: %s (%s) [%d total] 4ee54777 127.0.0.1 16"}
{"timestamp":"2026-07-28T09:55:08.561Z","level":"info","component":"LiveWS","message":"[LiveWS] Client disconnected: %s [%d remaining] 4ee54777 15"}
{"timestamp":"2026-07-28T09:55:08.875Z","level":"info","component":"LiveWS","message":"[LiveWS] Client connected: %s (%s) [%d total] f6ef4cdd 127.0.0.1 16"}
{"timestamp":"2026-07-28T09:55:08.888Z","level":"info","component":"LiveWS","message":"[LiveWS] Client disconnected: %s [%d remaining] 48b1df6c 11"}
{"timestamp":"2026-07-28T09:55:08.890Z","level":"info","component":"LiveWS","message":"[LiveWS] Client disconnected: %s [%d remaining] 8eab6a19 11"}
{"timestamp":"2026-07-28T09:55:08.892Z","level":"info","component":"LiveWS","message":"[LiveWS] Client disconnected: %s [%d remaining] a2ebc2dd 11"}
{"timestamp":"2026-07-28T09:55:08.893Z","level":"info","component":"LiveWS","message":"[LiveWS] Client disconnected: %s [%d remaining] 884f8c91 11"}
{"timestamp":"2026-07-28T09:55:08.895Z","level":"info","component":"LiveWS","message":"[LiveWS] Client disconnected: %s [%d remaining] b2ce4c57 11"}
{"timestamp":"2026-07-28T09:55:09.555Z","level":"info","component":"LiveWS","message":"[LiveWS] Client connected: %s (%s) [%d total] 1ac84492 127.0.0.1 12"}
{"timestamp":"2026-07-28T09:55:09.557Z","level":"info","component":"LiveWS","message":"[LiveWS] Client disconnected: %s [%d remaining] 1ac84492 11"}
{"timestamp":"2026-07-28T09:55:09.874Z","level":"info","component":"LiveWS","message":"[LiveWS] Client connected: %s (%s) [%d total] 1d62c52b 127.0.0.1 12"}
{"timestamp":"2026-07-28T09:55:10.555Z","level":"info","component":"LiveWS","message":"[LiveWS] Client connected: %s (%s) [%d total] 31ae363c 127.0.0.1 13"}
{"timestamp":"2026-07-28T09:55:10.559Z","level":"info","component":"LiveWS","message":"[LiveWS] Client disconnected: %s [%d remaining] 31ae363c 12"}
{"timestamp":"2026-07-28T09:55:10.865Z","level":"info","component":"LiveWS","message":"[LiveWS] Client connected: %s (%s) [%d total] a4a75025 127.0.0.1 13"}
{"timestamp":"2026-07-28T09:55:11.547Z","level":"info","component":"LiveWS","message":"[LiveWS] Client connected: %s (%s) [%d total] 60d4fadb 127.0.0.1 14"}
{"timestamp":"2026-07-28T09:55:11.551Z","level":"info","component":"LiveWS","message":"[LiveWS] Client disconnected: %s [%d remaining] 60d4fadb 13"}
{"timestamp":"2026-07-28T09:55:11.865Z","level":"info","component":"LiveWS","message":"[LiveWS] Client connected: %s (%s) [%d total] ce63cd21 127.0.0.1 14"}
{"timestamp":"2026-07-28T09:55:14.550Z","level":"info","component":"LiveWS","message":"[LiveWS] Client connected: %s (%s) [%d total] d8ab9f25 127.0.0.1 15"}
{"timestamp":"2026-07-28T09:55:14.553Z","level":"info","component":"LiveWS","message":"[LiveWS] Client disconnected: %s [%d remaining] d8ab9f25 14"}
{"timestamp":"2026-07-28T09:55:14.870Z","level":"info","component":"LiveWS","message":"[LiveWS] Client connected: %s (%s) [%d total] b129298e 127.0.0.1 15"}
{"timestamp":"2026-07-28T09:55:17.556Z","level":"info","component":"LiveWS","message":"[LiveWS] Client connected: %s (%s) [%d total] 34e2ae05 127.0.0.1 16"}
{"timestamp":"2026-07-28T09:55:17.559Z","level":"info","component":"LiveWS","message":"[LiveWS] Client disconnected: %s [%d remaining] 34e2ae05 15"}
{"timestamp":"2026-07-28T09:55:17.875Z","level":"info","component":"LiveWS","message":"[LiveWS] Client connected: %s (%s) [%d total] 65546da2 127.0.0.1 16"}
{"timestamp":"2026-07-28T09:55:20.555Z","level":"info","component":"LiveWS","message":"[LiveWS] Client connected: %s (%s) [%d total] bc7b437a 127.0.0.1 17"}
{"timestamp":"2026-07-28T09:55:20.558Z","level":"info","component":"LiveWS","message":"[LiveWS] Client disconnected: %s [%d remaining] bc7b437a 16"}
{"timestamp":"2026-07-28T09:55:20.873Z","level":"info","component":"LiveWS","message":"[LiveWS] Client connected: %s (%s) [%d total] e0a4e2af 127.0.0.1 17"}
{"timestamp":"2026-07-28T09:55:23.558Z","level":"info","component":"LiveWS","message":"[LiveWS] Client connected: %s (%s) [%d total] 5a0ec141 127.0.0.1 18"}
{"timestamp":"2026-07-28T09:55:23.562Z","level":"info","component":"LiveWS","message":"[LiveWS] Client disconnected: %s [%d remaining] 5a0ec141 17"}
{"timestamp":"2026-07-28T09:55:23.876Z","level":"info","component":"LiveWS","message":"[LiveWS] Client connected: %s (%s) [%d total] b4250c4a 127.0.0.1 18"}
{"timestamp":"2026-07-28T09:55:23.889Z","level":"info","component":"LiveWS","message":"[LiveWS] Client disconnected: %s [%d remaining] cb9d8567 13"}
{"timestamp":"2026-07-28T09:55:23.891Z","level":"info","component":"LiveWS","message":"[LiveWS] Client disconnected: %s [%d remaining] e871266c 13"}
{"timestamp":"2026-07-28T09:55:23.893Z","level":"info","component":"LiveWS","message":"[LiveWS] Client disconnected: %s [%d remaining] 080da48d 13"}
{"timestamp":"2026-07-28T09:55:23.894Z","level":"info","component":"LiveWS","message":"[LiveWS] Client disconnected: %s [%d remaining] 119d80f3 13"}
{"timestamp":"2026-07-28T09:55:23.895Z","level":"info","component":"LiveWS","message":"[LiveWS] Client disconnected: %s [%d remaining] cfc21961 13"}
{"timestamp":"2026-07-28T09:55:25.558Z","level":"info","component":"LiveWS","message":"[LiveWS] Client connected: %s (%s) [%d total] 5261171d 127.0.0.1 14"}
{"timestamp":"2026-07-28T09:55:25.560Z","level":"info","component":"LiveWS","message":"[LiveWS] Client disconnected: %s [%d remaining] 5261171d 13"}
{"timestamp":"2026-07-28T09:55:25.879Z","level":"info","component":"LiveWS","message":"[LiveWS] Client connected: %s (%s) [%d total] f8cf54a1 127.0.0.1 14"}
{"timestamp":"2026-07-28T09:55:26.547Z","level":"info","component":"LiveWS","message":"[LiveWS] Client connected: %s (%s) [%d total] 82071cd2 127.0.0.1 15"}
{"timestamp":"2026-07-28T09:55:26.549Z","level":"info","component":"LiveWS","message":"[LiveWS] Client disconnected: %s [%d remaining] 82071cd2 14"}
{"timestamp":"2026-07-28T09:55:26.864Z","level":"info","component":"LiveWS","message":"[LiveWS] Client connected: %s (%s) [%d total] f2f1440f 127.0.0.1 15"}
{"timestamp":"2026-07-28T09:55:29.553Z","level":"info","component":"LiveWS","message":"[LiveWS] Client connected: %s (%s) [%d total] 6579bb2f 127.0.0.1 16"}
{"timestamp":"2026-07-28T09:55:29.557Z","level":"info","component":"LiveWS","message":"[LiveWS] Client disconnected: %s [%d remaining] 6579bb2f 15"}
{"timestamp":"2026-07-28T09:55:29.868Z","level":"info","component":"LiveWS","message":"[LiveWS] Client connected: %s (%s) [%d total] aef81942 127.0.0.1 16"}
{"timestamp":"2026-07-28T09:55:32.545Z","level":"info","component":"LiveWS","message":"[LiveWS] Client connected: %s (%s) [%d total] f0ec62fe 127.0.0.1 17"}
{"timestamp":"2026-07-28T09:55:32.548Z","level":"info","component":"LiveWS","message":"[LiveWS] Client disconnected: %s [%d remaining] f0ec62fe 16"}
{"timestamp":"2026-07-28T09:55:32.862Z","level":"info","component":"LiveWS","message":"[LiveWS] Client connected: %s (%s) [%d total] 25629de9 127.0.0.1 17"}
{"timestamp":"2026-07-28T09:55:35.552Z","level":"info","component":"LiveWS","message":"[LiveWS] Client connected: %s (%s) [%d total] d7246cb2 127.0.0.1 18"}
{"timestamp":"2026-07-28T09:55:35.555Z","level":"info","component":"LiveWS","message":"[LiveWS] Client disconnected: %s [%d remaining] d7246cb2 17"}
{"timestamp":"2026-07-28T09:55:35.869Z","level":"info","component":"LiveWS","message":"[LiveWS] Client connected: %s (%s) [%d total] 80b05c52 127.0.0.1 18"}
{"timestamp":"2026-07-28T09:55:38.545Z","level":"info","component":"LiveWS","message":"[LiveWS] Client connected: %s (%s) [%d total] 212198eb 127.0.0.1 19"}
{"timestamp":"2026-07-28T09:55:38.547Z","level":"info","component":"LiveWS","message":"[LiveWS] Client disconnected: %s [%d remaining] 212198eb 18"}
{"timestamp":"2026-07-28T09:55:38.862Z","level":"info","component":"LiveWS","message":"[LiveWS] Client connected: %s (%s) [%d total] 2d7f3834 127.0.0.1 19"}
{"timestamp":"2026-07-28T09:55:38.895Z","level":"info","component":"LiveWS","message":"[LiveWS] Client disconnected: %s [%d remaining] ded94fc9 15"}
{"timestamp":"2026-07-28T09:55:38.897Z","level":"info","component":"LiveWS","message":"[LiveWS] Client disconnected: %s [%d remaining] d2ed6955 15"}
{"timestamp":"2026-07-28T09:55:38.898Z","level":"info","component":"LiveWS","message":"[LiveWS] Client disconnected: %s [%d remaining] 20cd495c 15"}
{"timestamp":"2026-07-28T09:55:38.900Z","level":"info","component":"LiveWS","message":"[LiveWS] Client disconnected: %s [%d remaining] e69b3582 15"}
{"timestamp":"2026-07-28T09:55:40.543Z","level":"info","component":"LiveWS","message":"[LiveWS] Client connected: %s (%s) [%d total] bab9b383 127.0.0.1 16"}
{"timestamp":"2026-07-28T09:55:40.546Z","level":"info","component":"LiveWS","message":"[LiveWS] Client disconnected: %s [%d remaining] bab9b383 15"}
{"timestamp":"2026-07-28T09:55:40.861Z","level":"info","component":"LiveWS","message":"[LiveWS] Client connected: %s (%s) [%d total] c5815224 127.0.0.1 16"}
{"timestamp":"2026-07-28T09:55:41.543Z","level":"info","component":"LiveWS","message":"[LiveWS] Client connected: %s (%s) [%d total] 860a3ef9 127.0.0.1 17"}
{"timestamp":"2026-07-28T09:55:41.546Z","level":"info","component":"LiveWS","message":"[LiveWS] Client disconnected: %s [%d remaining] 860a3ef9 16"}
{"timestamp":"2026-07-28T09:55:41.859Z","level":"info","component":"LiveWS","message":"[LiveWS] Client connected: %s (%s) [%d total] c5b22f2a 127.0.0.1 17"}
{"timestamp":"2026-07-28T09:55:44.548Z","level":"info","component":"LiveWS","message":"[LiveWS] Client connected: %s (%s) [%d total] cb299c9c 127.0.0.1 18"}
{"timestamp":"2026-07-28T09:55:44.552Z","level":"info","component":"LiveWS","message":"[LiveWS] Client disconnected: %s [%d remaining] cb299c9c 17"}
{"timestamp":"2026-07-28T09:55:44.864Z","level":"info","component":"LiveWS","message":"[LiveWS] Client connected: %s (%s) [%d total] e47607d1 127.0.0.1 18"}
{"timestamp":"2026-07-28T09:55:47.554Z","level":"info","component":"LiveWS","message":"[LiveWS] Client connected: %s (%s) [%d total] b1d294bf 127.0.0.1 19"}
{"timestamp":"2026-07-28T09:55:47.557Z","level":"info","component":"LiveWS","message":"[LiveWS] Client disconnected: %s [%d remaining] b1d294bf 18"}
{"timestamp":"2026-07-28T09:55:47.873Z","level":"info","component":"LiveWS","message":"[LiveWS] Client connected: %s (%s) [%d total] 69403831 127.0.0.1 19"}
{"timestamp":"2026-07-28T09:55:50.553Z","level":"info","component":"LiveWS","message":"[LiveWS] Client connected: %s (%s) [%d total] b2d15e1d 127.0.0.1 20"}
{"timestamp":"2026-07-28T09:55:50.556Z","level":"info","component":"LiveWS","message":"[LiveWS] Client disconnected: %s [%d remaining] b2d15e1d 19"}
{"timestamp":"2026-07-28T09:55:50.870Z","level":"info","component":"LiveWS","message":"[LiveWS] Client connected: %s (%s) [%d total] ea7158e4 127.0.0.1 20"}
{"timestamp":"2026-07-28T09:55:53.548Z","level":"info","component":"LiveWS","message":"[LiveWS] Client connected: %s (%s) [%d total] d2afa5ae 127.0.0.1 21"}
{"timestamp":"2026-07-28T09:55:53.550Z","level":"info","component":"LiveWS","message":"[LiveWS] Client disconnected: %s [%d remaining] d2afa5ae 20"}
{"timestamp":"2026-07-28T09:55:53.864Z","level":"info","component":"LiveWS","message":"[LiveWS] Client connected: %s (%s) [%d total] 59b20d80 127.0.0.1 21"}
{"timestamp":"2026-07-28T09:55:53.895Z","level":"info","component":"LiveWS","message":"[LiveWS] Client disconnected: %s [%d remaining] 65546da2 14"}
{"timestamp":"2026-07-28T09:55:53.896Z","level":"info","component":"LiveWS","message":"[LiveWS] Client disconnected: %s [%d remaining] b129298e 14"}
{"timestamp":"2026-07-28T09:55:53.897Z","level":"info","component":"LiveWS","message":"[LiveWS] Client disconnected: %s [%d remaining] ce63cd21 14"}
{"timestamp":"2026-07-28T09:55:53.898Z","level":"info","component":"LiveWS","message":"[LiveWS] Client disconnected: %s [%d remaining] a4a75025 14"}
{"timestamp":"2026-07-28T09:55:53.899Z","level":"info","component":"LiveWS","message":"[LiveWS] Client disconnected: %s [%d remaining] 1d62c52b 14"}
{"timestamp":"2026-07-28T09:55:53.900Z","level":"info","component":"LiveWS","message":"[LiveWS] Client disconnected: %s [%d remaining] f6ef4cdd 14"}
{"timestamp":"2026-07-28T09:55:53.901Z","level":"info","component":"LiveWS","message":"[LiveWS] Client disconnected: %s [%d remaining] 31d2de52 14"}
{"timestamp":"2026-07-28T09:55:55.545Z","level":"info","component":"LiveWS","message":"[LiveWS] Client connected: %s (%s) [%d total] 3151aca7 127.0.0.1 15"}
{"timestamp":"2026-07-28T09:55:55.862Z","level":"info","component":"LiveWS","message":"[LiveWS] Client connected: %s (%s) [%d total] b70fe3c7 127.0.0.1 16"}
{"timestamp":"2026-07-28T09:55:56.226Z","level":"info","component":"LiveWS","message":"[LiveWS] Client disconnected: %s [%d remaining] b70fe3c7 15"}
{"timestamp":"2026-07-28T09:55:56.543Z","level":"info","component":"LiveWS","message":"[LiveWS] Client connected: %s (%s) [%d total] e61d9c18 127.0.0.1 16"}
{"timestamp":"2026-07-28T09:55:56.860Z","level":"info","component":"LiveWS","message":"[LiveWS] Client connected: %s (%s) [%d total] f58cb164 127.0.0.1 17"}
{"timestamp":"2026-07-28T09:56:08.897Z","level":"info","component":"LiveWS","message":"[LiveWS] Client disconnected: %s [%d remaining] 25629de9 11"}
{"timestamp":"2026-07-28T09:56:08.899Z","level":"info","component":"LiveWS","message":"[LiveWS] Client disconnected: %s [%d remaining] aef81942 11"}
{"timestamp":"2026-07-28T09:56:08.900Z","level":"info","component":"LiveWS","message":"[LiveWS] Client disconnected: %s [%d remaining] f2f1440f 11"}
{"timestamp":"2026-07-28T09:56:08.901Z","level":"info","component":"LiveWS","message":"[LiveWS] Client disconnected: %s [%d remaining] f8cf54a1 11"}
{"timestamp":"2026-07-28T09:56:08.901Z","level":"info","component":"LiveWS","message":"[LiveWS] Client disconnected: %s [%d remaining] b4250c4a 11"}
{"timestamp":"2026-07-28T09:56:08.902Z","level":"info","component":"LiveWS","message":"[LiveWS] Client disconnected: %s [%d remaining] e0a4e2af 11"}
{"timestamp":"2026-07-28T09:56:10.550Z","level":"info","component":"LiveWS","message":"[LiveWS] Client connected: %s (%s) [%d total] 19b6b808 127.0.0.1 12"}
{"timestamp":"2026-07-28T09:56:10.867Z","level":"info","component":"LiveWS","message":"[LiveWS] Client connected: %s (%s) [%d total] 9ab8703e 127.0.0.1 13"}
{"timestamp":"2026-07-28T09:56:23.910Z","level":"info","component":"LiveWS","message":"[LiveWS] Client disconnected: %s [%d remaining] 69403831 7"}
{"timestamp":"2026-07-28T09:56:23.911Z","level":"info","component":"LiveWS","message":"[LiveWS] Client disconnected: %s [%d remaining] e47607d1 7"}
{"timestamp":"2026-07-28T09:56:23.912Z","level":"info","component":"LiveWS","message":"[LiveWS] Client disconnected: %s [%d remaining] c5b22f2a 7"}
{"timestamp":"2026-07-28T09:56:23.913Z","level":"info","component":"LiveWS","message":"[LiveWS] Client disconnected: %s [%d remaining] c5815224 7"}
{"timestamp":"2026-07-28T09:56:23.914Z","level":"info","component":"LiveWS","message":"[LiveWS] Client disconnected: %s [%d remaining] 2d7f3834 7"}
{"timestamp":"2026-07-28T09:56:23.916Z","level":"info","component":"LiveWS","message":"[LiveWS] Client disconnected: %s [%d remaining] 80b05c52 7"}
{"timestamp":"2026-07-28T09:56:25.544Z","level":"info","component":"LiveWS","message":"[LiveWS] Client connected: %s (%s) [%d total] 1b69af78 127.0.0.1 8"}
{"timestamp":"2026-07-28T09:56:25.547Z","level":"info","component":"LiveWS","message":"[LiveWS] Client disconnected: %s [%d remaining] 1b69af78 7"}
{"timestamp":"2026-07-28T09:56:25.860Z","level":"info","component":"LiveWS","message":"[LiveWS] Client connected: %s (%s) [%d total] f5b4c00d 127.0.0.1 8"}
{"timestamp":"2026-07-28T09:56:38.913Z","level":"info","component":"LiveWS","message":"[LiveWS] Client disconnected: %s [%d remaining] f58cb164 3"}
{"timestamp":"2026-07-28T09:56:38.916Z","level":"info","component":"LiveWS","message":"[LiveWS] Client disconnected: %s [%d remaining] e61d9c18 3"}
{"timestamp":"2026-07-28T09:56:38.917Z","level":"info","component":"LiveWS","message":"[LiveWS] Client disconnected: %s [%d remaining] 3151aca7 3"}
{"timestamp":"2026-07-28T09:56:38.919Z","level":"info","component":"LiveWS","message":"[LiveWS] Client disconnected: %s [%d remaining] 59b20d80 3"}
{"timestamp":"2026-07-28T09:56:38.922Z","level":"info","component":"LiveWS","message":"[LiveWS] Client disconnected: %s [%d remaining] ea7158e4 3"}
{"timestamp":"2026-07-28T09:56:40.547Z","level":"info","component":"LiveWS","message":"[LiveWS] Client connected: %s (%s) [%d total] 17c6b5d2 127.0.0.1 4"}
{"timestamp":"2026-07-28T09:56:40.551Z","level":"info","component":"LiveWS","message":"[LiveWS] Client disconnected: %s [%d remaining] 17c6b5d2 3"}
{"timestamp":"2026-07-28T09:56:40.865Z","level":"info","component":"LiveWS","message":"[LiveWS] Client connected: %s (%s) [%d total] d6ba8458 127.0.0.1 4"}
{"timestamp":"2026-07-28T09:56:41.545Z","level":"info","component":"LiveWS","message":"[LiveWS] Client connected: %s (%s) [%d total] 26145766 127.0.0.1 5"}
{"timestamp":"2026-07-28T09:56:41.548Z","level":"info","component":"LiveWS","message":"[LiveWS] Client disconnected: %s [%d remaining] 26145766 4"}
{"timestamp":"2026-07-28T09:56:41.864Z","level":"info","component":"LiveWS","message":"[LiveWS] Client connected: %s (%s) [%d total] 81c8ee47 127.0.0.1 5"}
{"timestamp":"2026-07-28T09:56:44.543Z","level":"info","component":"LiveWS","message":"[LiveWS] Client connected: %s (%s) [%d total] 42b5d184 127.0.0.1 6"}
{"timestamp":"2026-07-28T09:56:44.547Z","level":"info","component":"LiveWS","message":"[LiveWS] Client disconnected: %s [%d remaining] 42b5d184 5"}
{"timestamp":"2026-07-28T09:56:44.858Z","level":"info","component":"LiveWS","message":"[LiveWS] Client connected: %s (%s) [%d total] ffcefe85 127.0.0.1 6"}
{"timestamp":"2026-07-28T09:56:47.549Z","level":"info","component":"LiveWS","message":"[LiveWS] Client connected: %s (%s) [%d total] a05f16ac 127.0.0.1 7"}
{"timestamp":"2026-07-28T09:56:47.552Z","level":"info","component":"LiveWS","message":"[LiveWS] Client disconnected: %s [%d remaining] a05f16ac 6"}
{"timestamp":"2026-07-28T09:56:47.862Z","level":"info","component":"LiveWS","message":"[LiveWS] Client connected: %s (%s) [%d total] 56fd792e 127.0.0.1 7"}
{"timestamp":"2026-07-28T09:56:50.546Z","level":"info","component":"LiveWS","message":"[LiveWS] Client connected: %s (%s) [%d total] 37b73347 127.0.0.1 8"}
{"timestamp":"2026-07-28T09:56:50.550Z","level":"info","component":"LiveWS","message":"[LiveWS] Client disconnected: %s [%d remaining] 37b73347 7"}
{"timestamp":"2026-07-28T09:56:50.864Z","level":"info","component":"LiveWS","message":"[LiveWS] Client connected: %s (%s) [%d total] 88f55688 127.0.0.1 8"}
{"timestamp":"2026-07-28T09:56:53.544Z","level":"info","component":"LiveWS","message":"[LiveWS] Client connected: %s (%s) [%d total] 818fa57e 127.0.0.1 9"}
{"timestamp":"2026-07-28T09:56:53.547Z","level":"info","component":"LiveWS","message":"[LiveWS] Client disconnected: %s [%d remaining] 818fa57e 8"}
{"timestamp":"2026-07-28T09:56:53.861Z","level":"info","component":"LiveWS","message":"[LiveWS] Client connected: %s (%s) [%d total] 0af49104 127.0.0.1 9"}
{"timestamp":"2026-07-28T09:56:53.922Z","level":"info","component":"LiveWS","message":"[LiveWS] Client disconnected: %s [%d remaining] 9ab8703e 7"}
{"timestamp":"2026-07-28T09:56:53.923Z","level":"info","component":"LiveWS","message":"[LiveWS] Client disconnected: %s [%d remaining] 19b6b808 7"}
{"timestamp":"2026-07-28T09:56:55.553Z","level":"info","component":"LiveWS","message":"[LiveWS] Client connected: %s (%s) [%d total] 73c427cd 127.0.0.1 8"}
{"timestamp":"2026-07-28T09:56:55.555Z","level":"info","component":"LiveWS","message":"[LiveWS] Client disconnected: %s [%d remaining] 73c427cd 7"}
{"timestamp":"2026-07-28T09:56:55.871Z","level":"info","component":"LiveWS","message":"[LiveWS] Client connected: %s (%s) [%d total] b3d01572 127.0.0.1 8"}
{"timestamp":"2026-07-28T09:56:56.551Z","level":"info","component":"LiveWS","message":"[LiveWS] Client connected: %s (%s) [%d total] 61474391 127.0.0.1 9"}
{"timestamp":"2026-07-28T09:56:56.554Z","level":"info","component":"LiveWS","message":"[LiveWS] Client disconnected: %s [%d remaining] 61474391 8"}
{"timestamp":"2026-07-28T09:56:56.868Z","level":"info","component":"LiveWS","message":"[LiveWS] Client connected: %s (%s) [%d total] cc6c76e7 127.0.0.1 9"}
{"timestamp":"2026-07-28T09:57:01.555Z","level":"info","component":"LiveWS","message":"[LiveWS] Client connected: %s (%s) [%d total] 658cb135 127.0.0.1 10"}
{"timestamp":"2026-07-28T09:57:01.559Z","level":"info","component":"LiveWS","message":"[LiveWS] Client disconnected: %s [%d remaining] 658cb135 9"}
{"timestamp":"2026-07-28T09:57:01.871Z","level":"info","component":"LiveWS","message":"[LiveWS] Client connected: %s (%s) [%d total] 2010e396 127.0.0.1 10"}
{"timestamp":"2026-07-28T09:57:04.551Z","level":"info","component":"LiveWS","message":"[LiveWS] Client connected: %s (%s) [%d total] a4496be0 127.0.0.1 11"}
{"timestamp":"2026-07-28T09:57:04.553Z","level":"info","component":"LiveWS","message":"[LiveWS] Client disconnected: %s [%d remaining] a4496be0 10"}
{"timestamp":"2026-07-28T09:57:04.869Z","level":"info","component":"LiveWS","message":"[LiveWS] Client connected: %s (%s) [%d total] ea89d982 127.0.0.1 11"}
{"timestamp":"2026-07-28T09:57:07.544Z","level":"info","component":"LiveWS","message":"[LiveWS] Client connected: %s (%s) [%d total] 07ef5196 127.0.0.1 12"}
{"timestamp":"2026-07-28T09:57:07.549Z","level":"info","component":"LiveWS","message":"[LiveWS] Client disconnected: %s [%d remaining] 07ef5196 11"}
{"timestamp":"2026-07-28T09:57:07.868Z","level":"info","component":"LiveWS","message":"[LiveWS] Client connected: %s (%s) [%d total] 2c0a529e 127.0.0.1 12"}
{"timestamp":"2026-07-28T09:57:08.924Z","level":"info","component":"LiveWS","message":"[LiveWS] Client disconnected: %s [%d remaining] f5b4c00d 11"}
{"timestamp":"2026-07-28T09:57:09.543Z","level":"info","component":"LiveWS","message":"[LiveWS] Client connected: %s (%s) [%d total] 81e70472 127.0.0.1 12"}
{"timestamp":"2026-07-28T09:57:09.546Z","level":"info","component":"LiveWS","message":"[LiveWS] Client disconnected: %s [%d remaining] 81e70472 11"}
{"timestamp":"2026-07-28T09:57:09.860Z","level":"info","component":"LiveWS","message":"[LiveWS] Client connected: %s (%s) [%d total] 250e2960 127.0.0.1 12"}
{"timestamp":"2026-07-28T09:57:10.541Z","level":"info","component":"LiveWS","message":"[LiveWS] Client connected: %s (%s) [%d total] ca1e9f5c 127.0.0.1 13"}
{"timestamp":"2026-07-28T09:57:10.544Z","level":"info","component":"LiveWS","message":"[LiveWS] Client disconnected: %s [%d remaining] ca1e9f5c 12"}
{"timestamp":"2026-07-28T09:57:10.859Z","level":"info","component":"LiveWS","message":"[LiveWS] Client connected: %s (%s) [%d total] adf16e23 127.0.0.1 13"}
{"timestamp":"2026-07-28T09:57:13.549Z","level":"info","component":"LiveWS","message":"[LiveWS] Client connected: %s (%s) [%d total] 621aac5e 127.0.0.1 14"}
{"timestamp":"2026-07-28T09:57:13.552Z","level":"info","component":"LiveWS","message":"[LiveWS] Client disconnected: %s [%d remaining] 621aac5e 13"}
{"timestamp":"2026-07-28T09:57:13.864Z","level":"info","component":"LiveWS","message":"[LiveWS] Client connected: %s (%s) [%d total] 273bf682 127.0.0.1 14"}
{"timestamp":"2026-07-28T09:57:16.550Z","level":"info","component":"LiveWS","message":"[LiveWS] Client connected: %s (%s) [%d total] 5d2c35c4 127.0.0.1 15"}
{"timestamp":"2026-07-28T09:57:16.554Z","level":"info","component":"LiveWS","message":"[LiveWS] Client disconnected: %s [%d remaining] 5d2c35c4 14"}
{"timestamp":"2026-07-28T09:57:16.869Z","level":"info","component":"LiveWS","message":"[LiveWS] Client connected: %s (%s) [%d total] c244bacd 127.0.0.1 15"}
{"timestamp":"2026-07-28T09:57:19.549Z","level":"info","component":"LiveWS","message":"[LiveWS] Client connected: %s (%s) [%d total] e716e621 127.0.0.1 16"}
{"timestamp":"2026-07-28T09:57:19.553Z","level":"info","component":"LiveWS","message":"[LiveWS] Client disconnected: %s [%d remaining] e716e621 15"}
{"timestamp":"2026-07-28T09:57:19.866Z","level":"info","component":"LiveWS","message":"[LiveWS] Client connected: %s (%s) [%d total] d002d739 127.0.0.1 16"}
{"timestamp":"2026-07-28T09:57:22.544Z","level":"info","component":"LiveWS","message":"[LiveWS] Client connected: %s (%s) [%d total] 03f46500 127.0.0.1 17"}
{"timestamp":"2026-07-28T09:57:22.548Z","level":"info","component":"LiveWS","message":"[LiveWS] Client disconnected: %s [%d remaining] 03f46500 16"}
{"timestamp":"2026-07-28T09:57:22.850Z","level":"info","component":"LiveWS","message":"[LiveWS] Client connected: %s (%s) [%d total] a222a942 127.0.0.1 17"}
{"timestamp":"2026-07-28T09:57:23.938Z","level":"info","component":"LiveWS","message":"[LiveWS] Client disconnected: %s [%d remaining] 56fd792e 13"}
{"timestamp":"2026-07-28T09:57:23.940Z","level":"info","component":"LiveWS","message":"[LiveWS] Client disconnected: %s [%d remaining] ffcefe85 13"}
{"timestamp":"2026-07-28T09:57:23.941Z","level":"info","component":"LiveWS","message":"[LiveWS] Client disconnected: %s [%d remaining] 81c8ee47 13"}
{"timestamp":"2026-07-28T09:57:23.942Z","level":"info","component":"LiveWS","message":"[LiveWS] Client disconnected: %s [%d remaining] d6ba8458 13"}
{"timestamp":"2026-07-28T09:57:24.554Z","level":"info","component":"LiveWS","message":"[LiveWS] Client connected: %s (%s) [%d total] 87e12fdf 127.0.0.1 14"}
{"timestamp":"2026-07-28T09:57:24.558Z","level":"info","component":"LiveWS","message":"[LiveWS] Client disconnected: %s [%d remaining] 87e12fdf 13"}
{"timestamp":"2026-07-28T09:57:24.869Z","level":"info","component":"LiveWS","message":"[LiveWS] Client connected: %s (%s) [%d total] 4587e4d5 127.0.0.1 14"}
{"timestamp":"2026-07-28T09:57:25.550Z","level":"info","component":"LiveWS","message":"[LiveWS] Client connected: %s (%s) [%d total] e60b5ec3 127.0.0.1 15"}
{"timestamp":"2026-07-28T09:57:25.554Z","level":"info","component":"LiveWS","message":"[LiveWS] Client disconnected: %s [%d remaining] e60b5ec3 14"}
{"timestamp":"2026-07-28T09:57:25.868Z","level":"info","component":"LiveWS","message":"[LiveWS] Client connected: %s (%s) [%d total] 44d5f995 127.0.0.1 15"}
{"timestamp":"2026-07-28T09:57:38.945Z","level":"info","component":"LiveWS","message":"[LiveWS] Client disconnected: %s [%d remaining] 2010e396 10"}
{"timestamp":"2026-07-28T09:57:38.947Z","level":"info","component":"LiveWS","message":"[LiveWS] Client disconnected: %s [%d remaining] cc6c76e7 10"}
{"timestamp":"2026-07-28T09:57:38.948Z","level":"info","component":"LiveWS","message":"[LiveWS] Client disconnected: %s [%d remaining] b3d01572 10"}
{"timestamp":"2026-07-28T09:57:38.949Z","level":"info","component":"LiveWS","message":"[LiveWS] Client disconnected: %s [%d remaining] 0af49104 10"}
{"timestamp":"2026-07-28T09:57:38.950Z","level":"info","component":"LiveWS","message":"[LiveWS] Client disconnected: %s [%d remaining] 88f55688 10"}
{"timestamp":"2026-07-28T09:57:40.542Z","level":"info","component":"LiveWS","message":"[LiveWS] Client connected: %s (%s) [%d total] d9199a56 127.0.0.1 11"}
{"timestamp":"2026-07-28T09:57:40.857Z","level":"info","component":"LiveWS","message":"[LiveWS] Client connected: %s (%s) [%d total] 495947fe 127.0.0.1 12"}
{"timestamp":"2026-07-28T09:57:42.234Z","level":"info","component":"LiveWS","message":"[LiveWS] Client disconnected: %s [%d remaining] 495947fe 11"}
{"timestamp":"2026-07-28T09:57:42.551Z","level":"info","component":"LiveWS","message":"[LiveWS] Client connected: %s (%s) [%d total] f9dac9bc 127.0.0.1 12"}
{"timestamp":"2026-07-28T09:57:42.867Z","level":"info","component":"LiveWS","message":"[LiveWS] Client connected: %s (%s) [%d total] 58eca552 127.0.0.1 13"}
{"timestamp":"2026-07-28T09:57:53.950Z","level":"info","component":"LiveWS","message":"[LiveWS] Client disconnected: %s [%d remaining] c244bacd 7"}
{"timestamp":"2026-07-28T09:57:53.953Z","level":"info","component":"LiveWS","message":"[LiveWS] Client disconnected: %s [%d remaining] 273bf682 7"}
{"timestamp":"2026-07-28T09:57:53.954Z","level":"info","component":"LiveWS","message":"[LiveWS] Client disconnected: %s [%d remaining] adf16e23 7"}
{"timestamp":"2026-07-28T09:57:53.955Z","level":"info","component":"LiveWS","message":"[LiveWS] Client disconnected: %s [%d remaining] 250e2960 7"}
{"timestamp":"2026-07-28T09:57:53.955Z","level":"info","component":"LiveWS","message":"[LiveWS] Client disconnected: %s [%d remaining] 2c0a529e 7"}
{"timestamp":"2026-07-28T09:57:53.956Z","level":"info","component":"LiveWS","message":"[LiveWS] Client disconnected: %s [%d remaining] ea89d982 7"}
{"timestamp":"2026-07-28T09:57:55.550Z","level":"info","component":"LiveWS","message":"[LiveWS] Client connected: %s (%s) [%d total] 18985294 127.0.0.1 8"}
{"timestamp":"2026-07-28T09:57:55.865Z","level":"info","component":"LiveWS","message":"[LiveWS] Client connected: %s (%s) [%d total] 87ed2a28 127.0.0.1 9"}
{"timestamp":"2026-07-28T09:57:59.936Z","level":"info","component":"LiveWS","message":"[LiveWS] Client disconnected: %s [%d remaining] f9dac9bc 8"}
{"timestamp":"2026-07-28T09:58:00.016Z","level":"info","component":"LiveWS","message":"[LiveWS] Client disconnected: %s [%d remaining] d002d739 7"}
{"timestamp":"2026-07-28T09:58:00.038Z","level":"info","component":"LiveWS","message":"[LiveWS] Client disconnected: %s [%d remaining] a222a942 6"}
{"timestamp":"2026-07-28T09:58:00.045Z","level":"info","component":"LiveWS","message":"[LiveWS] Client disconnected: %s [%d remaining] 4587e4d5 5"}
{"timestamp":"2026-07-28T09:58:00.064Z","level":"info","component":"LiveWS","message":"[LiveWS] Client disconnected: %s [%d remaining] 44d5f995 4"}
{"timestamp":"2026-07-28T09:58:00.099Z","level":"info","component":"LiveWS","message":"[LiveWS] Client disconnected: %s [%d remaining] 18985294 3"}
{"timestamp":"2026-07-28T09:58:00.104Z","level":"info","component":"LiveWS","message":"[LiveWS] Client disconnected: %s [%d remaining] 58eca552 2"}
{"timestamp":"2026-07-28T09:58:00.112Z","level":"info","component":"LiveWS","message":"[LiveWS] Client disconnected: %s [%d remaining] 87ed2a28 1"}
{"timestamp":"2026-07-28T09:58:00.120Z","level":"info","component":"LiveWS","message":"[LiveWS] Client disconnected: %s [%d remaining] d9199a56 0"}
{"timestamp":"2026-07-28T09:58:08.146Z","level":"info","component":"LiveWS","message":"[LiveWS] Client connected: %s (%s) [%d total] 0d243f96 127.0.0.1 1"}
{"timestamp":"2026-07-28T09:58:08.464Z","level":"info","component":"LiveWS","message":"[LiveWS] Client connected: %s (%s) [%d total] 2ff338d8 127.0.0.1 2"}
{"timestamp":"2026-07-28T09:58:12.615Z","level":"info","component":"LiveWS","message":"[LiveWS] Client disconnected: %s [%d remaining] 2ff338d8 1"}
{"timestamp":"2026-07-28T09:58:12.621Z","level":"info","component":"LiveWS","message":"[LiveWS] Client disconnected: %s [%d remaining] 0d243f96 0"}
{"timestamp":"2026-07-28T09:59:18.705Z","level":"info","component":"LiveWS","message":"[LiveWS] Client connected: %s (%s) [%d total] b561922a 127.0.0.1 1"}
{"timestamp":"2026-07-28T09:59:18.769Z","level":"info","component":"LiveWS","message":"[LiveWS] Client disconnected: %s [%d remaining] b561922a 0"}
{"timestamp":"2026-07-28T09:59:18.842Z","level":"info","component":"LiveWS","message":"[LiveWS] Client connected: %s (%s) [%d total] 0d652135 127.0.0.1 1"}
{"timestamp":"2026-07-28T09:59:35.542Z","level":"info","component":"LiveWS","message":"[LiveWS] Client connected: %s (%s) [%d total] 1daabae9 127.0.0.1 2"}
{"timestamp":"2026-07-28T09:59:35.545Z","level":"info","component":"LiveWS","message":"[LiveWS] Client disconnected: %s [%d remaining] 1daabae9 1"}
{"timestamp":"2026-07-28T09:59:35.858Z","level":"info","component":"LiveWS","message":"[LiveWS] Client connected: %s (%s) [%d total] e62684bc 127.0.0.1 2"}
{"timestamp":"2026-07-28T09:59:38.532Z","level":"info","component":"LiveWS","message":"[LiveWS] Client connected: %s (%s) [%d total] 2fcf9dd0 127.0.0.1 3"}
{"timestamp":"2026-07-28T09:59:38.535Z","level":"info","component":"LiveWS","message":"[LiveWS] Client disconnected: %s [%d remaining] 2fcf9dd0 2"}
{"timestamp":"2026-07-28T09:59:38.841Z","level":"info","component":"LiveWS","message":"[LiveWS] Client connected: %s (%s) [%d total] bfe53ddd 127.0.0.1 3"}
{"timestamp":"2026-07-28T09:59:41.541Z","level":"info","component":"LiveWS","message":"[LiveWS] Client connected: %s (%s) [%d total] 491f0954 127.0.0.1 4"}
{"timestamp":"2026-07-28T09:59:41.543Z","level":"info","component":"LiveWS","message":"[LiveWS] Client disconnected: %s [%d remaining] 491f0954 3"}
{"timestamp":"2026-07-28T09:59:41.857Z","level":"info","component":"LiveWS","message":"[LiveWS] Client connected: %s (%s) [%d total] d5309bd7 127.0.0.1 4"}
{"timestamp":"2026-07-28T09:59:44.543Z","level":"info","component":"LiveWS","message":"[LiveWS] Client connected: %s (%s) [%d total] 9fb24418 127.0.0.1 5"}
{"timestamp":"2026-07-28T09:59:44.547Z","level":"info","component":"LiveWS","message":"[LiveWS] Client disconnected: %s [%d remaining] 9fb24418 4"}
{"timestamp":"2026-07-28T09:59:44.857Z","level":"info","component":"LiveWS","message":"[LiveWS] Client connected: %s (%s) [%d total] ed1eb501 127.0.0.1 5"}
{"timestamp":"2026-07-28T09:59:47.537Z","level":"info","component":"LiveWS","message":"[LiveWS] Client connected: %s (%s) [%d total] f49d7474 127.0.0.1 6"}
{"timestamp":"2026-07-28T09:59:47.541Z","level":"info","component":"LiveWS","message":"[LiveWS] Client disconnected: %s [%d remaining] f49d7474 5"}
{"timestamp":"2026-07-28T09:59:47.856Z","level":"info","component":"LiveWS","message":"[LiveWS] Client connected: %s (%s) [%d total] 5e40d842 127.0.0.1 6"}
{"timestamp":"2026-07-28T09:59:50.541Z","level":"info","component":"LiveWS","message":"[LiveWS] Client connected: %s (%s) [%d total] eecd7400 127.0.0.1 7"}
{"timestamp":"2026-07-28T09:59:50.545Z","level":"info","component":"LiveWS","message":"[LiveWS] Client disconnected: %s [%d remaining] eecd7400 6"}
{"timestamp":"2026-07-28T09:59:50.848Z","level":"info","component":"LiveWS","message":"[LiveWS] Client connected: %s (%s) [%d total] ddb92adc 127.0.0.1 7"}
{"timestamp":"2026-07-28T09:59:53.534Z","level":"info","component":"LiveWS","message":"[LiveWS] Client connected: %s (%s) [%d total] 9f19b2e1 127.0.0.1 8"}
{"timestamp":"2026-07-28T09:59:53.536Z","level":"info","component":"LiveWS","message":"[LiveWS] Client disconnected: %s [%d remaining] 9f19b2e1 7"}
{"timestamp":"2026-07-28T09:59:53.843Z","level":"info","component":"LiveWS","message":"[LiveWS] Client connected: %s (%s) [%d total] 250ca9ec 127.0.0.1 8"}
{"timestamp":"2026-07-28T09:59:56.549Z","level":"info","component":"LiveWS","message":"[LiveWS] Client connected: %s (%s) [%d total] 01d37e55 127.0.0.1 9"}
{"timestamp":"2026-07-28T09:59:56.552Z","level":"info","component":"LiveWS","message":"[LiveWS] Client disconnected: %s [%d remaining] 01d37e55 8"}
{"timestamp":"2026-07-28T09:59:56.855Z","level":"info","component":"LiveWS","message":"[LiveWS] Client connected: %s (%s) [%d total] 6a37f3e9 127.0.0.1 9"}
{"timestamp":"2026-07-28T09:59:59.540Z","level":"info","component":"LiveWS","message":"[LiveWS] Client connected: %s (%s) [%d total] 8db1e6c1 127.0.0.1 10"}
{"timestamp":"2026-07-28T09:59:59.543Z","level":"info","component":"LiveWS","message":"[LiveWS] Client disconnected: %s [%d remaining] 8db1e6c1 9"}
{"timestamp":"2026-07-28T09:59:59.859Z","level":"info","component":"LiveWS","message":"[LiveWS] Client connected: %s (%s) [%d total] 5cff3e7f 127.0.0.1 10"}
{"timestamp":"2026-07-28T10:00:01.158Z","level":"info","component":"LiveWS","message":"[LiveWS] Client disconnected: %s [%d remaining] 0d652135 9"}
{"timestamp":"2026-07-28T10:00:02.557Z","level":"info","component":"LiveWS","message":"[LiveWS] Client connected: %s (%s) [%d total] 59900903 127.0.0.1 10"}
{"timestamp":"2026-07-28T10:00:02.560Z","level":"info","component":"LiveWS","message":"[LiveWS] Client disconnected: %s [%d remaining] 59900903 9"}
{"timestamp":"2026-07-28T10:00:02.874Z","level":"info","component":"LiveWS","message":"[LiveWS] Client connected: %s (%s) [%d total] 7036476d 127.0.0.1 10"}
{"timestamp":"2026-07-28T10:00:07.557Z","level":"info","component":"LiveWS","message":"[LiveWS] Client connected: %s (%s) [%d total] ba2e391e 127.0.0.1 11"}
{"timestamp":"2026-07-28T10:00:07.561Z","level":"info","component":"LiveWS","message":"[LiveWS] Client disconnected: %s [%d remaining] ba2e391e 10"}
{"timestamp":"2026-07-28T10:00:07.874Z","level":"info","component":"LiveWS","message":"[LiveWS] Client connected: %s (%s) [%d total] a33026a6 127.0.0.1 11"}
{"timestamp":"2026-07-28T10:00:10.555Z","level":"info","component":"LiveWS","message":"[LiveWS] Client connected: %s (%s) [%d total] fca42c6f 127.0.0.1 12"}
{"timestamp":"2026-07-28T10:00:10.558Z","level":"info","component":"LiveWS","message":"[LiveWS] Client disconnected: %s [%d remaining] fca42c6f 11"}
{"timestamp":"2026-07-28T10:00:10.870Z","level":"info","component":"LiveWS","message":"[LiveWS] Client connected: %s (%s) [%d total] 9f22ef83 127.0.0.1 12"}
{"timestamp":"2026-07-28T10:00:13.553Z","level":"info","component":"LiveWS","message":"[LiveWS] Client connected: %s (%s) [%d total] 43f2386b 127.0.0.1 13"}
{"timestamp":"2026-07-28T10:00:13.556Z","level":"info","component":"LiveWS","message":"[LiveWS] Client disconnected: %s [%d remaining] 43f2386b 12"}
{"timestamp":"2026-07-28T10:00:13.869Z","level":"info","component":"LiveWS","message":"[LiveWS] Client connected: %s (%s) [%d total] 66a2e576 127.0.0.1 13"}
{"timestamp":"2026-07-28T10:00:16.162Z","level":"info","component":"LiveWS","message":"[LiveWS] Client disconnected: %s [%d remaining] bfe53ddd 11"}
{"timestamp":"2026-07-28T10:00:16.166Z","level":"info","component":"LiveWS","message":"[LiveWS] Client disconnected: %s [%d remaining] e62684bc 11"}
{"timestamp":"2026-07-28T10:00:16.543Z","level":"info","component":"LiveWS","message":"[LiveWS] Client connected: %s (%s) [%d total] 8d4fa879 127.0.0.1 12"}
{"timestamp":"2026-07-28T10:00:16.547Z","level":"info","component":"LiveWS","message":"[LiveWS] Client disconnected: %s [%d remaining] 8d4fa879 11"}
{"timestamp":"2026-07-28T10:00:16.860Z","level":"info","component":"LiveWS","message":"[LiveWS] Client connected: %s (%s) [%d total] 55a7fb05 127.0.0.1 12"}
{"timestamp":"2026-07-28T10:00:17.545Z","level":"info","component":"LiveWS","message":"[LiveWS] Client connected: %s (%s) [%d total] 8c568068 127.0.0.1 13"}
{"timestamp":"2026-07-28T10:00:17.547Z","level":"info","component":"LiveWS","message":"[LiveWS] Client disconnected: %s [%d remaining] 8c568068 12"}
{"timestamp":"2026-07-28T10:00:17.854Z","level":"info","component":"LiveWS","message":"[LiveWS] Client connected: %s (%s) [%d total] a8327f7a 127.0.0.1 13"}
{"timestamp":"2026-07-28T10:00:20.552Z","level":"info","component":"LiveWS","message":"[LiveWS] Client connected: %s (%s) [%d total] a2726671 127.0.0.1 14"}
{"timestamp":"2026-07-28T10:00:20.556Z","level":"info","component":"LiveWS","message":"[LiveWS] Client disconnected: %s [%d remaining] a2726671 13"}
{"timestamp":"2026-07-28T10:00:20.868Z","level":"info","component":"LiveWS","message":"[LiveWS] Client connected: %s (%s) [%d total] 3ab107b5 127.0.0.1 14"}
{"timestamp":"2026-07-28T10:00:23.547Z","level":"info","component":"LiveWS","message":"[LiveWS] Client connected: %s (%s) [%d total] 0ac550c7 127.0.0.1 15"}
{"timestamp":"2026-07-28T10:00:23.550Z","level":"info","component":"LiveWS","message":"[LiveWS] Client disconnected: %s [%d remaining] 0ac550c7 14"}
{"timestamp":"2026-07-28T10:00:23.864Z","level":"info","component":"LiveWS","message":"[LiveWS] Client connected: %s (%s) [%d total] 68330ff0 127.0.0.1 15"}
{"timestamp":"2026-07-28T10:00:26.544Z","level":"info","component":"LiveWS","message":"[LiveWS] Client connected: %s (%s) [%d total] 3caa4fa0 127.0.0.1 16"}
{"timestamp":"2026-07-28T10:00:26.548Z","level":"info","component":"LiveWS","message":"[LiveWS] Client disconnected: %s [%d remaining] 3caa4fa0 15"}
{"timestamp":"2026-07-28T10:00:26.861Z","level":"info","component":"LiveWS","message":"[LiveWS] Client connected: %s (%s) [%d total] 41800574 127.0.0.1 16"}
{"timestamp":"2026-07-28T10:00:29.557Z","level":"info","component":"LiveWS","message":"[LiveWS] Client connected: %s (%s) [%d total] f55981bc 127.0.0.1 17"}
{"timestamp":"2026-07-28T10:00:29.560Z","level":"info","component":"LiveWS","message":"[LiveWS] Client disconnected: %s [%d remaining] f55981bc 16"}
{"timestamp":"2026-07-28T10:00:29.874Z","level":"info","component":"LiveWS","message":"[LiveWS] Client connected: %s (%s) [%d total] 31bcdbb0 127.0.0.1 17"}
{"timestamp":"2026-07-28T10:00:31.176Z","level":"info","component":"LiveWS","message":"[LiveWS] Client disconnected: %s [%d remaining] 250ca9ec 12"}
{"timestamp":"2026-07-28T10:00:31.178Z","level":"info","component":"LiveWS","message":"[LiveWS] Client disconnected: %s [%d remaining] ddb92adc 12"}
{"timestamp":"2026-07-28T10:00:31.180Z","level":"info","component":"LiveWS","message":"[LiveWS] Client disconnected: %s [%d remaining] 5e40d842 12"}
{"timestamp":"2026-07-28T10:00:31.181Z","level":"info","component":"LiveWS","message":"[LiveWS] Client disconnected: %s [%d remaining] ed1eb501 12"}
{"timestamp":"2026-07-28T10:00:31.182Z","level":"info","component":"LiveWS","message":"[LiveWS] Client disconnected: %s [%d remaining] d5309bd7 12"}
{"timestamp":"2026-07-28T10:00:32.543Z","level":"info","component":"LiveWS","message":"[LiveWS] Client connected: %s (%s) [%d total] 6a7e6b4f 127.0.0.1 13"}
{"timestamp":"2026-07-28T10:00:32.547Z","level":"info","component":"LiveWS","message":"[LiveWS] Client disconnected: %s [%d remaining] 6a7e6b4f 12"}
{"timestamp":"2026-07-28T10:00:32.861Z","level":"info","component":"LiveWS","message":"[LiveWS] Client connected: %s (%s) [%d total] c21fe30d 127.0.0.1 13"}
{"timestamp":"2026-07-28T10:00:46.185Z","level":"info","component":"LiveWS","message":"[LiveWS] Client disconnected: %s [%d remaining] 9f22ef83 8"}
{"timestamp":"2026-07-28T10:00:46.187Z","level":"info","component":"LiveWS","message":"[LiveWS] Client disconnected: %s [%d remaining] a33026a6 8"}
{"timestamp":"2026-07-28T10:00:46.189Z","level":"info","component":"LiveWS","message":"[LiveWS] Client disconnected: %s [%d remaining] 7036476d 8"}
{"timestamp":"2026-07-28T10:00:46.190Z","level":"info","component":"LiveWS","message":"[LiveWS] Client disconnected: %s [%d remaining] 5cff3e7f 8"}
{"timestamp":"2026-07-28T10:00:46.191Z","level":"info","component":"LiveWS","message":"[LiveWS] Client disconnected: %s [%d remaining] 6a37f3e9 8"}
{"timestamp":"2026-07-28T10:00:47.548Z","level":"info","component":"LiveWS","message":"[LiveWS] Client connected: %s (%s) [%d total] 6bc36497 127.0.0.1 9"}
{"timestamp":"2026-07-28T10:00:47.866Z","level":"info","component":"LiveWS","message":"[LiveWS] Client connected: %s (%s) [%d total] bdf34161 127.0.0.1 10"}
{"timestamp":"2026-07-28T10:01:01.196Z","level":"info","component":"LiveWS","message":"[LiveWS] Client disconnected: %s [%d remaining] 68330ff0 5"}
{"timestamp":"2026-07-28T10:01:01.198Z","level":"info","component":"LiveWS","message":"[LiveWS] Client disconnected: %s [%d remaining] 3ab107b5 5"}
{"timestamp":"2026-07-28T10:01:01.200Z","level":"info","component":"LiveWS","message":"[LiveWS] Client disconnected: %s [%d remaining] a8327f7a 5"}
{"timestamp":"2026-07-28T10:01:01.200Z","level":"info","component":"LiveWS","message":"[LiveWS] Client disconnected: %s [%d remaining] 55a7fb05 5"}
{"timestamp":"2026-07-28T10:01:01.202Z","level":"info","component":"LiveWS","message":"[LiveWS] Client disconnected: %s [%d remaining] 66a2e576 5"}
{"timestamp":"2026-07-28T10:01:02.546Z","level":"info","component":"LiveWS","message":"[LiveWS] Client connected: %s (%s) [%d total] 3c0a1386 127.0.0.1 6"}
{"timestamp":"2026-07-28T10:01:02.865Z","level":"info","component":"LiveWS","message":"[LiveWS] Client connected: %s (%s) [%d total] d0bb1850 127.0.0.1 7"}
{"timestamp":"2026-07-28T10:01:03.230Z","level":"info","component":"LiveWS","message":"[LiveWS] Client disconnected: %s [%d remaining] d0bb1850 6"}
{"timestamp":"2026-07-28T10:01:03.549Z","level":"info","component":"LiveWS","message":"[LiveWS] Client connected: %s (%s) [%d total] 60db6f81 127.0.0.1 7"}
{"timestamp":"2026-07-28T10:01:03.867Z","level":"info","component":"LiveWS","message":"[LiveWS] Client connected: %s (%s) [%d total] c80c3614 127.0.0.1 8"}
{"timestamp":"2026-07-28T10:01:16.203Z","level":"info","component":"LiveWS","message":"[LiveWS] Client disconnected: %s [%d remaining] c21fe30d 5"}
{"timestamp":"2026-07-28T10:01:16.206Z","level":"info","component":"LiveWS","message":"[LiveWS] Client disconnected: %s [%d remaining] 31bcdbb0 5"}
{"timestamp":"2026-07-28T10:01:16.207Z","level":"info","component":"LiveWS","message":"[LiveWS] Client disconnected: %s [%d remaining] 41800574 5"}
{"timestamp":"2026-07-28T10:01:17.556Z","level":"info","component":"LiveWS","message":"[LiveWS] Client connected: %s (%s) [%d total] 401e8ac0 127.0.0.1 6"}
{"timestamp":"2026-07-28T10:01:17.559Z","level":"info","component":"LiveWS","message":"[LiveWS] Client disconnected: %s [%d remaining] 401e8ac0 5"}
{"timestamp":"2026-07-28T10:01:17.872Z","level":"info","component":"LiveWS","message":"[LiveWS] Client connected: %s (%s) [%d total] e28c976f 127.0.0.1 6"}
{"timestamp":"2026-07-28T10:01:26.548Z","level":"info","component":"LiveWS","message":"[LiveWS] Client connected: %s (%s) [%d total] b03d4bfe 127.0.0.1 7"}
{"timestamp":"2026-07-28T10:01:26.552Z","level":"info","component":"LiveWS","message":"[LiveWS] Client disconnected: %s [%d remaining] b03d4bfe 6"}
{"timestamp":"2026-07-28T10:01:26.865Z","level":"info","component":"LiveWS","message":"[LiveWS] Client connected: %s (%s) [%d total] 3e61be3e 127.0.0.1 7"}
{"timestamp":"2026-07-28T10:01:29.547Z","level":"info","component":"LiveWS","message":"[LiveWS] Client connected: %s (%s) [%d total] 99606f54 127.0.0.1 8"}
{"timestamp":"2026-07-28T10:01:29.552Z","level":"info","component":"LiveWS","message":"[LiveWS] Client disconnected: %s [%d remaining] 99606f54 7"}
{"timestamp":"2026-07-28T10:01:29.866Z","level":"info","component":"LiveWS","message":"[LiveWS] Client connected: %s (%s) [%d total] 6c03744a 127.0.0.1 8"}
{"timestamp":"2026-07-28T10:01:31.211Z","level":"info","component":"LiveWS","message":"[LiveWS] Client disconnected: %s [%d remaining] bdf34161 6"}
{"timestamp":"2026-07-28T10:01:31.216Z","level":"info","component":"LiveWS","message":"[LiveWS] Client disconnected: %s [%d remaining] 6bc36497 6"}
{"timestamp":"2026-07-28T10:01:32.547Z","level":"info","component":"LiveWS","message":"[LiveWS] Client connected: %s (%s) [%d total] ad16c44e 127.0.0.1 7"}
{"timestamp":"2026-07-28T10:01:32.551Z","level":"info","component":"LiveWS","message":"[LiveWS] Client disconnected: %s [%d remaining] ad16c44e 6"}
{"timestamp":"2026-07-28T10:01:32.865Z","level":"info","component":"LiveWS","message":"[LiveWS] Client connected: %s (%s) [%d total] c750d6c3 127.0.0.1 7"}
{"timestamp":"2026-07-28T10:01:37.542Z","level":"info","component":"LiveWS","message":"[LiveWS] Client connected: %s (%s) [%d total] 978e5d41 127.0.0.1 8"}
{"timestamp":"2026-07-28T10:01:37.545Z","level":"info","component":"LiveWS","message":"[LiveWS] Client disconnected: %s [%d remaining] 978e5d41 7"}
{"timestamp":"2026-07-28T10:01:37.862Z","level":"info","component":"LiveWS","message":"[LiveWS] Client connected: %s (%s) [%d total] ee434481 127.0.0.1 8"}
{"timestamp":"2026-07-28T10:01:40.545Z","level":"info","component":"LiveWS","message":"[LiveWS] Client connected: %s (%s) [%d total] 765b91fb 127.0.0.1 9"}
{"timestamp":"2026-07-28T10:01:40.548Z","level":"info","component":"LiveWS","message":"[LiveWS] Client disconnected: %s [%d remaining] 765b91fb 8"}
{"timestamp":"2026-07-28T10:01:40.862Z","level":"info","component":"LiveWS","message":"[LiveWS] Client connected: %s (%s) [%d total] bcbecc01 127.0.0.1 9"}
{"timestamp":"2026-07-28T10:01:43.544Z","level":"info","component":"LiveWS","message":"[LiveWS] Client connected: %s (%s) [%d total] 6124d45f 127.0.0.1 10"}
{"timestamp":"2026-07-28T10:01:43.547Z","level":"info","component":"LiveWS","message":"[LiveWS] Client disconnected: %s [%d remaining] 6124d45f 9"}
{"timestamp":"2026-07-28T10:01:43.861Z","level":"info","component":"LiveWS","message":"[LiveWS] Client connected: %s (%s) [%d total] 11fadc99 127.0.0.1 10"}
{"timestamp":"2026-07-28T10:01:46.223Z","level":"info","component":"LiveWS","message":"[LiveWS] Client disconnected: %s [%d remaining] c80c3614 7"}
{"timestamp":"2026-07-28T10:01:46.225Z","level":"info","component":"LiveWS","message":"[LiveWS] Client disconnected: %s [%d remaining] 60db6f81 7"}
{"timestamp":"2026-07-28T10:01:46.227Z","level":"info","component":"LiveWS","message":"[LiveWS] Client disconnected: %s [%d remaining] 3c0a1386 7"}
{"timestamp":"2026-07-28T10:01:46.543Z","level":"info","component":"LiveWS","message":"[LiveWS] Client connected: %s (%s) [%d total] aadb981f 127.0.0.1 8"}
{"timestamp":"2026-07-28T10:01:46.861Z","level":"info","component":"LiveWS","message":"[LiveWS] Client connected: %s (%s) [%d total] 24fa0966 127.0.0.1 9"}
{"timestamp":"2026-07-28T10:02:01.237Z","level":"info","component":"LiveWS","message":"[LiveWS] Client disconnected: %s [%d remaining] e28c976f 8"}
{"timestamp":"2026-07-28T10:02:01.555Z","level":"info","component":"LiveWS","message":"[LiveWS] Client connected: %s (%s) [%d total] 1052ea26 127.0.0.1 9"}
{"timestamp":"2026-07-28T10:02:01.562Z","level":"info","component":"LiveWS","message":"[LiveWS] Client disconnected: %s [%d remaining] 1052ea26 8"}
{"timestamp":"2026-07-28T10:02:01.872Z","level":"info","component":"LiveWS","message":"[LiveWS] Client connected: %s (%s) [%d total] 2c0af7e3 127.0.0.1 9"}
{"timestamp":"2026-07-28T10:02:04.550Z","level":"info","component":"LiveWS","message":"[LiveWS] Client connected: %s (%s) [%d total] fa9e4120 127.0.0.1 10"}
{"timestamp":"2026-07-28T10:02:04.554Z","level":"info","component":"LiveWS","message":"[LiveWS] Client disconnected: %s [%d remaining] fa9e4120 9"}
{"timestamp":"2026-07-28T10:02:04.870Z","level":"info","component":"LiveWS","message":"[LiveWS] Client connected: %s (%s) [%d total] 9bdd985f 127.0.0.1 10"}
{"timestamp":"2026-07-28T10:02:07.550Z","level":"info","component":"LiveWS","message":"[LiveWS] Client connected: %s (%s) [%d total] d5cf9827 127.0.0.1 11"}
{"timestamp":"2026-07-28T10:02:07.554Z","level":"info","component":"LiveWS","message":"[LiveWS] Client disconnected: %s [%d remaining] d5cf9827 10"}
{"timestamp":"2026-07-28T10:02:07.865Z","level":"info","component":"LiveWS","message":"[LiveWS] Client connected: %s (%s) [%d total] 6d90ebbb 127.0.0.1 11"}
{"timestamp":"2026-07-28T10:02:10.549Z","level":"info","component":"LiveWS","message":"[LiveWS] Client connected: %s (%s) [%d total] a2425e7d 127.0.0.1 12"}
{"timestamp":"2026-07-28T10:02:10.554Z","level":"info","component":"LiveWS","message":"[LiveWS] Client disconnected: %s [%d remaining] a2425e7d 11"}
{"timestamp":"2026-07-28T10:02:10.866Z","level":"info","component":"LiveWS","message":"[LiveWS] Client connected: %s (%s) [%d total] 28af1359 127.0.0.1 12"}
{"timestamp":"2026-07-28T10:02:13.547Z","level":"info","component":"LiveWS","message":"[LiveWS] Client connected: %s (%s) [%d total] 79c690d8 127.0.0.1 13"}
{"timestamp":"2026-07-28T10:02:13.552Z","level":"info","component":"LiveWS","message":"[LiveWS] Client disconnected: %s [%d remaining] 79c690d8 12"}
{"timestamp":"2026-07-28T10:02:13.864Z","level":"info","component":"LiveWS","message":"[LiveWS] Client connected: %s (%s) [%d total] 039f4b76 127.0.0.1 13"}
{"timestamp":"2026-07-28T10:02:16.247Z","level":"info","component":"LiveWS","message":"[LiveWS] Client disconnected: %s [%d remaining] bcbecc01 8"}
{"timestamp":"2026-07-28T10:02:16.248Z","level":"info","component":"LiveWS","message":"[LiveWS] Client disconnected: %s [%d remaining] ee434481 8"}
{"timestamp":"2026-07-28T10:02:16.249Z","level":"info","component":"LiveWS","message":"[LiveWS] Client disconnected: %s [%d remaining] c750d6c3 8"}
{"timestamp":"2026-07-28T10:02:16.251Z","level":"info","component":"LiveWS","message":"[LiveWS] Client disconnected: %s [%d remaining] 6c03744a 8"}
{"timestamp":"2026-07-28T10:02:16.253Z","level":"info","component":"LiveWS","message":"[LiveWS] Client disconnected: %s [%d remaining] 3e61be3e 8"}
{"timestamp":"2026-07-28T10:02:16.556Z","level":"info","component":"LiveWS","message":"[LiveWS] Client connected: %s (%s) [%d total] 550bcadb 127.0.0.1 9"}
{"timestamp":"2026-07-28T10:02:16.873Z","level":"info","component":"LiveWS","message":"[LiveWS] Client connected: %s (%s) [%d total] 9276b4ab 127.0.0.1 10"}
{"timestamp":"2026-07-28T10:02:18.236Z","level":"info","component":"LiveWS","message":"[LiveWS] Client disconnected: %s [%d remaining] 9276b4ab 9"}
{"timestamp":"2026-07-28T10:02:18.552Z","level":"info","component":"LiveWS","message":"[LiveWS] Client connected: %s (%s) [%d total] f5ebf08d 127.0.0.1 10"}
{"timestamp":"2026-07-28T10:02:18.868Z","level":"info","component":"LiveWS","message":"[LiveWS] Client connected: %s (%s) [%d total] a7fc74b2 127.0.0.1 11"}
{"timestamp":"2026-07-28T10:02:31.248Z","level":"info","component":"LiveWS","message":"[LiveWS] Client disconnected: %s [%d remaining] 24fa0966 8"}
{"timestamp":"2026-07-28T10:02:31.251Z","level":"info","component":"LiveWS","message":"[LiveWS] Client disconnected: %s [%d remaining] aadb981f 8"}
{"timestamp":"2026-07-28T10:02:31.258Z","level":"info","component":"LiveWS","message":"[LiveWS] Client disconnected: %s [%d remaining] 11fadc99 8"}
{"timestamp":"2026-07-28T10:02:33.551Z","level":"info","component":"LiveWS","message":"[LiveWS] Client connected: %s (%s) [%d total] 2a25a806 127.0.0.1 9"}
{"timestamp":"2026-07-28T10:02:33.555Z","level":"info","component":"LiveWS","message":"[LiveWS] Client disconnected: %s [%d remaining] 2a25a806 8"}
{"timestamp":"2026-07-28T10:02:33.867Z","level":"info","component":"LiveWS","message":"[LiveWS] Client connected: %s (%s) [%d total] 55f485f6 127.0.0.1 9"}
{"timestamp":"2026-07-28T10:02:34.548Z","level":"info","component":"LiveWS","message":"[LiveWS] Client connected: %s (%s) [%d total] 88afff19 127.0.0.1 10"}
{"timestamp":"2026-07-28T10:02:34.552Z","level":"info","component":"LiveWS","message":"[LiveWS] Client disconnected: %s [%d remaining] 88afff19 9"}
{"timestamp":"2026-07-28T10:02:34.865Z","level":"info","component":"LiveWS","message":"[LiveWS] Client connected: %s (%s) [%d total] 650af90a 127.0.0.1 10"}
{"timestamp":"2026-07-28T10:02:37.545Z","level":"info","component":"LiveWS","message":"[LiveWS] Client connected: %s (%s) [%d total] 28e6cb83 127.0.0.1 11"}
{"timestamp":"2026-07-28T10:02:37.548Z","level":"info","component":"LiveWS","message":"[LiveWS] Client disconnected: %s [%d remaining] 28e6cb83 10"}
{"timestamp":"2026-07-28T10:02:37.861Z","level":"info","component":"LiveWS","message":"[LiveWS] Client connected: %s (%s) [%d total] bcad0264 127.0.0.1 11"}
{"timestamp":"2026-07-28T10:02:40.573Z","level":"info","component":"LiveWS","message":"[LiveWS] Client connected: %s (%s) [%d total] b7e236f7 127.0.0.1 12"}
{"timestamp":"2026-07-28T10:02:40.577Z","level":"info","component":"LiveWS","message":"[LiveWS] Client disconnected: %s [%d remaining] b7e236f7 11"}
{"timestamp":"2026-07-28T10:02:40.890Z","level":"info","component":"LiveWS","message":"[LiveWS] Client connected: %s (%s) [%d total] 2f615bc5 127.0.0.1 12"}
{"timestamp":"2026-07-28T10:02:43.554Z","level":"info","component":"LiveWS","message":"[LiveWS] Client connected: %s (%s) [%d total] 1a25fa56 127.0.0.1 13"}
{"timestamp":"2026-07-28T10:02:43.557Z","level":"info","component":"LiveWS","message":"[LiveWS] Client disconnected: %s [%d remaining] 1a25fa56 12"}
{"timestamp":"2026-07-28T10:02:43.872Z","level":"info","component":"LiveWS","message":"[LiveWS] Client connected: %s (%s) [%d total] f24869cd 127.0.0.1 13"}
{"timestamp":"2026-07-28T10:02:46.262Z","level":"info","component":"LiveWS","message":"[LiveWS] Client disconnected: %s [%d remaining] 28af1359 9"}
{"timestamp":"2026-07-28T10:02:46.265Z","level":"info","component":"LiveWS","message":"[LiveWS] Client disconnected: %s [%d remaining] 6d90ebbb 9"}
{"timestamp":"2026-07-28T10:02:46.267Z","level":"info","component":"LiveWS","message":"[LiveWS] Client disconnected: %s [%d remaining] 9bdd985f 9"}
{"timestamp":"2026-07-28T10:02:46.268Z","level":"info","component":"LiveWS","message":"[LiveWS] Client disconnected: %s [%d remaining] 2c0af7e3 9"}
{"timestamp":"2026-07-28T10:02:46.549Z","level":"info","component":"LiveWS","message":"[LiveWS] Client connected: %s (%s) [%d total] da82f5d7 127.0.0.1 10"}
{"timestamp":"2026-07-28T10:02:46.866Z","level":"info","component":"LiveWS","message":"[LiveWS] Client connected: %s (%s) [%d total] 8bdc181c 127.0.0.1 11"}
{"timestamp":"2026-07-28T10:02:48.230Z","level":"info","component":"LiveWS","message":"[LiveWS] Client disconnected: %s [%d remaining] 8bdc181c 10"}
{"timestamp":"2026-07-28T10:02:48.546Z","level":"info","component":"LiveWS","message":"[LiveWS] Client connected: %s (%s) [%d total] 36a84174 127.0.0.1 11"}
{"timestamp":"2026-07-28T10:02:48.863Z","level":"info","component":"LiveWS","message":"[LiveWS] Client connected: %s (%s) [%d total] 0bcad2c6 127.0.0.1 12"}
{"timestamp":"2026-07-28T10:03:01.265Z","level":"info","component":"LiveWS","message":"[LiveWS] Client disconnected: %s [%d remaining] a7fc74b2 8"}
{"timestamp":"2026-07-28T10:03:01.266Z","level":"info","component":"LiveWS","message":"[LiveWS] Client disconnected: %s [%d remaining] f5ebf08d 8"}
{"timestamp":"2026-07-28T10:03:01.267Z","level":"info","component":"LiveWS","message":"[LiveWS] Client disconnected: %s [%d remaining] 550bcadb 8"}
{"timestamp":"2026-07-28T10:03:01.268Z","level":"info","component":"LiveWS","message":"[LiveWS] Client disconnected: %s [%d remaining] 039f4b76 8"}
{"timestamp":"2026-07-28T10:03:03.548Z","level":"info","component":"LiveWS","message":"[LiveWS] Client connected: %s (%s) [%d total] 5b44a061 127.0.0.1 9"}
{"timestamp":"2026-07-28T10:03:03.550Z","level":"info","component":"LiveWS","message":"[LiveWS] Client disconnected: %s [%d remaining] 5b44a061 8"}
{"timestamp":"2026-07-28T10:03:03.857Z","level":"info","component":"LiveWS","message":"[LiveWS] Client connected: %s (%s) [%d total] 6fd1e4ff 127.0.0.1 9"}
{"timestamp":"2026-07-28T10:03:06.548Z","level":"info","component":"LiveWS","message":"[LiveWS] Client connected: %s (%s) [%d total] 5909dfc1 127.0.0.1 10"}
{"timestamp":"2026-07-28T10:03:06.552Z","level":"info","component":"LiveWS","message":"[LiveWS] Client disconnected: %s [%d remaining] 5909dfc1 9"}
{"timestamp":"2026-07-28T10:03:06.855Z","level":"info","component":"LiveWS","message":"[LiveWS] Client connected: %s (%s) [%d total] 2be6068d 127.0.0.1 10"}
{"timestamp":"2026-07-28T10:03:09.540Z","level":"info","component":"LiveWS","message":"[LiveWS] Client connected: %s (%s) [%d total] 73e59a6e 127.0.0.1 11"}
{"timestamp":"2026-07-28T10:03:09.544Z","level":"info","component":"LiveWS","message":"[LiveWS] Client disconnected: %s [%d remaining] 73e59a6e 10"}
{"timestamp":"2026-07-28T10:03:09.849Z","level":"info","component":"LiveWS","message":"[LiveWS] Client connected: %s (%s) [%d total] 5a82261a 127.0.0.1 11"}
{"timestamp":"2026-07-28T10:03:12.539Z","level":"info","component":"LiveWS","message":"[LiveWS] Client connected: %s (%s) [%d total] 1bd763f1 127.0.0.1 12"}
{"timestamp":"2026-07-28T10:03:12.543Z","level":"info","component":"LiveWS","message":"[LiveWS] Client disconnected: %s [%d remaining] 1bd763f1 11"}
{"timestamp":"2026-07-28T10:03:12.854Z","level":"info","component":"LiveWS","message":"[LiveWS] Client connected: %s (%s) [%d total] ed18b47e 127.0.0.1 12"}
{"timestamp":"2026-07-28T10:03:15.544Z","level":"info","component":"LiveWS","message":"[LiveWS] Client connected: %s (%s) [%d total] 09d9b0e1 127.0.0.1 13"}
{"timestamp":"2026-07-28T10:03:15.547Z","level":"info","component":"LiveWS","message":"[LiveWS] Client disconnected: %s [%d remaining] 09d9b0e1 12"}
{"timestamp":"2026-07-28T10:03:15.866Z","level":"info","component":"LiveWS","message":"[LiveWS] Client connected: %s (%s) [%d total] 73d0a2c5 127.0.0.1 13"}
{"timestamp":"2026-07-28T10:03:16.274Z","level":"info","component":"LiveWS","message":"[LiveWS] Client disconnected: %s [%d remaining] 2f615bc5 9"}
{"timestamp":"2026-07-28T10:03:16.276Z","level":"info","component":"LiveWS","message":"[LiveWS] Client disconnected: %s [%d remaining] bcad0264 9"}
{"timestamp":"2026-07-28T10:03:16.277Z","level":"info","component":"LiveWS","message":"[LiveWS] Client disconnected: %s [%d remaining] 650af90a 9"}
{"timestamp":"2026-07-28T10:03:16.278Z","level":"info","component":"LiveWS","message":"[LiveWS] Client disconnected: %s [%d remaining] 55f485f6 9"}
{"timestamp":"2026-07-28T10:03:18.558Z","level":"info","component":"LiveWS","message":"[LiveWS] Client connected: %s (%s) [%d total] 8b0e47d8 127.0.0.1 10"}
{"timestamp":"2026-07-28T10:03:18.875Z","level":"info","component":"LiveWS","message":"[LiveWS] Client connected: %s (%s) [%d total] 8b84cd5f 127.0.0.1 11"}
{"timestamp":"2026-07-28T10:03:31.275Z","level":"info","component":"LiveWS","message":"[LiveWS] Client disconnected: %s [%d remaining] 0bcad2c6 7"}
{"timestamp":"2026-07-28T10:03:31.277Z","level":"info","component":"LiveWS","message":"[LiveWS] Client disconnected: %s [%d remaining] 36a84174 7"}
{"timestamp":"2026-07-28T10:03:31.280Z","level":"info","component":"LiveWS","message":"[LiveWS] Client disconnected: %s [%d remaining] da82f5d7 7"}
{"timestamp":"2026-07-28T10:03:31.281Z","level":"info","component":"LiveWS","message":"[LiveWS] Client disconnected: %s [%d remaining] f24869cd 7"}
{"timestamp":"2026-07-28T10:03:33.547Z","level":"info","component":"LiveWS","message":"[LiveWS] Client connected: %s (%s) [%d total] 9820c59f 127.0.0.1 8"}
{"timestamp":"2026-07-28T10:03:33.550Z","level":"info","component":"LiveWS","message":"[LiveWS] Client disconnected: %s [%d remaining] 9820c59f 7"}
{"timestamp":"2026-07-28T10:03:33.865Z","level":"info","component":"LiveWS","message":"[LiveWS] Client connected: %s (%s) [%d total] 67c1a896 127.0.0.1 8"}
{"timestamp":"2026-07-28T10:03:34.533Z","level":"info","component":"LiveWS","message":"[LiveWS] Client connected: %s (%s) [%d total] b27a3ee3 127.0.0.1 9"}
{"timestamp":"2026-07-28T10:03:34.537Z","level":"info","component":"LiveWS","message":"[LiveWS] Client disconnected: %s [%d remaining] b27a3ee3 8"}
{"timestamp":"2026-07-28T10:03:34.851Z","level":"info","component":"LiveWS","message":"[LiveWS] Client connected: %s (%s) [%d total] 00a963aa 127.0.0.1 9"}
{"timestamp":"2026-07-28T10:03:37.548Z","level":"info","component":"LiveWS","message":"[LiveWS] Client connected: %s (%s) [%d total] b8477e57 127.0.0.1 10"}
{"timestamp":"2026-07-28T10:03:37.551Z","level":"info","component":"LiveWS","message":"[LiveWS] Client disconnected: %s [%d remaining] b8477e57 9"}
{"timestamp":"2026-07-28T10:03:37.864Z","level":"info","component":"LiveWS","message":"[LiveWS] Client connected: %s (%s) [%d total] 46c67e32 127.0.0.1 10"}
{"timestamp":"2026-07-28T10:03:40.538Z","level":"info","component":"LiveWS","message":"[LiveWS] Client connected: %s (%s) [%d total] 1defe410 127.0.0.1 11"}
{"timestamp":"2026-07-28T10:03:40.542Z","level":"info","component":"LiveWS","message":"[LiveWS] Client disconnected: %s [%d remaining] 1defe410 10"}
{"timestamp":"2026-07-28T10:03:40.857Z","level":"info","component":"LiveWS","message":"[LiveWS] Client connected: %s (%s) [%d total] 91496df4 127.0.0.1 11"}
{"timestamp":"2026-07-28T10:03:45.553Z","level":"info","component":"LiveWS","message":"[LiveWS] Client connected: %s (%s) [%d total] c3fcc7a9 127.0.0.1 12"}
{"timestamp":"2026-07-28T10:03:45.556Z","level":"info","component":"LiveWS","message":"[LiveWS] Client disconnected: %s [%d remaining] c3fcc7a9 11"}
{"timestamp":"2026-07-28T10:03:45.868Z","level":"info","component":"LiveWS","message":"[LiveWS] Client connected: %s (%s) [%d total] 1a9e843f 127.0.0.1 12"}
{"timestamp":"2026-07-28T10:03:46.276Z","level":"info","component":"LiveWS","message":"[LiveWS] Client disconnected: %s [%d remaining] 5a82261a 9"}
{"timestamp":"2026-07-28T10:03:46.278Z","level":"info","component":"LiveWS","message":"[LiveWS] Client disconnected: %s [%d remaining] 2be6068d 9"}
{"timestamp":"2026-07-28T10:03:46.280Z","level":"info","component":"LiveWS","message":"[LiveWS] Client disconnected: %s [%d remaining] 6fd1e4ff 9"}
{"timestamp":"2026-07-28T10:03:48.549Z","level":"info","component":"LiveWS","message":"[LiveWS] Client connected: %s (%s) [%d total] 550a3b33 127.0.0.1 10"}
{"timestamp":"2026-07-28T10:03:48.550Z","level":"info","component":"LiveWS","message":"[LiveWS] Client disconnected: %s [%d remaining] 550a3b33 9"}
{"timestamp":"2026-07-28T10:03:48.865Z","level":"info","component":"LiveWS","message":"[LiveWS] Client connected: %s (%s) [%d total] 8bd7c746 127.0.0.1 10"}
{"timestamp":"2026-07-28T10:04:01.279Z","level":"info","component":"LiveWS","message":"[LiveWS] Client disconnected: %s [%d remaining] 8b84cd5f 6"}
{"timestamp":"2026-07-28T10:04:01.281Z","level":"info","component":"LiveWS","message":"[LiveWS] Client disconnected: %s [%d remaining] 8b0e47d8 6"}
{"timestamp":"2026-07-28T10:04:01.282Z","level":"info","component":"LiveWS","message":"[LiveWS] Client disconnected: %s [%d remaining] 73d0a2c5 6"}
{"timestamp":"2026-07-28T10:04:01.284Z","level":"info","component":"LiveWS","message":"[LiveWS] Client disconnected: %s [%d remaining] ed18b47e 6"}
{"timestamp":"2026-07-28T10:04:03.547Z","level":"info","component":"LiveWS","message":"[LiveWS] Client connected: %s (%s) [%d total] d564c409 127.0.0.1 7"}
{"timestamp":"2026-07-28T10:04:03.551Z","level":"info","component":"LiveWS","message":"[LiveWS] Client disconnected: %s [%d remaining] d564c409 6"}
{"timestamp":"2026-07-28T10:04:03.865Z","level":"info","component":"LiveWS","message":"[LiveWS] Client connected: %s (%s) [%d total] 571826fc 127.0.0.1 7"}
{"timestamp":"2026-07-28T10:04:05.547Z","level":"info","component":"LiveWS","message":"[LiveWS] Client connected: %s (%s) [%d total] f2f0af7a 127.0.0.1 8"}
{"timestamp":"2026-07-28T10:04:05.550Z","level":"info","component":"LiveWS","message":"[LiveWS] Client disconnected: %s [%d remaining] f2f0af7a 7"}
{"timestamp":"2026-07-28T10:04:05.865Z","level":"info","component":"LiveWS","message":"[LiveWS] Client connected: %s (%s) [%d total] 1d071c57 127.0.0.1 8"}
{"timestamp":"2026-07-28T10:04:08.551Z","level":"info","component":"LiveWS","message":"[LiveWS] Client connected: %s (%s) [%d total] 34090dfe 127.0.0.1 9"}
{"timestamp":"2026-07-28T10:04:08.554Z","level":"info","component":"LiveWS","message":"[LiveWS] Client disconnected: %s [%d remaining] 34090dfe 8"}
{"timestamp":"2026-07-28T10:04:08.867Z","level":"info","component":"LiveWS","message":"[LiveWS] Client connected: %s (%s) [%d total] b42e7adc 127.0.0.1 9"}
{"timestamp":"2026-07-28T10:04:11.546Z","level":"info","component":"LiveWS","message":"[LiveWS] Client connected: %s (%s) [%d total] 996af40c 127.0.0.1 10"}
{"timestamp":"2026-07-28T10:04:11.549Z","level":"info","component":"LiveWS","message":"[LiveWS] Client disconnected: %s [%d remaining] 996af40c 9"}
{"timestamp":"2026-07-28T10:04:11.865Z","level":"info","component":"LiveWS","message":"[LiveWS] Client connected: %s (%s) [%d total] a199119f 127.0.0.1 10"}
{"timestamp":"2026-07-28T10:04:14.548Z","level":"info","component":"LiveWS","message":"[LiveWS] Client connected: %s (%s) [%d total] b1f4c732 127.0.0.1 11"}
{"timestamp":"2026-07-28T10:04:14.551Z","level":"info","component":"LiveWS","message":"[LiveWS] Client disconnected: %s [%d remaining] b1f4c732 10"}
{"timestamp":"2026-07-28T10:04:14.865Z","level":"info","component":"LiveWS","message":"[LiveWS] Client connected: %s (%s) [%d total] bf60877e 127.0.0.1 11"}
{"timestamp":"2026-07-28T10:04:16.290Z","level":"info","component":"LiveWS","message":"[LiveWS] Client disconnected: %s [%d remaining] 91496df4 7"}
{"timestamp":"2026-07-28T10:04:16.293Z","level":"info","component":"LiveWS","message":"[LiveWS] Client disconnected: %s [%d remaining] 46c67e32 7"}
{"timestamp":"2026-07-28T10:04:16.294Z","level":"info","component":"LiveWS","message":"[LiveWS] Client disconnected: %s [%d remaining] 00a963aa 7"}
{"timestamp":"2026-07-28T10:04:16.296Z","level":"info","component":"LiveWS","message":"[LiveWS] Client disconnected: %s [%d remaining] 67c1a896 7"}
{"timestamp":"2026-07-28T10:04:17.548Z","level":"info","component":"LiveWS","message":"[LiveWS] Client connected: %s (%s) [%d total] 2c27721b 127.0.0.1 8"}
{"timestamp":"2026-07-28T10:04:17.552Z","level":"info","component":"LiveWS","message":"[LiveWS] Client disconnected: %s [%d remaining] 2c27721b 7"}
{"timestamp":"2026-07-28T10:04:17.859Z","level":"info","component":"LiveWS","message":"[LiveWS] Client connected: %s (%s) [%d total] 0800684f 127.0.0.1 8"}
{"timestamp":"2026-07-28T10:04:18.548Z","level":"info","component":"LiveWS","message":"[LiveWS] Client connected: %s (%s) [%d total] 37749db6 127.0.0.1 9"}
{"timestamp":"2026-07-28T10:04:18.551Z","level":"info","component":"LiveWS","message":"[LiveWS] Client disconnected: %s [%d remaining] 37749db6 8"}
{"timestamp":"2026-07-28T10:04:18.864Z","level":"info","component":"LiveWS","message":"[LiveWS] Client connected: %s (%s) [%d total] 948bce1d 127.0.0.1 9"}
{"timestamp":"2026-07-28T10:04:27.552Z","level":"info","component":"LiveWS","message":"[LiveWS] Client connected: %s (%s) [%d total] a5bb023f 127.0.0.1 10"}
{"timestamp":"2026-07-28T10:04:27.556Z","level":"info","component":"LiveWS","message":"[LiveWS] Client disconnected: %s [%d remaining] a5bb023f 9"}
{"timestamp":"2026-07-28T10:04:27.869Z","level":"info","component":"LiveWS","message":"[LiveWS] Client connected: %s (%s) [%d total] 893de91c 127.0.0.1 10"}
{"timestamp":"2026-07-28T10:04:30.544Z","level":"info","component":"LiveWS","message":"[LiveWS] Client connected: %s (%s) [%d total] 3e9eda88 127.0.0.1 11"}
{"timestamp":"2026-07-28T10:04:30.547Z","level":"info","component":"LiveWS","message":"[LiveWS] Client disconnected: %s [%d remaining] 3e9eda88 10"}
{"timestamp":"2026-07-28T10:04:30.860Z","level":"info","component":"LiveWS","message":"[LiveWS] Client connected: %s (%s) [%d total] 47346082 127.0.0.1 11"}
{"timestamp":"2026-07-28T10:04:31.301Z","level":"info","component":"LiveWS","message":"[LiveWS] Client disconnected: %s [%d remaining] 8bd7c746 9"}
{"timestamp":"2026-07-28T10:04:31.303Z","level":"info","component":"LiveWS","message":"[LiveWS] Client disconnected: %s [%d remaining] 1a9e843f 9"}
{"timestamp":"2026-07-28T10:04:32.557Z","level":"info","component":"LiveWS","message":"[LiveWS] Client connected: %s (%s) [%d total] 906844f0 127.0.0.1 10"}
{"timestamp":"2026-07-28T10:04:32.560Z","level":"info","component":"LiveWS","message":"[LiveWS] Client disconnected: %s [%d remaining] 906844f0 9"}
{"timestamp":"2026-07-28T10:04:32.874Z","level":"info","component":"LiveWS","message":"[LiveWS] Client connected: %s (%s) [%d total] d8bffd8d 127.0.0.1 10"}
{"timestamp":"2026-07-28T10:04:33.556Z","level":"info","component":"LiveWS","message":"[LiveWS] Client connected: %s (%s) [%d total] 6ac0085d 127.0.0.1 11"}
{"timestamp":"2026-07-28T10:04:33.560Z","level":"info","component":"LiveWS","message":"[LiveWS] Client disconnected: %s [%d remaining] 6ac0085d 10"}
{"timestamp":"2026-07-28T10:04:33.873Z","level":"info","component":"LiveWS","message":"[LiveWS] Client connected: %s (%s) [%d total] 0d1179ad 127.0.0.1 11"}
{"timestamp":"2026-07-28T10:04:38.548Z","level":"info","component":"LiveWS","message":"[LiveWS] Client connected: %s (%s) [%d total] e5f2bf06 127.0.0.1 12"}
{"timestamp":"2026-07-28T10:04:38.550Z","level":"info","component":"LiveWS","message":"[LiveWS] Client disconnected: %s [%d remaining] e5f2bf06 11"}
{"timestamp":"2026-07-28T10:04:38.864Z","level":"info","component":"LiveWS","message":"[LiveWS] Client connected: %s (%s) [%d total] d0f07149 127.0.0.1 12"}
{"timestamp":"2026-07-28T10:04:41.547Z","level":"info","component":"LiveWS","message":"[LiveWS] Client connected: %s (%s) [%d total] f0b67c06 127.0.0.1 13"}
{"timestamp":"2026-07-28T10:04:41.549Z","level":"info","component":"LiveWS","message":"[LiveWS] Client disconnected: %s [%d remaining] f0b67c06 12"}
{"timestamp":"2026-07-28T10:04:41.863Z","level":"info","component":"LiveWS","message":"[LiveWS] Client connected: %s (%s) [%d total] df397586 127.0.0.1 13"}
{"timestamp":"2026-07-28T10:04:44.552Z","level":"info","component":"LiveWS","message":"[LiveWS] Client connected: %s (%s) [%d total] a3366dcd 127.0.0.1 14"}
{"timestamp":"2026-07-28T10:04:44.554Z","level":"info","component":"LiveWS","message":"[LiveWS] Client disconnected: %s [%d remaining] a3366dcd 13"}
{"timestamp":"2026-07-28T10:04:44.870Z","level":"info","component":"LiveWS","message":"[LiveWS] Client connected: %s (%s) [%d total] fa8c9bf4 127.0.0.1 14"}
{"timestamp":"2026-07-28T10:04:46.311Z","level":"info","component":"LiveWS","message":"[LiveWS] Client disconnected: %s [%d remaining] b42e7adc 11"}
{"timestamp":"2026-07-28T10:04:46.313Z","level":"info","component":"LiveWS","message":"[LiveWS] Client disconnected: %s [%d remaining] 1d071c57 11"}
{"timestamp":"2026-07-28T10:04:46.314Z","level":"info","component":"LiveWS","message":"[LiveWS] Client disconnected: %s [%d remaining] 571826fc 11"}
{"timestamp":"2026-07-28T10:04:47.547Z","level":"info","component":"LiveWS","message":"[LiveWS] Client connected: %s (%s) [%d total] 44c9390d 127.0.0.1 12"}
{"timestamp":"2026-07-28T10:04:47.549Z","level":"info","component":"LiveWS","message":"[LiveWS] Client disconnected: %s [%d remaining] 44c9390d 11"}
{"timestamp":"2026-07-28T10:04:47.867Z","level":"info","component":"LiveWS","message":"[LiveWS] Client connected: %s (%s) [%d total] 9ff004ae 127.0.0.1 12"}
{"timestamp":"2026-07-28T10:04:48.546Z","level":"info","component":"LiveWS","message":"[LiveWS] Client connected: %s (%s) [%d total] 867eb105 127.0.0.1 13"}
{"timestamp":"2026-07-28T10:04:48.548Z","level":"info","component":"LiveWS","message":"[LiveWS] Client disconnected: %s [%d remaining] 867eb105 12"}
{"timestamp":"2026-07-28T10:04:48.863Z","level":"info","component":"LiveWS","message":"[LiveWS] Client connected: %s (%s) [%d total] 272c1716 127.0.0.1 13"}
{"timestamp":"2026-07-28T10:04:53.549Z","level":"info","component":"LiveWS","message":"[LiveWS] Client connected: %s (%s) [%d total] 25858ee0 127.0.0.1 14"}
{"timestamp":"2026-07-28T10:04:53.553Z","level":"info","component":"LiveWS","message":"[LiveWS] Client disconnected: %s [%d remaining] 25858ee0 13"}
{"timestamp":"2026-07-28T10:04:53.867Z","level":"info","component":"LiveWS","message":"[LiveWS] Client connected: %s (%s) [%d total] d1e19ee6 127.0.0.1 14"}
{"timestamp":"2026-07-28T10:04:56.554Z","level":"info","component":"LiveWS","message":"[LiveWS] Client connected: %s (%s) [%d total] ab72ac9b 127.0.0.1 15"}
{"timestamp":"2026-07-28T10:04:56.559Z","level":"info","component":"LiveWS","message":"[LiveWS] Client disconnected: %s [%d remaining] ab72ac9b 14"}
{"timestamp":"2026-07-28T10:04:56.871Z","level":"info","component":"LiveWS","message":"[LiveWS] Client connected: %s (%s) [%d total] 7421c029 127.0.0.1 15"}
{"timestamp":"2026-07-28T10:04:59.556Z","level":"info","component":"LiveWS","message":"[LiveWS] Client connected: %s (%s) [%d total] 4edbb3ba 127.0.0.1 16"}
{"timestamp":"2026-07-28T10:04:59.559Z","level":"info","component":"LiveWS","message":"[LiveWS] Client disconnected: %s [%d remaining] 4edbb3ba 15"}
{"timestamp":"2026-07-28T10:04:59.875Z","level":"info","component":"LiveWS","message":"[LiveWS] Client connected: %s (%s) [%d total] f9dda87d 127.0.0.1 16"}
{"timestamp":"2026-07-28T10:05:01.320Z","level":"info","component":"LiveWS","message":"[LiveWS] Client disconnected: %s [%d remaining] 948bce1d 12"}
{"timestamp":"2026-07-28T10:05:01.322Z","level":"info","component":"LiveWS","message":"[LiveWS] Client disconnected: %s [%d remaining] 0800684f 12"}
{"timestamp":"2026-07-28T10:05:01.324Z","level":"info","component":"LiveWS","message":"[LiveWS] Client disconnected: %s [%d remaining] bf60877e 12"}
{"timestamp":"2026-07-28T10:05:01.326Z","level":"info","component":"LiveWS","message":"[LiveWS] Client disconnected: %s [%d remaining] a199119f 12"}
{"timestamp":"2026-07-28T10:05:02.555Z","level":"info","component":"LiveWS","message":"[LiveWS] Client connected: %s (%s) [%d total] 9391c419 127.0.0.1 13"}
{"timestamp":"2026-07-28T10:05:02.559Z","level":"info","component":"LiveWS","message":"[LiveWS] Client disconnected: %s [%d remaining] 9391c419 12"}
{"timestamp":"2026-07-28T10:05:02.872Z","level":"info","component":"LiveWS","message":"[LiveWS] Client connected: %s (%s) [%d total] e26cb10a 127.0.0.1 13"}
{"timestamp":"2026-07-28T10:05:03.554Z","level":"info","component":"LiveWS","message":"[LiveWS] Client connected: %s (%s) [%d total] efa48239 127.0.0.1 14"}
{"timestamp":"2026-07-28T10:05:03.557Z","level":"info","component":"LiveWS","message":"[LiveWS] Client disconnected: %s [%d remaining] efa48239 13"}
{"timestamp":"2026-07-28T10:05:03.869Z","level":"info","component":"LiveWS","message":"[LiveWS] Client connected: %s (%s) [%d total] e8c227fc 127.0.0.1 14"}
{"timestamp":"2026-07-28T10:05:12.547Z","level":"info","component":"LiveWS","message":"[LiveWS] Client connected: %s (%s) [%d total] 9adf336b 127.0.0.1 15"}
{"timestamp":"2026-07-28T10:05:12.549Z","level":"info","component":"LiveWS","message":"[LiveWS] Client disconnected: %s [%d remaining] 9adf336b 14"}
{"timestamp":"2026-07-28T10:05:12.866Z","level":"info","component":"LiveWS","message":"[LiveWS] Client connected: %s (%s) [%d total] 9da184ae 127.0.0.1 15"}
{"timestamp":"2026-07-28T10:05:15.550Z","level":"info","component":"LiveWS","message":"[LiveWS] Client connected: %s (%s) [%d total] b0d581aa 127.0.0.1 16"}
{"timestamp":"2026-07-28T10:05:15.552Z","level":"info","component":"LiveWS","message":"[LiveWS] Client disconnected: %s [%d remaining] b0d581aa 15"}
{"timestamp":"2026-07-28T10:05:15.869Z","level":"info","component":"LiveWS","message":"[LiveWS] Client connected: %s (%s) [%d total] 20e99bb4 127.0.0.1 16"}
{"timestamp":"2026-07-28T10:05:16.328Z","level":"info","component":"LiveWS","message":"[LiveWS] Client disconnected: %s [%d remaining] d0f07149 11"}
{"timestamp":"2026-07-28T10:05:16.329Z","level":"info","component":"LiveWS","message":"[LiveWS] Client disconnected: %s [%d remaining] 0d1179ad 11"}
{"timestamp":"2026-07-28T10:05:16.330Z","level":"info","component":"LiveWS","message":"[LiveWS] Client disconnected: %s [%d remaining] d8bffd8d 11"}
{"timestamp":"2026-07-28T10:05:16.331Z","level":"info","component":"LiveWS","message":"[LiveWS] Client disconnected: %s [%d remaining] 47346082 11"}
{"timestamp":"2026-07-28T10:05:16.332Z","level":"info","component":"LiveWS","message":"[LiveWS] Client disconnected: %s [%d remaining] 893de91c 11"}
{"timestamp":"2026-07-28T10:05:18.551Z","level":"info","component":"LiveWS","message":"[LiveWS] Client connected: %s (%s) [%d total] 48a280d2 127.0.0.1 12"}
{"timestamp":"2026-07-28T10:05:18.869Z","level":"info","component":"LiveWS","message":"[LiveWS] Client connected: %s (%s) [%d total] 1cd698f5 127.0.0.1 13"}
{"timestamp":"2026-07-28T10:05:31.333Z","level":"info","component":"LiveWS","message":"[LiveWS] Client disconnected: %s [%d remaining] d1e19ee6 8"}
{"timestamp":"2026-07-28T10:05:31.336Z","level":"info","component":"LiveWS","message":"[LiveWS] Client disconnected: %s [%d remaining] 272c1716 8"}
{"timestamp":"2026-07-28T10:05:31.337Z","level":"info","component":"LiveWS","message":"[LiveWS] Client disconnected: %s [%d remaining] 9ff004ae 8"}
{"timestamp":"2026-07-28T10:05:31.338Z","level":"info","component":"LiveWS","message":"[LiveWS] Client disconnected: %s [%d remaining] fa8c9bf4 8"}
{"timestamp":"2026-07-28T10:05:31.340Z","level":"info","component":"LiveWS","message":"[LiveWS] Client disconnected: %s [%d remaining] df397586 8"}
{"timestamp":"2026-07-28T10:05:33.554Z","level":"info","component":"LiveWS","message":"[LiveWS] Client connected: %s (%s) [%d total] fb5ff27c 127.0.0.1 9"}
{"timestamp":"2026-07-28T10:05:33.869Z","level":"info","component":"LiveWS","message":"[LiveWS] Client connected: %s (%s) [%d total] 87e23beb 127.0.0.1 10"}
{"timestamp":"2026-07-28T10:05:46.338Z","level":"info","component":"LiveWS","message":"[LiveWS] Client disconnected: %s [%d remaining] e8c227fc 6"}
{"timestamp":"2026-07-28T10:05:46.341Z","level":"info","component":"LiveWS","message":"[LiveWS] Client disconnected: %s [%d remaining] e26cb10a 6"}
{"timestamp":"2026-07-28T10:05:46.342Z","level":"info","component":"LiveWS","message":"[LiveWS] Client disconnected: %s [%d remaining] f9dda87d 6"}
{"timestamp":"2026-07-28T10:05:46.343Z","level":"info","component":"LiveWS","message":"[LiveWS] Client disconnected: %s [%d remaining] 7421c029 6"}
{"timestamp":"2026-07-28T10:05:48.550Z","level":"info","component":"LiveWS","message":"[LiveWS] Client connected: %s (%s) [%d total] ad9aea8d 127.0.0.1 7"}
{"timestamp":"2026-07-28T10:05:48.552Z","level":"info","component":"LiveWS","message":"[LiveWS] Client disconnected: %s [%d remaining] ad9aea8d 6"}
{"timestamp":"2026-07-28T10:05:48.866Z","level":"info","component":"LiveWS","message":"[LiveWS] Client connected: %s (%s) [%d total] a9b180dd 127.0.0.1 7"}
{"timestamp":"2026-07-28T10:06:01.348Z","level":"info","component":"LiveWS","message":"[LiveWS] Client disconnected: %s [%d remaining] 1cd698f5 3"}
{"timestamp":"2026-07-28T10:06:01.350Z","level":"info","component":"LiveWS","message":"[LiveWS] Client disconnected: %s [%d remaining] 48a280d2 3"}
{"timestamp":"2026-07-28T10:06:01.354Z","level":"info","component":"LiveWS","message":"[LiveWS] Client disconnected: %s [%d remaining] 20e99bb4 3"}
{"timestamp":"2026-07-28T10:06:01.356Z","level":"info","component":"LiveWS","message":"[LiveWS] Client disconnected: %s [%d remaining] 9da184ae 3"}
{"timestamp":"2026-07-28T10:06:03.554Z","level":"info","component":"LiveWS","message":"[LiveWS] Client connected: %s (%s) [%d total] f00e1ae0 127.0.0.1 4"}
{"timestamp":"2026-07-28T10:06:03.558Z","level":"info","component":"LiveWS","message":"[LiveWS] Client disconnected: %s [%d remaining] f00e1ae0 3"}
{"timestamp":"2026-07-28T10:06:03.873Z","level":"info","component":"LiveWS","message":"[LiveWS] Client connected: %s (%s) [%d total] 59b1790f 127.0.0.1 4"}
{"timestamp":"2026-07-28T10:06:05.551Z","level":"info","component":"LiveWS","message":"[LiveWS] Client connected: %s (%s) [%d total] fa18959b 127.0.0.1 5"}
{"timestamp":"2026-07-28T10:06:05.555Z","level":"info","component":"LiveWS","message":"[LiveWS] Client disconnected: %s [%d remaining] fa18959b 4"}
{"timestamp":"2026-07-28T10:06:05.868Z","level":"info","component":"LiveWS","message":"[LiveWS] Client connected: %s (%s) [%d total] e513bc26 127.0.0.1 5"}
{"timestamp":"2026-07-28T10:06:08.550Z","level":"info","component":"LiveWS","message":"[LiveWS] Client connected: %s (%s) [%d total] e78ab673 127.0.0.1 6"}
{"timestamp":"2026-07-28T10:06:08.554Z","level":"info","component":"LiveWS","message":"[LiveWS] Client disconnected: %s [%d remaining] e78ab673 5"}
{"timestamp":"2026-07-28T10:06:08.867Z","level":"info","component":"LiveWS","message":"[LiveWS] Client connected: %s (%s) [%d total] 9ac15f81 127.0.0.1 6"}
{"timestamp":"2026-07-28T10:06:11.552Z","level":"info","component":"LiveWS","message":"[LiveWS] Client connected: %s (%s) [%d total] 0e9204f9 127.0.0.1 7"}
{"timestamp":"2026-07-28T10:06:11.557Z","level":"info","component":"LiveWS","message":"[LiveWS] Client disconnected: %s [%d remaining] 0e9204f9 6"}
{"timestamp":"2026-07-28T10:06:11.868Z","level":"info","component":"LiveWS","message":"[LiveWS] Client connected: %s (%s) [%d total] ffccd942 127.0.0.1 7"}
{"timestamp":"2026-07-28T10:06:14.556Z","level":"info","component":"LiveWS","message":"[LiveWS] Client connected: %s (%s) [%d total] d500b5ac 127.0.0.1 8"}
{"timestamp":"2026-07-28T10:06:14.559Z","level":"info","component":"LiveWS","message":"[LiveWS] Client disconnected: %s [%d remaining] d500b5ac 7"}
{"timestamp":"2026-07-28T10:06:14.873Z","level":"info","component":"LiveWS","message":"[LiveWS] Client connected: %s (%s) [%d total] aa4dea3f 127.0.0.1 8"}
{"timestamp":"2026-07-28T10:06:16.348Z","level":"info","component":"LiveWS","message":"[LiveWS] Client disconnected: %s [%d remaining] 87e23beb 6"}
{"timestamp":"2026-07-28T10:06:16.350Z","level":"info","component":"LiveWS","message":"[LiveWS] Client disconnected: %s [%d remaining] fb5ff27c 6"}
{"timestamp":"2026-07-28T10:06:17.556Z","level":"info","component":"LiveWS","message":"[LiveWS] Client connected: %s (%s) [%d total] ed0dfaa6 127.0.0.1 7"}
{"timestamp":"2026-07-28T10:06:17.558Z","level":"info","component":"LiveWS","message":"[LiveWS] Client disconnected: %s [%d remaining] ed0dfaa6 6"}
{"timestamp":"2026-07-28T10:06:17.874Z","level":"info","component":"LiveWS","message":"[LiveWS] Client connected: %s (%s) [%d total] a7986b84 127.0.0.1 7"}
{"timestamp":"2026-07-28T10:06:20.554Z","level":"info","component":"LiveWS","message":"[LiveWS] Client connected: %s (%s) [%d total] 2c5f3994 127.0.0.1 8"}
{"timestamp":"2026-07-28T10:06:20.558Z","level":"info","component":"LiveWS","message":"[LiveWS] Client disconnected: %s [%d remaining] 2c5f3994 7"}
{"timestamp":"2026-07-28T10:06:20.871Z","level":"info","component":"LiveWS","message":"[LiveWS] Client connected: %s (%s) [%d total] 94357478 127.0.0.1 8"}
{"timestamp":"2026-07-28T10:06:23.554Z","level":"info","component":"LiveWS","message":"[LiveWS] Client connected: %s (%s) [%d total] 11c0f49b 127.0.0.1 9"}
{"timestamp":"2026-07-28T10:06:23.557Z","level":"info","component":"LiveWS","message":"[LiveWS] Client disconnected: %s [%d remaining] 11c0f49b 8"}
{"timestamp":"2026-07-28T10:06:23.874Z","level":"info","component":"LiveWS","message":"[LiveWS] Client connected: %s (%s) [%d total] 62610ebc 127.0.0.1 9"}
{"timestamp":"2026-07-28T10:06:26.557Z","level":"info","component":"LiveWS","message":"[LiveWS] Client connected: %s (%s) [%d total] 2f37e42f 127.0.0.1 10"}
{"timestamp":"2026-07-28T10:06:26.559Z","level":"info","component":"LiveWS","message":"[LiveWS] Client disconnected: %s [%d remaining] 2f37e42f 9"}
{"timestamp":"2026-07-28T10:06:26.876Z","level":"info","component":"LiveWS","message":"[LiveWS] Client connected: %s (%s) [%d total] 5cd05322 127.0.0.1 10"}
{"timestamp":"2026-07-28T10:06:29.558Z","level":"info","component":"LiveWS","message":"[LiveWS] Client connected: %s (%s) [%d total] cb202d54 127.0.0.1 11"}
{"timestamp":"2026-07-28T10:06:29.562Z","level":"info","component":"LiveWS","message":"[LiveWS] Client disconnected: %s [%d remaining] cb202d54 10"}
{"timestamp":"2026-07-28T10:06:29.876Z","level":"info","component":"LiveWS","message":"[LiveWS] Client connected: %s (%s) [%d total] 581e10fa 127.0.0.1 11"}
{"timestamp":"2026-07-28T10:06:31.348Z","level":"info","component":"LiveWS","message":"[LiveWS] Client disconnected: %s [%d remaining] a9b180dd 10"}
{"timestamp":"2026-07-28T10:06:32.556Z","level":"info","component":"LiveWS","message":"[LiveWS] Client connected: %s (%s) [%d total] 570daf95 127.0.0.1 11"}
{"timestamp":"2026-07-28T10:06:32.560Z","level":"info","component":"LiveWS","message":"[LiveWS] Client disconnected: %s [%d remaining] 570daf95 10"}
{"timestamp":"2026-07-28T10:06:32.874Z","level":"info","component":"LiveWS","message":"[LiveWS] Client connected: %s (%s) [%d total] 6343d5d3 127.0.0.1 11"}
{"timestamp":"2026-07-28T10:06:37.546Z","level":"info","component":"LiveWS","message":"[LiveWS] Client connected: %s (%s) [%d total] 20b05f98 127.0.0.1 12"}
{"timestamp":"2026-07-28T10:06:37.549Z","level":"info","component":"LiveWS","message":"[LiveWS] Client disconnected: %s [%d remaining] 20b05f98 11"}
{"timestamp":"2026-07-28T10:06:37.863Z","level":"info","component":"LiveWS","message":"[LiveWS] Client connected: %s (%s) [%d total] 4ebe7f37 127.0.0.1 12"}
{"timestamp":"2026-07-28T10:06:40.559Z","level":"info","component":"LiveWS","message":"[LiveWS] Client connected: %s (%s) [%d total] 528d768e 127.0.0.1 13"}
{"timestamp":"2026-07-28T10:06:40.563Z","level":"info","component":"LiveWS","message":"[LiveWS] Client disconnected: %s [%d remaining] 528d768e 12"}
{"timestamp":"2026-07-28T10:06:40.878Z","level":"info","component":"LiveWS","message":"[LiveWS] Client connected: %s (%s) [%d total] a8d47f0c 127.0.0.1 13"}
{"timestamp":"2026-07-28T10:06:43.544Z","level":"info","component":"LiveWS","message":"[LiveWS] Client connected: %s (%s) [%d total] 11766e84 127.0.0.1 14"}
{"timestamp":"2026-07-28T10:06:43.547Z","level":"info","component":"LiveWS","message":"[LiveWS] Client disconnected: %s [%d remaining] 11766e84 13"}
{"timestamp":"2026-07-28T10:06:43.860Z","level":"info","component":"LiveWS","message":"[LiveWS] Client connected: %s (%s) [%d total] 237f3925 127.0.0.1 14"}
{"timestamp":"2026-07-28T10:06:46.350Z","level":"info","component":"LiveWS","message":"[LiveWS] Client disconnected: %s [%d remaining] 9ac15f81 11"}
{"timestamp":"2026-07-28T10:06:46.352Z","level":"info","component":"LiveWS","message":"[LiveWS] Client disconnected: %s [%d remaining] e513bc26 11"}
{"timestamp":"2026-07-28T10:06:46.353Z","level":"info","component":"LiveWS","message":"[LiveWS] Client disconnected: %s [%d remaining] 59b1790f 11"}
{"timestamp":"2026-07-28T10:06:46.558Z","level":"info","component":"LiveWS","message":"[LiveWS] Client connected: %s (%s) [%d total] 836fba6f 127.0.0.1 12"}
{"timestamp":"2026-07-28T10:06:46.876Z","level":"info","component":"LiveWS","message":"[LiveWS] Client connected: %s (%s) [%d total] e7378f12 127.0.0.1 13"}
{"timestamp":"2026-07-28T10:06:47.226Z","level":"info","component":"LiveWS","message":"[LiveWS] Client disconnected: %s [%d remaining] e7378f12 12"}
{"timestamp":"2026-07-28T10:06:47.545Z","level":"info","component":"LiveWS","message":"[LiveWS] Client connected: %s (%s) [%d total] cbf5423c 127.0.0.1 13"}
{"timestamp":"2026-07-28T10:06:47.865Z","level":"info","component":"LiveWS","message":"[LiveWS] Client connected: %s (%s) [%d total] ea2c0a58 127.0.0.1 14"}
{"timestamp":"2026-07-28T10:06:48.228Z","level":"info","component":"LiveWS","message":"[LiveWS] Client disconnected: %s [%d remaining] ea2c0a58 13"}
{"timestamp":"2026-07-28T10:06:48.546Z","level":"info","component":"LiveWS","message":"[LiveWS] Client connected: %s (%s) [%d total] be2af83c 127.0.0.1 14"}
{"timestamp":"2026-07-28T10:06:48.862Z","level":"info","component":"LiveWS","message":"[LiveWS] Client connected: %s (%s) [%d total] fa430199 127.0.0.1 15"}
{"timestamp":"2026-07-28T10:07:01.359Z","level":"info","component":"LiveWS","message":"[LiveWS] Client disconnected: %s [%d remaining] 62610ebc 10"}
{"timestamp":"2026-07-28T10:07:01.360Z","level":"info","component":"LiveWS","message":"[LiveWS] Client disconnected: %s [%d remaining] 94357478 10"}
{"timestamp":"2026-07-28T10:07:01.361Z","level":"info","component":"LiveWS","message":"[LiveWS] Client disconnected: %s [%d remaining] a7986b84 10"}
{"timestamp":"2026-07-28T10:07:01.363Z","level":"info","component":"LiveWS","message":"[LiveWS] Client disconnected: %s [%d remaining] aa4dea3f 10"}
{"timestamp":"2026-07-28T10:07:01.364Z","level":"info","component":"LiveWS","message":"[LiveWS] Client disconnected: %s [%d remaining] ffccd942 10"}
{"timestamp":"2026-07-28T10:07:03.543Z","level":"info","component":"LiveWS","message":"[LiveWS] Client connected: %s (%s) [%d total] 47dda1eb 127.0.0.1 11"}
{"timestamp":"2026-07-28T10:07:03.860Z","level":"info","component":"LiveWS","message":"[LiveWS] Client connected: %s (%s) [%d total] fbbb577d 127.0.0.1 12"}
{"timestamp":"2026-07-28T10:07:16.368Z","level":"info","component":"LiveWS","message":"[LiveWS] Client disconnected: %s [%d remaining] a8d47f0c 7"}
{"timestamp":"2026-07-28T10:07:16.370Z","level":"info","component":"LiveWS","message":"[LiveWS] Client disconnected: %s [%d remaining] 4ebe7f37 7"}
{"timestamp":"2026-07-28T10:07:16.371Z","level":"info","component":"LiveWS","message":"[LiveWS] Client disconnected: %s [%d remaining] 6343d5d3 7"}
{"timestamp":"2026-07-28T10:07:16.372Z","level":"info","component":"LiveWS","message":"[LiveWS] Client disconnected: %s [%d remaining] 581e10fa 7"}
{"timestamp":"2026-07-28T10:07:16.374Z","level":"info","component":"LiveWS","message":"[LiveWS] Client disconnected: %s [%d remaining] 5cd05322 7"}
{"timestamp":"2026-07-28T10:07:18.554Z","level":"info","component":"LiveWS","message":"[LiveWS] Client connected: %s (%s) [%d total] 5d1754cc 127.0.0.1 8"}
{"timestamp":"2026-07-28T10:07:18.870Z","level":"info","component":"LiveWS","message":"[LiveWS] Client connected: %s (%s) [%d total] ab24d507 127.0.0.1 9"}
{"timestamp":"2026-07-28T10:07:31.379Z","level":"info","component":"LiveWS","message":"[LiveWS] Client disconnected: %s [%d remaining] fa430199 4"}
{"timestamp":"2026-07-28T10:07:31.381Z","level":"info","component":"LiveWS","message":"[LiveWS] Client disconnected: %s [%d remaining] be2af83c 4"}
{"timestamp":"2026-07-28T10:07:31.382Z","level":"info","component":"LiveWS","message":"[LiveWS] Client disconnected: %s [%d remaining] cbf5423c 4"}
{"timestamp":"2026-07-28T10:07:31.382Z","level":"info","component":"LiveWS","message":"[LiveWS] Client disconnected: %s [%d remaining] 836fba6f 4"}
{"timestamp":"2026-07-28T10:07:31.383Z","level":"info","component":"LiveWS","message":"[LiveWS] Client disconnected: %s [%d remaining] 237f3925 4"}
{"timestamp":"2026-07-28T10:07:33.552Z","level":"info","component":"LiveWS","message":"[LiveWS] Client connected: %s (%s) [%d total] b964c623 127.0.0.1 5"}
{"timestamp":"2026-07-28T10:07:33.555Z","level":"info","component":"LiveWS","message":"[LiveWS] Client disconnected: %s [%d remaining] b964c623 4"}
{"timestamp":"2026-07-28T10:07:33.870Z","level":"info","component":"LiveWS","message":"[LiveWS] Client connected: %s (%s) [%d total] b03bf9ce 127.0.0.1 5"}
{"timestamp":"2026-07-28T10:07:34.554Z","level":"info","component":"LiveWS","message":"[LiveWS] Client connected: %s (%s) [%d total] 5bf0e19e 127.0.0.1 6"}
{"timestamp":"2026-07-28T10:07:34.558Z","level":"info","component":"LiveWS","message":"[LiveWS] Client disconnected: %s [%d remaining] 5bf0e19e 5"}
{"timestamp":"2026-07-28T10:07:34.872Z","level":"info","component":"LiveWS","message":"[LiveWS] Client connected: %s (%s) [%d total] 0d7dd0c9 127.0.0.1 6"}
{"timestamp":"2026-07-28T10:07:36.554Z","level":"info","component":"LiveWS","message":"[LiveWS] Client connected: %s (%s) [%d total] 47359e74 127.0.0.1 7"}
{"timestamp":"2026-07-28T10:07:36.558Z","level":"info","component":"LiveWS","message":"[LiveWS] Client disconnected: %s [%d remaining] 47359e74 6"}
{"timestamp":"2026-07-28T10:07:36.875Z","level":"info","component":"LiveWS","message":"[LiveWS] Client connected: %s (%s) [%d total] 7f36602d 127.0.0.1 7"}
{"timestamp":"2026-07-28T10:07:39.543Z","level":"info","component":"LiveWS","message":"[LiveWS] Client connected: %s (%s) [%d total] dd92a5f7 127.0.0.1 8"}
{"timestamp":"2026-07-28T10:07:39.546Z","level":"info","component":"LiveWS","message":"[LiveWS] Client disconnected: %s [%d remaining] dd92a5f7 7"}
{"timestamp":"2026-07-28T10:07:39.859Z","level":"info","component":"LiveWS","message":"[LiveWS] Client connected: %s (%s) [%d total] 6cc771fd 127.0.0.1 8"}
{"timestamp":"2026-07-28T10:07:42.556Z","level":"info","component":"LiveWS","message":"[LiveWS] Client connected: %s (%s) [%d total] 44a4c84c 127.0.0.1 9"}
{"timestamp":"2026-07-28T10:07:42.558Z","level":"info","component":"LiveWS","message":"[LiveWS] Client disconnected: %s [%d remaining] 44a4c84c 8"}
{"timestamp":"2026-07-28T10:07:42.872Z","level":"info","component":"LiveWS","message":"[LiveWS] Client connected: %s (%s) [%d total] 5204384f 127.0.0.1 9"}
{"timestamp":"2026-07-28T10:07:45.551Z","level":"info","component":"LiveWS","message":"[LiveWS] Client connected: %s (%s) [%d total] 2ed0afae 127.0.0.1 10"}
{"timestamp":"2026-07-28T10:07:45.554Z","level":"info","component":"LiveWS","message":"[LiveWS] Client disconnected: %s [%d remaining] 2ed0afae 9"}
{"timestamp":"2026-07-28T10:07:45.869Z","level":"info","component":"LiveWS","message":"[LiveWS] Client connected: %s (%s) [%d total] 3a6aa242 127.0.0.1 10"}
{"timestamp":"2026-07-28T10:07:46.376Z","level":"info","component":"LiveWS","message":"[LiveWS] Client disconnected: %s [%d remaining] fbbb577d 8"}
{"timestamp":"2026-07-28T10:07:46.377Z","level":"info","component":"LiveWS","message":"[LiveWS] Client disconnected: %s [%d remaining] 47dda1eb 8"}
{"timestamp":"2026-07-28T10:07:48.557Z","level":"info","component":"LiveWS","message":"[LiveWS] Client connected: %s (%s) [%d total] 03fc77db 127.0.0.1 9"}
{"timestamp":"2026-07-28T10:07:48.560Z","level":"info","component":"LiveWS","message":"[LiveWS] Client disconnected: %s [%d remaining] 03fc77db 8"}
{"timestamp":"2026-07-28T10:07:48.873Z","level":"info","component":"LiveWS","message":"[LiveWS] Client connected: %s (%s) [%d total] 96d611bc 127.0.0.1 9"}
{"timestamp":"2026-07-28T10:07:53.559Z","level":"info","component":"LiveWS","message":"[LiveWS] Client connected: %s (%s) [%d total] 02c1b503 127.0.0.1 10"}
{"timestamp":"2026-07-28T10:07:53.562Z","level":"info","component":"LiveWS","message":"[LiveWS] Client disconnected: %s [%d remaining] 02c1b503 9"}
{"timestamp":"2026-07-28T10:07:53.875Z","level":"info","component":"LiveWS","message":"[LiveWS] Client connected: %s (%s) [%d total] f8117925 127.0.0.1 10"}
{"timestamp":"2026-07-28T10:07:56.557Z","level":"info","component":"LiveWS","message":"[LiveWS] Client connected: %s (%s) [%d total] 6573b9e4 127.0.0.1 11"}
{"timestamp":"2026-07-28T10:07:56.561Z","level":"info","component":"LiveWS","message":"[LiveWS] Client disconnected: %s [%d remaining] 6573b9e4 10"}
{"timestamp":"2026-07-28T10:07:56.876Z","level":"info","component":"LiveWS","message":"[LiveWS] Client connected: %s (%s) [%d total] 7971c154 127.0.0.1 11"}
{"timestamp":"2026-07-28T10:07:59.555Z","level":"info","component":"LiveWS","message":"[LiveWS] Client connected: %s (%s) [%d total] ca86d69c 127.0.0.1 12"}
{"timestamp":"2026-07-28T10:07:59.558Z","level":"info","component":"LiveWS","message":"[LiveWS] Client disconnected: %s [%d remaining] ca86d69c 11"}
{"timestamp":"2026-07-28T10:07:59.873Z","level":"info","component":"LiveWS","message":"[LiveWS] Client connected: %s (%s) [%d total] 407d460c 127.0.0.1 12"}
{"timestamp":"2026-07-28T10:08:01.381Z","level":"info","component":"LiveWS","message":"[LiveWS] Client disconnected: %s [%d remaining] ab24d507 10"}
{"timestamp":"2026-07-28T10:08:01.383Z","level":"info","component":"LiveWS","message":"[LiveWS] Client disconnected: %s [%d remaining] 5d1754cc 10"}
{"timestamp":"2026-07-28T10:08:02.542Z","level":"info","component":"LiveWS","message":"[LiveWS] Client connected: %s (%s) [%d total] f3cb871e 127.0.0.1 11"}
{"timestamp":"2026-07-28T10:08:02.546Z","level":"info","component":"LiveWS","message":"[LiveWS] Client disconnected: %s [%d remaining] f3cb871e 10"}
{"timestamp":"2026-07-28T10:08:02.859Z","level":"info","component":"LiveWS","message":"[LiveWS] Client connected: %s (%s) [%d total] 7e8c8f25 127.0.0.1 11"}
{"timestamp":"2026-07-28T10:08:05.542Z","level":"info","component":"LiveWS","message":"[LiveWS] Client connected: %s (%s) [%d total] a4e80b6b 127.0.0.1 12"}
{"timestamp":"2026-07-28T10:08:05.545Z","level":"info","component":"LiveWS","message":"[LiveWS] Client disconnected: %s [%d remaining] a4e80b6b 11"}
{"timestamp":"2026-07-28T10:08:05.858Z","level":"info","component":"LiveWS","message":"[LiveWS] Client connected: %s (%s) [%d total] 0f492cb3 127.0.0.1 12"}
{"timestamp":"2026-07-28T10:08:08.553Z","level":"info","component":"LiveWS","message":"[LiveWS] Client connected: %s (%s) [%d total] 27014aa8 127.0.0.1 13"}
{"timestamp":"2026-07-28T10:08:08.556Z","level":"info","component":"LiveWS","message":"[LiveWS] Client disconnected: %s [%d remaining] 27014aa8 12"}
{"timestamp":"2026-07-28T10:08:08.871Z","level":"info","component":"LiveWS","message":"[LiveWS] Client connected: %s (%s) [%d total] 12d88e30 127.0.0.1 13"}
{"timestamp":"2026-07-28T10:08:11.556Z","level":"info","component":"LiveWS","message":"[LiveWS] Client connected: %s (%s) [%d total] 9148cb7f 127.0.0.1 14"}
{"timestamp":"2026-07-28T10:08:11.559Z","level":"info","component":"LiveWS","message":"[LiveWS] Client disconnected: %s [%d remaining] 9148cb7f 13"}
{"timestamp":"2026-07-28T10:08:11.874Z","level":"info","component":"LiveWS","message":"[LiveWS] Client connected: %s (%s) [%d total] def08ed2 127.0.0.1 14"}
{"timestamp":"2026-07-28T10:08:14.556Z","level":"info","component":"LiveWS","message":"[LiveWS] Client connected: %s (%s) [%d total] ff999165 127.0.0.1 15"}
{"timestamp":"2026-07-28T10:08:14.559Z","level":"info","component":"LiveWS","message":"[LiveWS] Client disconnected: %s [%d remaining] ff999165 14"}
{"timestamp":"2026-07-28T10:08:14.875Z","level":"info","component":"LiveWS","message":"[LiveWS] Client connected: %s (%s) [%d total] 717c695a 127.0.0.1 15"}
{"timestamp":"2026-07-28T10:08:16.382Z","level":"info","component":"LiveWS","message":"[LiveWS] Client disconnected: %s [%d remaining] 6cc771fd 11"}
{"timestamp":"2026-07-28T10:08:16.384Z","level":"info","component":"LiveWS","message":"[LiveWS] Client disconnected: %s [%d remaining] 7f36602d 11"}
{"timestamp":"2026-07-28T10:08:16.386Z","level":"info","component":"LiveWS","message":"[LiveWS] Client disconnected: %s [%d remaining] 0d7dd0c9 11"}
{"timestamp":"2026-07-28T10:08:16.387Z","level":"info","component":"LiveWS","message":"[LiveWS] Client disconnected: %s [%d remaining] b03bf9ce 11"}
{"timestamp":"2026-07-28T10:08:17.541Z","level":"info","component":"LiveWS","message":"[LiveWS] Client connected: %s (%s) [%d total] 2ed74440 127.0.0.1 12"}
{"timestamp":"2026-07-28T10:08:17.544Z","level":"info","component":"LiveWS","message":"[LiveWS] Client disconnected: %s [%d remaining] 2ed74440 11"}
{"timestamp":"2026-07-28T10:08:17.861Z","level":"info","component":"LiveWS","message":"[LiveWS] Client connected: %s (%s) [%d total] be916be7 127.0.0.1 12"}
{"timestamp":"2026-07-28T10:08:18.529Z","level":"info","component":"LiveWS","message":"[LiveWS] Client connected: %s (%s) [%d total] 2bfe1a9a 127.0.0.1 13"}
{"timestamp":"2026-07-28T10:08:18.533Z","level":"info","component":"LiveWS","message":"[LiveWS] Client disconnected: %s [%d remaining] 2bfe1a9a 12"}
{"timestamp":"2026-07-28T10:08:18.845Z","level":"info","component":"LiveWS","message":"[LiveWS] Client connected: %s (%s) [%d total] 2f0d4949 127.0.0.1 13"}
{"timestamp":"2026-07-28T10:08:27.557Z","level":"info","component":"LiveWS","message":"[LiveWS] Client connected: %s (%s) [%d total] d81963f4 127.0.0.1 14"}
{"timestamp":"2026-07-28T10:08:27.560Z","level":"info","component":"LiveWS","message":"[LiveWS] Client disconnected: %s [%d remaining] d81963f4 13"}
{"timestamp":"2026-07-28T10:08:27.874Z","level":"info","component":"LiveWS","message":"[LiveWS] Client connected: %s (%s) [%d total] fe5e6b8b 127.0.0.1 14"}
{"timestamp":"2026-07-28T10:08:30.544Z","level":"info","component":"LiveWS","message":"[LiveWS] Client connected: %s (%s) [%d total] 51a83abc 127.0.0.1 15"}
{"timestamp":"2026-07-28T10:08:30.546Z","level":"info","component":"LiveWS","message":"[LiveWS] Client disconnected: %s [%d remaining] 51a83abc 14"}
{"timestamp":"2026-07-28T10:08:30.860Z","level":"info","component":"LiveWS","message":"[LiveWS] Client connected: %s (%s) [%d total] 27df451a 127.0.0.1 15"}
{"timestamp":"2026-07-28T10:08:31.384Z","level":"info","component":"LiveWS","message":"[LiveWS] Client disconnected: %s [%d remaining] f8117925 11"}
{"timestamp":"2026-07-28T10:08:31.386Z","level":"info","component":"LiveWS","message":"[LiveWS] Client disconnected: %s [%d remaining] 96d611bc 11"}
{"timestamp":"2026-07-28T10:08:31.387Z","level":"info","component":"LiveWS","message":"[LiveWS] Client disconnected: %s [%d remaining] 3a6aa242 11"}
{"timestamp":"2026-07-28T10:08:31.388Z","level":"info","component":"LiveWS","message":"[LiveWS] Client disconnected: %s [%d remaining] 5204384f 11"}
{"timestamp":"2026-07-28T10:08:32.545Z","level":"info","component":"LiveWS","message":"[LiveWS] Client connected: %s (%s) [%d total] 0f0028d8 127.0.0.1 12"}
{"timestamp":"2026-07-28T10:08:32.548Z","level":"info","component":"LiveWS","message":"[LiveWS] Client disconnected: %s [%d remaining] 0f0028d8 11"}
{"timestamp":"2026-07-28T10:08:32.861Z","level":"info","component":"LiveWS","message":"[LiveWS] Client connected: %s (%s) [%d total] 399b0168 127.0.0.1 12"}
{"timestamp":"2026-07-28T10:08:33.528Z","level":"info","component":"LiveWS","message":"[LiveWS] Client connected: %s (%s) [%d total] bc1cca0a 127.0.0.1 13"}
{"timestamp":"2026-07-28T10:08:33.531Z","level":"info","component":"LiveWS","message":"[LiveWS] Client disconnected: %s [%d remaining] bc1cca0a 12"}
{"timestamp":"2026-07-28T10:08:33.846Z","level":"info","component":"LiveWS","message":"[LiveWS] Client connected: %s (%s) [%d total] 07b2fe49 127.0.0.1 13"}
{"timestamp":"2026-07-28T10:08:46.386Z","level":"info","component":"LiveWS","message":"[LiveWS] Client disconnected: %s [%d remaining] 12d88e30 8"}
{"timestamp":"2026-07-28T10:08:46.388Z","level":"info","component":"LiveWS","message":"[LiveWS] Client disconnected: %s [%d remaining] 0f492cb3 8"}
{"timestamp":"2026-07-28T10:08:46.389Z","level":"info","component":"LiveWS","message":"[LiveWS] Client disconnected: %s [%d remaining] 7e8c8f25 8"}
{"timestamp":"2026-07-28T10:08:46.390Z","level":"info","component":"LiveWS","message":"[LiveWS] Client disconnected: %s [%d remaining] 407d460c 8"}
{"timestamp":"2026-07-28T10:08:46.391Z","level":"info","component":"LiveWS","message":"[LiveWS] Client disconnected: %s [%d remaining] 7971c154 8"}
{"timestamp":"2026-07-28T10:08:48.544Z","level":"info","component":"LiveWS","message":"[LiveWS] Client connected: %s (%s) [%d total] 65e7eae0 127.0.0.1 9"}
{"timestamp":"2026-07-28T10:08:48.546Z","level":"info","component":"LiveWS","message":"[LiveWS] Client disconnected: %s [%d remaining] 65e7eae0 8"}
{"timestamp":"2026-07-28T10:08:48.860Z","level":"info","component":"LiveWS","message":"[LiveWS] Client connected: %s (%s) [%d total] ee71bad2 127.0.0.1 9"}
{"timestamp":"2026-07-28T10:08:50.542Z","level":"info","component":"LiveWS","message":"[LiveWS] Client connected: %s (%s) [%d total] 48db0c07 127.0.0.1 10"}
{"timestamp":"2026-07-28T10:08:50.544Z","level":"info","component":"LiveWS","message":"[LiveWS] Client disconnected: %s [%d remaining] 48db0c07 9"}
{"timestamp":"2026-07-28T10:08:50.860Z","level":"info","component":"LiveWS","message":"[LiveWS] Client connected: %s (%s) [%d total] e2c7d4a2 127.0.0.1 10"}
{"timestamp":"2026-07-28T10:08:53.544Z","level":"info","component":"LiveWS","message":"[LiveWS] Client connected: %s (%s) [%d total] ab6cab2d 127.0.0.1 11"}
{"timestamp":"2026-07-28T10:08:53.546Z","level":"info","component":"LiveWS","message":"[LiveWS] Client disconnected: %s [%d remaining] ab6cab2d 10"}
{"timestamp":"2026-07-28T10:08:53.861Z","level":"info","component":"LiveWS","message":"[LiveWS] Client connected: %s (%s) [%d total] c54cb6ea 127.0.0.1 11"}
{"timestamp":"2026-07-28T10:08:56.549Z","level":"info","component":"LiveWS","message":"[LiveWS] Client connected: %s (%s) [%d total] 98aa02b7 127.0.0.1 12"}
{"timestamp":"2026-07-28T10:08:56.552Z","level":"info","component":"LiveWS","message":"[LiveWS] Client disconnected: %s [%d remaining] 98aa02b7 11"}
{"timestamp":"2026-07-28T10:08:56.866Z","level":"info","component":"LiveWS","message":"[LiveWS] Client connected: %s (%s) [%d total] b4aede0e 127.0.0.1 12"}
{"timestamp":"2026-07-28T10:08:59.555Z","level":"info","component":"LiveWS","message":"[LiveWS] Client connected: %s (%s) [%d total] 2808cec0 127.0.0.1 13"}
{"timestamp":"2026-07-28T10:08:59.557Z","level":"info","component":"LiveWS","message":"[LiveWS] Client disconnected: %s [%d remaining] 2808cec0 12"}
{"timestamp":"2026-07-28T10:08:59.873Z","level":"info","component":"LiveWS","message":"[LiveWS] Client connected: %s (%s) [%d total] a794a9c6 127.0.0.1 13"}
{"timestamp":"2026-07-28T10:09:01.396Z","level":"info","component":"LiveWS","message":"[LiveWS] Client disconnected: %s [%d remaining] 2f0d4949 9"}
{"timestamp":"2026-07-28T10:09:01.398Z","level":"info","component":"LiveWS","message":"[LiveWS] Client disconnected: %s [%d remaining] be916be7 9"}
{"timestamp":"2026-07-28T10:09:01.400Z","level":"info","component":"LiveWS","message":"[LiveWS] Client disconnected: %s [%d remaining] 717c695a 9"}
{"timestamp":"2026-07-28T10:09:01.401Z","level":"info","component":"LiveWS","message":"[LiveWS] Client disconnected: %s [%d remaining] def08ed2 9"}
{"timestamp":"2026-07-28T10:09:02.543Z","level":"info","component":"LiveWS","message":"[LiveWS] Client connected: %s (%s) [%d total] 4676322e 127.0.0.1 10"}
{"timestamp":"2026-07-28T10:09:02.546Z","level":"info","component":"LiveWS","message":"[LiveWS] Client disconnected: %s [%d remaining] 4676322e 9"}
{"timestamp":"2026-07-28T10:09:02.861Z","level":"info","component":"LiveWS","message":"[LiveWS] Client connected: %s (%s) [%d total] 7ccb8852 127.0.0.1 10"}
{"timestamp":"2026-07-28T10:09:03.543Z","level":"info","component":"LiveWS","message":"[LiveWS] Client connected: %s (%s) [%d total] c4fe7367 127.0.0.1 11"}
{"timestamp":"2026-07-28T10:09:03.546Z","level":"info","component":"LiveWS","message":"[LiveWS] Client disconnected: %s [%d remaining] c4fe7367 10"}
{"timestamp":"2026-07-28T10:09:03.862Z","level":"info","component":"LiveWS","message":"[LiveWS] Client connected: %s (%s) [%d total] 7ebff237 127.0.0.1 11"}
{"timestamp":"2026-07-28T10:09:12.549Z","level":"info","component":"LiveWS","message":"[LiveWS] Client connected: %s (%s) [%d total] 262f5676 127.0.0.1 12"}
{"timestamp":"2026-07-28T10:09:12.552Z","level":"info","component":"LiveWS","message":"[LiveWS] Client disconnected: %s [%d remaining] 262f5676 11"}
{"timestamp":"2026-07-28T10:09:12.865Z","level":"info","component":"LiveWS","message":"[LiveWS] Client connected: %s (%s) [%d total] 173a31f2 127.0.0.1 12"}
{"timestamp":"2026-07-28T10:09:15.549Z","level":"info","component":"LiveWS","message":"[LiveWS] Client connected: %s (%s) [%d total] 1b624d0b 127.0.0.1 13"}
{"timestamp":"2026-07-28T10:09:15.552Z","level":"info","component":"LiveWS","message":"[LiveWS] Client disconnected: %s [%d remaining] 1b624d0b 12"}
{"timestamp":"2026-07-28T10:09:15.867Z","level":"info","component":"LiveWS","message":"[LiveWS] Client connected: %s (%s) [%d total] afcd3009 127.0.0.1 13"}
{"timestamp":"2026-07-28T10:09:16.406Z","level":"info","component":"LiveWS","message":"[LiveWS] Client disconnected: %s [%d remaining] 07b2fe49 9"}
{"timestamp":"2026-07-28T10:09:16.408Z","level":"info","component":"LiveWS","message":"[LiveWS] Client disconnected: %s [%d remaining] 399b0168 9"}
{"timestamp":"2026-07-28T10:09:16.409Z","level":"info","component":"LiveWS","message":"[LiveWS] Client disconnected: %s [%d remaining] 27df451a 9"}
{"timestamp":"2026-07-28T10:09:16.410Z","level":"info","component":"LiveWS","message":"[LiveWS] Client disconnected: %s [%d remaining] fe5e6b8b 9"}
{"timestamp":"2026-07-28T10:09:18.548Z","level":"info","component":"LiveWS","message":"[LiveWS] Client connected: %s (%s) [%d total] 01080875 127.0.0.1 10"}
{"timestamp":"2026-07-28T10:09:18.867Z","level":"info","component":"LiveWS","message":"[LiveWS] Client connected: %s (%s) [%d total] 9adb17da 127.0.0.1 11"}
{"timestamp":"2026-07-28T10:09:31.420Z","level":"info","component":"LiveWS","message":"[LiveWS] Client disconnected: %s [%d remaining] c54cb6ea 8"}
{"timestamp":"2026-07-28T10:09:31.422Z","level":"info","component":"LiveWS","message":"[LiveWS] Client disconnected: %s [%d remaining] e2c7d4a2 8"}
{"timestamp":"2026-07-28T10:09:31.424Z","level":"info","component":"LiveWS","message":"[LiveWS] Client disconnected: %s [%d remaining] ee71bad2 8"}
{"timestamp":"2026-07-28T10:09:33.548Z","level":"info","component":"LiveWS","message":"[LiveWS] Client connected: %s (%s) [%d total] 6f53f723 127.0.0.1 9"}
{"timestamp":"2026-07-28T10:09:33.551Z","level":"info","component":"LiveWS","message":"[LiveWS] Client disconnected: %s [%d remaining] 6f53f723 8"}
{"timestamp":"2026-07-28T10:09:33.866Z","level":"info","component":"LiveWS","message":"[LiveWS] Client connected: %s (%s) [%d total] f10e226c 127.0.0.1 9"}
{"timestamp":"2026-07-28T10:09:42.545Z","level":"info","component":"LiveWS","message":"[LiveWS] Client connected: %s (%s) [%d total] 932062d2 127.0.0.1 10"}
{"timestamp":"2026-07-28T10:09:42.549Z","level":"info","component":"LiveWS","message":"[LiveWS] Client disconnected: %s [%d remaining] 932062d2 9"}
{"timestamp":"2026-07-28T10:09:42.862Z","level":"info","component":"LiveWS","message":"[LiveWS] Client connected: %s (%s) [%d total] 5345820d 127.0.0.1 10"}
{"timestamp":"2026-07-28T10:09:45.543Z","level":"info","component":"LiveWS","message":"[LiveWS] Client connected: %s (%s) [%d total] afd34180 127.0.0.1 11"}
{"timestamp":"2026-07-28T10:09:45.545Z","level":"info","component":"LiveWS","message":"[LiveWS] Client disconnected: %s [%d remaining] afd34180 10"}
{"timestamp":"2026-07-28T10:09:45.862Z","level":"info","component":"LiveWS","message":"[LiveWS] Client connected: %s (%s) [%d total] 72674a9f 127.0.0.1 11"}
{"timestamp":"2026-07-28T10:09:46.434Z","level":"info","component":"LiveWS","message":"[LiveWS] Client disconnected: %s [%d remaining] 7ebff237 7"}
{"timestamp":"2026-07-28T10:09:46.436Z","level":"info","component":"LiveWS","message":"[LiveWS] Client disconnected: %s [%d remaining] 7ccb8852 7"}
{"timestamp":"2026-07-28T10:09:46.437Z","level":"info","component":"LiveWS","message":"[LiveWS] Client disconnected: %s [%d remaining] a794a9c6 7"}
{"timestamp":"2026-07-28T10:09:46.438Z","level":"info","component":"LiveWS","message":"[LiveWS] Client disconnected: %s [%d remaining] b4aede0e 7"}
{"timestamp":"2026-07-28T10:09:48.548Z","level":"info","component":"LiveWS","message":"[LiveWS] Client connected: %s (%s) [%d total] 81838639 127.0.0.1 8"}
{"timestamp":"2026-07-28T10:09:48.550Z","level":"info","component":"LiveWS","message":"[LiveWS] Client disconnected: %s [%d remaining] 81838639 7"}
{"timestamp":"2026-07-28T10:09:48.865Z","level":"info","component":"LiveWS","message":"[LiveWS] Client connected: %s (%s) [%d total] 24a22efc 127.0.0.1 8"}
{"timestamp":"2026-07-28T10:10:01.441Z","level":"info","component":"LiveWS","message":"[LiveWS] Client disconnected: %s [%d remaining] 9adb17da 4"}
{"timestamp":"2026-07-28T10:10:01.443Z","level":"info","component":"LiveWS","message":"[LiveWS] Client disconnected: %s [%d remaining] 01080875 4"}
{"timestamp":"2026-07-28T10:10:01.444Z","level":"info","component":"LiveWS","message":"[LiveWS] Client disconnected: %s [%d remaining] afcd3009 4"}
{"timestamp":"2026-07-28T10:10:01.447Z","level":"info","component":"LiveWS","message":"[LiveWS] Client disconnected: %s [%d remaining] 173a31f2 4"}
{"timestamp":"2026-07-28T10:10:03.550Z","level":"info","component":"LiveWS","message":"[LiveWS] Client connected: %s (%s) [%d total] 75a1a5cb 127.0.0.1 5"}
{"timestamp":"2026-07-28T10:10:03.553Z","level":"info","component":"LiveWS","message":"[LiveWS] Client disconnected: %s [%d remaining] 75a1a5cb 4"}
{"timestamp":"2026-07-28T10:10:03.866Z","level":"info","component":"LiveWS","message":"[LiveWS] Client connected: %s (%s) [%d total] 031aaa9f 127.0.0.1 5"}
{"timestamp":"2026-07-28T10:10:12.546Z","level":"info","component":"LiveWS","message":"[LiveWS] Client connected: %s (%s) [%d total] 4a6c2d8a 127.0.0.1 6"}
{"timestamp":"2026-07-28T10:10:12.549Z","level":"info","component":"LiveWS","message":"[LiveWS] Client disconnected: %s [%d remaining] 4a6c2d8a 5"}
{"timestamp":"2026-07-28T10:10:16.447Z","level":"info","component":"LiveWS","message":"[LiveWS] Client disconnected: %s [%d remaining] f10e226c 4"}
{"timestamp":"2026-07-28T10:10:31.461Z","level":"info","component":"LiveWS","message":"[LiveWS] Client disconnected: %s [%d remaining] 24a22efc 1"}
{"timestamp":"2026-07-28T10:10:31.463Z","level":"info","component":"LiveWS","message":"[LiveWS] Client disconnected: %s [%d remaining] 72674a9f 1"}
{"timestamp":"2026-07-28T10:10:31.464Z","level":"info","component":"LiveWS","message":"[LiveWS] Client disconnected: %s [%d remaining] 5345820d 1"}
{"timestamp":"2026-07-28T10:10:46.471Z","level":"info","component":"LiveWS","message":"[LiveWS] Client disconnected: %s [%d remaining] 031aaa9f 0"}
{"timestamp":"2026-07-28T10:11:16.361Z","level":"info","component":"LiveWS","message":"[LiveWS] Client connected: %s (%s) [%d total] 3ff3a3cd 127.0.0.1 1"}
{"timestamp":"2026-07-28T10:11:16.375Z","level":"info","component":"LiveWS","message":"[LiveWS] Client connected: %s (%s) [%d total] 5905b31d 127.0.0.1 2"}
{"timestamp":"2026-07-28T10:11:16.393Z","level":"info","component":"LiveWS","message":"[LiveWS] Client connected: %s (%s) [%d total] 55fbf91e 127.0.0.1 3"}
{"timestamp":"2026-07-28T10:11:16.406Z","level":"info","component":"LiveWS","message":"[LiveWS] Client connected: %s (%s) [%d total] eae9cb8e 127.0.0.1 4"}
{"timestamp":"2026-07-28T10:11:16.430Z","level":"info","component":"LiveWS","message":"[LiveWS] Client connected: %s (%s) [%d total] d72614e0 127.0.0.1 5"}
{"timestamp":"2026-07-28T10:11:16.673Z","level":"info","component":"LiveWS","message":"[LiveWS] Client connected: %s (%s) [%d total] d2c2af0f 127.0.0.1 6"}
{"timestamp":"2026-07-28T10:11:35.241Z","level":"info","component":"LiveWS","message":"[LiveWS] Client disconnected: %s [%d remaining] d2c2af0f 5"}
{"timestamp":"2026-07-28T10:11:35.557Z","level":"info","component":"LiveWS","message":"[LiveWS] Client connected: %s (%s) [%d total] 8e3c3939 127.0.0.1 6"}
{"timestamp":"2026-07-28T10:11:35.875Z","level":"info","component":"LiveWS","message":"[LiveWS] Client connected: %s (%s) [%d total] e6b99f04 127.0.0.1 7"}
{"timestamp":"2026-07-28T10:12:01.511Z","level":"info","component":"LiveWS","message":"[LiveWS] Client disconnected: %s [%d remaining] d72614e0 2"}
{"timestamp":"2026-07-28T10:12:01.513Z","level":"info","component":"LiveWS","message":"[LiveWS] Client disconnected: %s [%d remaining] eae9cb8e 2"}
{"timestamp":"2026-07-28T10:12:01.514Z","level":"info","component":"LiveWS","message":"[LiveWS] Client disconnected: %s [%d remaining] 55fbf91e 2"}
{"timestamp":"2026-07-28T10:12:01.516Z","level":"info","component":"LiveWS","message":"[LiveWS] Client disconnected: %s [%d remaining] 5905b31d 2"}
{"timestamp":"2026-07-28T10:12:01.517Z","level":"info","component":"LiveWS","message":"[LiveWS] Client disconnected: %s [%d remaining] 3ff3a3cd 2"}
{"timestamp":"2026-07-28T10:12:04.542Z","level":"info","component":"LiveWS","message":"[LiveWS] Client connected: %s (%s) [%d total] 1bd7ee73 127.0.0.1 3"}
{"timestamp":"2026-07-28T10:12:04.545Z","level":"info","component":"LiveWS","message":"[LiveWS] Client disconnected: %s [%d remaining] 1bd7ee73 2"}
{"timestamp":"2026-07-28T10:12:04.860Z","level":"info","component":"LiveWS","message":"[LiveWS] Client connected: %s (%s) [%d total] 62f71cd5 127.0.0.1 3"}
{"timestamp":"2026-07-28T10:12:07.547Z","level":"info","component":"LiveWS","message":"[LiveWS] Client connected: %s (%s) [%d total] f19bb24e 127.0.0.1 4"}
{"timestamp":"2026-07-28T10:12:07.550Z","level":"info","component":"LiveWS","message":"[LiveWS] Client disconnected: %s [%d remaining] f19bb24e 3"}
{"timestamp":"2026-07-28T10:12:07.865Z","level":"info","component":"LiveWS","message":"[LiveWS] Client connected: %s (%s) [%d total] a9623245 127.0.0.1 4"}
{"timestamp":"2026-07-28T10:12:10.548Z","level":"info","component":"LiveWS","message":"[LiveWS] Client connected: %s (%s) [%d total] 89514663 127.0.0.1 5"}
{"timestamp":"2026-07-28T10:12:10.551Z","level":"info","component":"LiveWS","message":"[LiveWS] Client disconnected: %s [%d remaining] 89514663 4"}
{"timestamp":"2026-07-28T10:12:10.865Z","level":"info","component":"LiveWS","message":"[LiveWS] Client connected: %s (%s) [%d total] 62255d5c 127.0.0.1 5"}
{"timestamp":"2026-07-28T10:12:15.550Z","level":"info","component":"LiveWS","message":"[LiveWS] Client connected: %s (%s) [%d total] 64ef387a 127.0.0.1 6"}
{"timestamp":"2026-07-28T10:12:15.553Z","level":"info","component":"LiveWS","message":"[LiveWS] Client disconnected: %s [%d remaining] 64ef387a 5"}
{"timestamp":"2026-07-28T10:12:15.869Z","level":"info","component":"LiveWS","message":"[LiveWS] Client connected: %s (%s) [%d total] f136768c 127.0.0.1 6"}
{"timestamp":"2026-07-28T10:12:16.517Z","level":"info","component":"LiveWS","message":"[LiveWS] Client disconnected: %s [%d remaining] e6b99f04 4"}
{"timestamp":"2026-07-28T10:12:16.520Z","level":"info","component":"LiveWS","message":"[LiveWS] Client disconnected: %s [%d remaining] 8e3c3939 4"}
{"timestamp":"2026-07-28T10:12:18.550Z","level":"info","component":"LiveWS","message":"[LiveWS] Client connected: %s (%s) [%d total] d9281230 127.0.0.1 5"}
{"timestamp":"2026-07-28T10:12:18.552Z","level":"info","component":"LiveWS","message":"[LiveWS] Client disconnected: %s [%d remaining] d9281230 4"}
{"timestamp":"2026-07-28T10:12:18.867Z","level":"info","component":"LiveWS","message":"[LiveWS] Client connected: %s (%s) [%d total] d0b88067 127.0.0.1 5"}
{"timestamp":"2026-07-28T10:12:19.548Z","level":"info","component":"LiveWS","message":"[LiveWS] Client connected: %s (%s) [%d total] 97452ee1 127.0.0.1 6"}
{"timestamp":"2026-07-28T10:12:19.549Z","level":"info","component":"LiveWS","message":"[LiveWS] Client disconnected: %s [%d remaining] 97452ee1 5"}
{"timestamp":"2026-07-28T10:12:19.865Z","level":"info","component":"LiveWS","message":"[LiveWS] Client connected: %s (%s) [%d total] 4ec6a759 127.0.0.1 6"}
{"timestamp":"2026-07-28T10:12:22.546Z","level":"info","component":"LiveWS","message":"[LiveWS] Client connected: %s (%s) [%d total] a02110b5 127.0.0.1 7"}
{"timestamp":"2026-07-28T10:12:22.548Z","level":"info","component":"LiveWS","message":"[LiveWS] Client disconnected: %s [%d remaining] a02110b5 6"}
{"timestamp":"2026-07-28T10:12:22.865Z","level":"info","component":"LiveWS","message":"[LiveWS] Client connected: %s (%s) [%d total] b4e8f3f5 127.0.0.1 7"}
{"timestamp":"2026-07-28T10:12:25.549Z","level":"info","component":"LiveWS","message":"[LiveWS] Client connected: %s (%s) [%d total] 65c0d79e 127.0.0.1 8"}
{"timestamp":"2026-07-28T10:12:25.552Z","level":"info","component":"LiveWS","message":"[LiveWS] Client disconnected: %s [%d remaining] 65c0d79e 7"}
{"timestamp":"2026-07-28T10:12:25.867Z","level":"info","component":"LiveWS","message":"[LiveWS] Client connected: %s (%s) [%d total] c74f7000 127.0.0.1 8"}
{"timestamp":"2026-07-28T10:12:28.547Z","level":"info","component":"LiveWS","message":"[LiveWS] Client connected: %s (%s) [%d total] 70252241 127.0.0.1 9"}
{"timestamp":"2026-07-28T10:12:28.550Z","level":"info","component":"LiveWS","message":"[LiveWS] Client disconnected: %s [%d remaining] 70252241 8"}
{"timestamp":"2026-07-28T10:12:28.864Z","level":"info","component":"LiveWS","message":"[LiveWS] Client connected: %s (%s) [%d total] cca6b432 127.0.0.1 9"}
{"timestamp":"2026-07-28T10:12:31.546Z","level":"info","component":"LiveWS","message":"[LiveWS] Client connected: %s (%s) [%d total] 6ca9b3b6 127.0.0.1 10"}
{"timestamp":"2026-07-28T10:12:31.548Z","level":"info","component":"LiveWS","message":"[LiveWS] Client disconnected: %s [%d remaining] 6ca9b3b6 9"}
{"timestamp":"2026-07-28T10:12:31.865Z","level":"info","component":"LiveWS","message":"[LiveWS] Client connected: %s (%s) [%d total] c269404d 127.0.0.1 10"}
{"timestamp":"2026-07-28T10:12:32.549Z","level":"info","component":"LiveWS","message":"[LiveWS] Client connected: %s (%s) [%d total] 71175202 127.0.0.1 11"}
{"timestamp":"2026-07-28T10:12:32.551Z","level":"info","component":"LiveWS","message":"[LiveWS] Client disconnected: %s [%d remaining] 71175202 10"}
{"timestamp":"2026-07-28T10:12:46.538Z","level":"info","component":"LiveWS","message":"[LiveWS] Client disconnected: %s [%d remaining] 62255d5c 7"}
{"timestamp":"2026-07-28T10:12:46.540Z","level":"info","component":"LiveWS","message":"[LiveWS] Client disconnected: %s [%d remaining] a9623245 7"}
{"timestamp":"2026-07-28T10:12:46.542Z","level":"info","component":"LiveWS","message":"[LiveWS] Client disconnected: %s [%d remaining] 62f71cd5 7"}
{"timestamp":"2026-07-28T10:13:01.548Z","level":"info","component":"LiveWS","message":"[LiveWS] Client disconnected: %s [%d remaining] c74f7000 2"}
{"timestamp":"2026-07-28T10:13:01.551Z","level":"info","component":"LiveWS","message":"[LiveWS] Client disconnected: %s [%d remaining] b4e8f3f5 2"}
{"timestamp":"2026-07-28T10:13:01.552Z","level":"info","component":"LiveWS","message":"[LiveWS] Client disconnected: %s [%d remaining] 4ec6a759 2"}
{"timestamp":"2026-07-28T10:13:01.552Z","level":"info","component":"LiveWS","message":"[LiveWS] Client disconnected: %s [%d remaining] d0b88067 2"}
{"timestamp":"2026-07-28T10:13:01.553Z","level":"info","component":"LiveWS","message":"[LiveWS] Client disconnected: %s [%d remaining] f136768c 2"}
{"timestamp":"2026-07-28T10:13:16.555Z","level":"info","component":"LiveWS","message":"[LiveWS] Client disconnected: %s [%d remaining] c269404d 0"}
{"timestamp":"2026-07-28T10:13:16.557Z","level":"info","component":"LiveWS","message":"[LiveWS] Client disconnected: %s [%d remaining] cca6b432 0"}
{"timestamp":"2026-07-28T10:13:46.385Z","level":"info","component":"LiveWS","message":"[LiveWS] Client connected: %s (%s) [%d total] 9a625c8a 127.0.0.1 1"}
{"timestamp":"2026-07-28T10:13:46.402Z","level":"info","component":"LiveWS","message":"[LiveWS] Client connected: %s (%s) [%d total] 19843af8 127.0.0.1 2"}
{"timestamp":"2026-07-28T10:13:46.417Z","level":"info","component":"LiveWS","message":"[LiveWS] Client connected: %s (%s) [%d total] 4060f8a8 127.0.0.1 3"}
{"timestamp":"2026-07-28T10:13:46.433Z","level":"info","component":"LiveWS","message":"[LiveWS] Client connected: %s (%s) [%d total] 5bde82fd 127.0.0.1 4"}
{"timestamp":"2026-07-28T10:13:46.704Z","level":"info","component":"LiveWS","message":"[LiveWS] Client connected: %s (%s) [%d total] 8170f225 127.0.0.1 5"}
{"timestamp":"2026-07-28T10:14:31.599Z","level":"info","component":"LiveWS","message":"[LiveWS] Client disconnected: %s [%d remaining] 8170f225 0"}
{"timestamp":"2026-07-28T10:14:31.602Z","level":"info","component":"LiveWS","message":"[LiveWS] Client disconnected: %s [%d remaining] 5bde82fd 0"}
{"timestamp":"2026-07-28T10:14:31.603Z","level":"info","component":"LiveWS","message":"[LiveWS] Client disconnected: %s [%d remaining] 4060f8a8 0"}
{"timestamp":"2026-07-28T10:14:31.604Z","level":"info","component":"LiveWS","message":"[LiveWS] Client disconnected: %s [%d remaining] 19843af8 0"}
{"timestamp":"2026-07-28T10:14:31.605Z","level":"info","component":"LiveWS","message":"[LiveWS] Client disconnected: %s [%d remaining] 9a625c8a 0"}
{"timestamp":"2026-07-28T10:14:33.552Z","level":"info","component":"LiveWS","message":"[LiveWS] Client connected: %s (%s) [%d total] bce7fc26 127.0.0.1 1"}
{"timestamp":"2026-07-28T10:14:33.554Z","level":"info","component":"LiveWS","message":"[LiveWS] Client disconnected: %s [%d remaining] bce7fc26 0"}
{"timestamp":"2026-07-28T10:14:33.870Z","level":"info","component":"LiveWS","message":"[LiveWS] Client connected: %s (%s) [%d total] 6f29cba2 127.0.0.1 1"}
{"timestamp":"2026-07-28T10:14:34.552Z","level":"info","component":"LiveWS","message":"[LiveWS] Client connected: %s (%s) [%d total] 9a487588 127.0.0.1 2"}
{"timestamp":"2026-07-28T10:14:34.555Z","level":"info","component":"LiveWS","message":"[LiveWS] Client disconnected: %s [%d remaining] 9a487588 1"}
{"timestamp":"2026-07-28T10:14:34.868Z","level":"info","component":"LiveWS","message":"[LiveWS] Client connected: %s (%s) [%d total] 1ea8ebde 127.0.0.1 2"}
{"timestamp":"2026-07-28T10:14:37.556Z","level":"info","component":"LiveWS","message":"[LiveWS] Client connected: %s (%s) [%d total] 77c6f761 127.0.0.1 3"}
{"timestamp":"2026-07-28T10:14:37.559Z","level":"info","component":"LiveWS","message":"[LiveWS] Client disconnected: %s [%d remaining] 77c6f761 2"}
{"timestamp":"2026-07-28T10:14:37.873Z","level":"info","component":"LiveWS","message":"[LiveWS] Client connected: %s (%s) [%d total] cc3d0a3b 127.0.0.1 3"}
{"timestamp":"2026-07-28T10:14:40.538Z","level":"info","component":"LiveWS","message":"[LiveWS] Client connected: %s (%s) [%d total] 55108e93 127.0.0.1 4"}
{"timestamp":"2026-07-28T10:14:40.540Z","level":"info","component":"LiveWS","message":"[LiveWS] Client disconnected: %s [%d remaining] 55108e93 3"}
{"timestamp":"2026-07-28T10:14:40.857Z","level":"info","component":"LiveWS","message":"[LiveWS] Client connected: %s (%s) [%d total] 778367e7 127.0.0.1 4"}
{"timestamp":"2026-07-28T10:14:43.546Z","level":"info","component":"LiveWS","message":"[LiveWS] Client connected: %s (%s) [%d total] dc775942 127.0.0.1 5"}
{"timestamp":"2026-07-28T10:14:43.547Z","level":"info","component":"LiveWS","message":"[LiveWS] Client disconnected: %s [%d remaining] dc775942 4"}
{"timestamp":"2026-07-28T10:14:43.865Z","level":"info","component":"LiveWS","message":"[LiveWS] Client connected: %s (%s) [%d total] f0586d81 127.0.0.1 5"}
{"timestamp":"2026-07-28T10:14:46.535Z","level":"info","component":"LiveWS","message":"[LiveWS] Client connected: %s (%s) [%d total] 106f9e9f 127.0.0.1 6"}
{"timestamp":"2026-07-28T10:14:46.538Z","level":"info","component":"LiveWS","message":"[LiveWS] Client disconnected: %s [%d remaining] 106f9e9f 5"}
{"timestamp":"2026-07-28T10:14:46.847Z","level":"info","component":"LiveWS","message":"[LiveWS] Client connected: %s (%s) [%d total] 39fecdd6 127.0.0.1 6"}
{"timestamp":"2026-07-28T10:14:48.551Z","level":"info","component":"LiveWS","message":"[LiveWS] Client connected: %s (%s) [%d total] 4beef19d 127.0.0.1 7"}
{"timestamp":"2026-07-28T10:14:48.554Z","level":"info","component":"LiveWS","message":"[LiveWS] Client disconnected: %s [%d remaining] 4beef19d 6"}
{"timestamp":"2026-07-28T10:14:48.859Z","level":"info","component":"LiveWS","message":"[LiveWS] Client connected: %s (%s) [%d total] 78ecf107 127.0.0.1 7"}
{"timestamp":"2026-07-28T10:14:51.547Z","level":"info","component":"LiveWS","message":"[LiveWS] Client connected: %s (%s) [%d total] 3853e3e1 127.0.0.1 8"}
{"timestamp":"2026-07-28T10:14:51.551Z","level":"info","component":"LiveWS","message":"[LiveWS] Client disconnected: %s [%d remaining] 3853e3e1 7"}
{"timestamp":"2026-07-28T10:14:51.864Z","level":"info","component":"LiveWS","message":"[LiveWS] Client connected: %s (%s) [%d total] 5fd0323e 127.0.0.1 8"}
{"timestamp":"2026-07-28T10:14:54.547Z","level":"info","component":"LiveWS","message":"[LiveWS] Client connected: %s (%s) [%d total] 3f2a903d 127.0.0.1 9"}
{"timestamp":"2026-07-28T10:14:54.551Z","level":"info","component":"LiveWS","message":"[LiveWS] Client disconnected: %s [%d remaining] 3f2a903d 8"}
{"timestamp":"2026-07-28T10:14:54.856Z","level":"info","component":"LiveWS","message":"[LiveWS] Client connected: %s (%s) [%d total] f951b2eb 127.0.0.1 9"}
{"timestamp":"2026-07-28T10:14:57.535Z","level":"info","component":"LiveWS","message":"[LiveWS] Client connected: %s (%s) [%d total] aadfc669 127.0.0.1 10"}
{"timestamp":"2026-07-28T10:14:57.538Z","level":"info","component":"LiveWS","message":"[LiveWS] Client disconnected: %s [%d remaining] aadfc669 9"}
{"timestamp":"2026-07-28T10:14:57.856Z","level":"info","component":"LiveWS","message":"[LiveWS] Client connected: %s (%s) [%d total] b3899113 127.0.0.1 10"}
{"timestamp":"2026-07-28T10:15:00.544Z","level":"info","component":"LiveWS","message":"[LiveWS] Client connected: %s (%s) [%d total] 603937db 127.0.0.1 11"}
{"timestamp":"2026-07-28T10:15:00.548Z","level":"info","component":"LiveWS","message":"[LiveWS] Client disconnected: %s [%d remaining] 603937db 10"}
{"timestamp":"2026-07-28T10:15:00.856Z","level":"info","component":"LiveWS","message":"[LiveWS] Client connected: %s (%s) [%d total] 647ea1b2 127.0.0.1 11"}
{"timestamp":"2026-07-28T10:15:02.542Z","level":"info","component":"LiveWS","message":"[LiveWS] Client connected: %s (%s) [%d total] 28c8e922 127.0.0.1 12"}
{"timestamp":"2026-07-28T10:15:02.545Z","level":"info","component":"LiveWS","message":"[LiveWS] Client disconnected: %s [%d remaining] 28c8e922 11"}
{"timestamp":"2026-07-28T10:15:02.858Z","level":"info","component":"LiveWS","message":"[LiveWS] Client connected: %s (%s) [%d total] d11e4409 127.0.0.1 12"}
{"timestamp":"2026-07-28T10:15:07.553Z","level":"info","component":"LiveWS","message":"[LiveWS] Client connected: %s (%s) [%d total] 1e472a31 127.0.0.1 13"}
{"timestamp":"2026-07-28T10:15:07.556Z","level":"info","component":"LiveWS","message":"[LiveWS] Client disconnected: %s [%d remaining] 1e472a31 12"}
{"timestamp":"2026-07-28T10:15:07.870Z","level":"info","component":"LiveWS","message":"[LiveWS] Client connected: %s (%s) [%d total] 2246318e 127.0.0.1 13"}
{"timestamp":"2026-07-28T10:15:10.548Z","level":"info","component":"LiveWS","message":"[LiveWS] Client connected: %s (%s) [%d total] 9aa09002 127.0.0.1 14"}
{"timestamp":"2026-07-28T10:15:10.552Z","level":"info","component":"LiveWS","message":"[LiveWS] Client disconnected: %s [%d remaining] 9aa09002 13"}
{"timestamp":"2026-07-28T10:15:10.864Z","level":"info","component":"LiveWS","message":"[LiveWS] Client connected: %s (%s) [%d total] 989c3674 127.0.0.1 14"}
{"timestamp":"2026-07-28T10:15:13.544Z","level":"info","component":"LiveWS","message":"[LiveWS] Client connected: %s (%s) [%d total] 8bad45d5 127.0.0.1 15"}
{"timestamp":"2026-07-28T10:15:13.548Z","level":"info","component":"LiveWS","message":"[LiveWS] Client disconnected: %s [%d remaining] 8bad45d5 14"}
{"timestamp":"2026-07-28T10:15:13.861Z","level":"info","component":"LiveWS","message":"[LiveWS] Client connected: %s (%s) [%d total] c391ab1a 127.0.0.1 15"}
{"timestamp":"2026-07-28T10:15:16.544Z","level":"info","component":"LiveWS","message":"[LiveWS] Client connected: %s (%s) [%d total] 0bdf9e68 127.0.0.1 16"}
{"timestamp":"2026-07-28T10:15:16.547Z","level":"info","component":"LiveWS","message":"[LiveWS] Client disconnected: %s [%d remaining] 0bdf9e68 15"}
{"timestamp":"2026-07-28T10:15:16.615Z","level":"info","component":"LiveWS","message":"[LiveWS] Client disconnected: %s [%d remaining] 778367e7 11"}
{"timestamp":"2026-07-28T10:15:16.617Z","level":"info","component":"LiveWS","message":"[LiveWS] Client disconnected: %s [%d remaining] cc3d0a3b 11"}
{"timestamp":"2026-07-28T10:15:16.618Z","level":"info","component":"LiveWS","message":"[LiveWS] Client disconnected: %s [%d remaining] 1ea8ebde 11"}
{"timestamp":"2026-07-28T10:15:16.620Z","level":"info","component":"LiveWS","message":"[LiveWS] Client disconnected: %s [%d remaining] 6f29cba2 11"}
{"timestamp":"2026-07-28T10:15:16.857Z","level":"info","component":"LiveWS","message":"[LiveWS] Client connected: %s (%s) [%d total] 128c101c 127.0.0.1 12"}
{"timestamp":"2026-07-28T10:15:18.543Z","level":"info","component":"LiveWS","message":"[LiveWS] Client connected: %s (%s) [%d total] ab7f39df 127.0.0.1 13"}
{"timestamp":"2026-07-28T10:15:18.550Z","level":"info","component":"LiveWS","message":"[LiveWS] Client disconnected: %s [%d remaining] ab7f39df 12"}
{"timestamp":"2026-07-28T10:15:18.858Z","level":"info","component":"LiveWS","message":"[LiveWS] Client connected: %s (%s) [%d total] f916b6e9 127.0.0.1 13"}
{"timestamp":"2026-07-28T10:15:19.540Z","level":"info","component":"LiveWS","message":"[LiveWS] Client connected: %s (%s) [%d total] bb520da2 127.0.0.1 14"}
{"timestamp":"2026-07-28T10:15:19.543Z","level":"info","component":"LiveWS","message":"[LiveWS] Client disconnected: %s [%d remaining] bb520da2 13"}
{"timestamp":"2026-07-28T10:15:19.857Z","level":"info","component":"LiveWS","message":"[LiveWS] Client connected: %s (%s) [%d total] dd010e06 127.0.0.1 14"}
{"timestamp":"2026-07-28T10:15:22.544Z","level":"info","component":"LiveWS","message":"[LiveWS] Client connected: %s (%s) [%d total] 05e1bd37 127.0.0.1 15"}
{"timestamp":"2026-07-28T10:15:22.548Z","level":"info","component":"LiveWS","message":"[LiveWS] Client disconnected: %s [%d remaining] 05e1bd37 14"}
{"timestamp":"2026-07-28T10:15:22.852Z","level":"info","component":"LiveWS","message":"[LiveWS] Client connected: %s (%s) [%d total] 07e000de 127.0.0.1 15"}
{"timestamp":"2026-07-28T10:15:25.538Z","level":"info","component":"LiveWS","message":"[LiveWS] Client connected: %s (%s) [%d total] 11d41c4c 127.0.0.1 16"}
{"timestamp":"2026-07-28T10:15:25.542Z","level":"info","component":"LiveWS","message":"[LiveWS] Client disconnected: %s [%d remaining] 11d41c4c 15"}
{"timestamp":"2026-07-28T10:15:25.845Z","level":"info","component":"LiveWS","message":"[LiveWS] Client connected: %s (%s) [%d total] 5bdce295 127.0.0.1 16"}
{"timestamp":"2026-07-28T10:15:28.550Z","level":"info","component":"LiveWS","message":"[LiveWS] Client connected: %s (%s) [%d total] c42dfd22 127.0.0.1 17"}
{"timestamp":"2026-07-28T10:15:28.553Z","level":"info","component":"LiveWS","message":"[LiveWS] Client disconnected: %s [%d remaining] c42dfd22 16"}
{"timestamp":"2026-07-28T10:15:28.866Z","level":"info","component":"LiveWS","message":"[LiveWS] Client connected: %s (%s) [%d total] 1d4a1f30 127.0.0.1 17"}
{"timestamp":"2026-07-28T10:15:31.548Z","level":"info","component":"LiveWS","message":"[LiveWS] Client connected: %s (%s) [%d total] e88317a1 127.0.0.1 18"}
{"timestamp":"2026-07-28T10:15:31.557Z","level":"info","component":"LiveWS","message":"[LiveWS] Client disconnected: %s [%d remaining] e88317a1 17"}
{"timestamp":"2026-07-28T10:15:31.621Z","level":"info","component":"LiveWS","message":"[LiveWS] Client disconnected: %s [%d remaining] f951b2eb 12"}
{"timestamp":"2026-07-28T10:15:31.624Z","level":"info","component":"LiveWS","message":"[LiveWS] Client disconnected: %s [%d remaining] 5fd0323e 12"}
{"timestamp":"2026-07-28T10:15:31.626Z","level":"info","component":"LiveWS","message":"[LiveWS] Client disconnected: %s [%d remaining] 78ecf107 12"}
{"timestamp":"2026-07-28T10:15:31.627Z","level":"info","component":"LiveWS","message":"[LiveWS] Client disconnected: %s [%d remaining] 39fecdd6 12"}
{"timestamp":"2026-07-28T10:15:31.628Z","level":"info","component":"LiveWS","message":"[LiveWS] Client disconnected: %s [%d remaining] f0586d81 12"}
{"timestamp":"2026-07-28T10:15:31.880Z","level":"info","component":"LiveWS","message":"[LiveWS] Client connected: %s (%s) [%d total] d52eaf08 127.0.0.1 13"}
{"timestamp":"2026-07-28T10:15:33.542Z","level":"info","component":"LiveWS","message":"[LiveWS] Client connected: %s (%s) [%d total] e92f9f74 127.0.0.1 14"}
{"timestamp":"2026-07-28T10:15:33.859Z","level":"info","component":"LiveWS","message":"[LiveWS] Client connected: %s (%s) [%d total] 43d5ed73 127.0.0.1 15"}
{"timestamp":"2026-07-28T10:15:34.240Z","level":"info","component":"LiveWS","message":"[LiveWS] Client disconnected: %s [%d remaining] 43d5ed73 14"}
{"timestamp":"2026-07-28T10:15:34.558Z","level":"info","component":"LiveWS","message":"[LiveWS] Client connected: %s (%s) [%d total] 8c0ce33c 127.0.0.1 15"}
{"timestamp":"2026-07-28T10:15:34.875Z","level":"info","component":"LiveWS","message":"[LiveWS] Client connected: %s (%s) [%d total] d2f33497 127.0.0.1 16"}
{"timestamp":"2026-07-28T10:15:46.626Z","level":"info","component":"LiveWS","message":"[LiveWS] Client disconnected: %s [%d remaining] 989c3674 11"}
{"timestamp":"2026-07-28T10:15:46.628Z","level":"info","component":"LiveWS","message":"[LiveWS] Client disconnected: %s [%d remaining] 2246318e 11"}
{"timestamp":"2026-07-28T10:15:46.630Z","level":"info","component":"LiveWS","message":"[LiveWS] Client disconnected: %s [%d remaining] d11e4409 11"}
{"timestamp":"2026-07-28T10:15:46.632Z","level":"info","component":"LiveWS","message":"[LiveWS] Client disconnected: %s [%d remaining] 647ea1b2 11"}
{"timestamp":"2026-07-28T10:15:46.633Z","level":"info","component":"LiveWS","message":"[LiveWS] Client disconnected: %s [%d remaining] b3899113 11"}
{"timestamp":"2026-07-28T10:15:48.550Z","level":"info","component":"LiveWS","message":"[LiveWS] Client connected: %s (%s) [%d total] ca12d8a7 127.0.0.1 12"}
{"timestamp":"2026-07-28T10:15:48.867Z","level":"info","component":"LiveWS","message":"[LiveWS] Client connected: %s (%s) [%d total] b2e3a25f 127.0.0.1 13"}
{"timestamp":"2026-07-28T10:16:01.632Z","level":"info","component":"LiveWS","message":"[LiveWS] Client disconnected: %s [%d remaining] 5bdce295 7"}
{"timestamp":"2026-07-28T10:16:01.634Z","level":"info","component":"LiveWS","message":"[LiveWS] Client disconnected: %s [%d remaining] 07e000de 7"}
{"timestamp":"2026-07-28T10:16:01.635Z","level":"info","component":"LiveWS","message":"[LiveWS] Client disconnected: %s [%d remaining] dd010e06 7"}
{"timestamp":"2026-07-28T10:16:01.636Z","level":"info","component":"LiveWS","message":"[LiveWS] Client disconnected: %s [%d remaining] f916b6e9 7"}
{"timestamp":"2026-07-28T10:16:01.637Z","level":"info","component":"LiveWS","message":"[LiveWS] Client disconnected: %s [%d remaining] 128c101c 7"}
{"timestamp":"2026-07-28T10:16:01.638Z","level":"info","component":"LiveWS","message":"[LiveWS] Client disconnected: %s [%d remaining] c391ab1a 7"}
{"timestamp":"2026-07-28T10:16:03.549Z","level":"info","component":"LiveWS","message":"[LiveWS] Client connected: %s (%s) [%d total] c3ac0d8a 127.0.0.1 8"}
{"timestamp":"2026-07-28T10:16:03.865Z","level":"info","component":"LiveWS","message":"[LiveWS] Client connected: %s (%s) [%d total] 22c390bd 127.0.0.1 9"}
{"timestamp":"2026-07-28T10:16:16.643Z","level":"info","component":"LiveWS","message":"[LiveWS] Client disconnected: %s [%d remaining] d2f33497 4"}
{"timestamp":"2026-07-28T10:16:16.646Z","level":"info","component":"LiveWS","message":"[LiveWS] Client disconnected: %s [%d remaining] 8c0ce33c 4"}
{"timestamp":"2026-07-28T10:16:16.647Z","level":"info","component":"LiveWS","message":"[LiveWS] Client disconnected: %s [%d remaining] e92f9f74 4"}
{"timestamp":"2026-07-28T10:16:16.649Z","level":"info","component":"LiveWS","message":"[LiveWS] Client disconnected: %s [%d remaining] d52eaf08 4"}
{"timestamp":"2026-07-28T10:16:16.650Z","level":"info","component":"LiveWS","message":"[LiveWS] Client disconnected: %s [%d remaining] 1d4a1f30 4"}
{"timestamp":"2026-07-28T10:16:18.547Z","level":"info","component":"LiveWS","message":"[LiveWS] Client connected: %s (%s) [%d total] ff418f17 127.0.0.1 5"}
{"timestamp":"2026-07-28T10:16:18.551Z","level":"info","component":"LiveWS","message":"[LiveWS] Client disconnected: %s [%d remaining] ff418f17 4"}
{"timestamp":"2026-07-28T10:16:18.864Z","level":"info","component":"LiveWS","message":"[LiveWS] Client connected: %s (%s) [%d total] 69dd30f9 127.0.0.1 5"}
{"timestamp":"2026-07-28T10:16:19.545Z","level":"info","component":"LiveWS","message":"[LiveWS] Client connected: %s (%s) [%d total] 6422c9f1 127.0.0.1 6"}
{"timestamp":"2026-07-28T10:16:19.548Z","level":"info","component":"LiveWS","message":"[LiveWS] Client disconnected: %s [%d remaining] 6422c9f1 5"}
{"timestamp":"2026-07-28T10:16:19.861Z","level":"info","component":"LiveWS","message":"[LiveWS] Client connected: %s (%s) [%d total] bae00934 127.0.0.1 6"}
{"timestamp":"2026-07-28T10:16:22.558Z","level":"info","component":"LiveWS","message":"[LiveWS] Client connected: %s (%s) [%d total] e75e5ef5 127.0.0.1 7"}
{"timestamp":"2026-07-28T10:16:22.561Z","level":"info","component":"LiveWS","message":"[LiveWS] Client disconnected: %s [%d remaining] e75e5ef5 6"}
{"timestamp":"2026-07-28T10:16:22.876Z","level":"info","component":"LiveWS","message":"[LiveWS] Client connected: %s (%s) [%d total] 2e6dbeae 127.0.0.1 7"}
{"timestamp":"2026-07-28T10:16:25.544Z","level":"info","component":"LiveWS","message":"[LiveWS] Client connected: %s (%s) [%d total] 3ef6c7ae 127.0.0.1 8"}
{"timestamp":"2026-07-28T10:16:25.547Z","level":"info","component":"LiveWS","message":"[LiveWS] Client disconnected: %s [%d remaining] 3ef6c7ae 7"}
{"timestamp":"2026-07-28T10:16:25.861Z","level":"info","component":"LiveWS","message":"[LiveWS] Client connected: %s (%s) [%d total] 3e37469a 127.0.0.1 8"}
{"timestamp":"2026-07-28T10:16:28.544Z","level":"info","component":"LiveWS","message":"[LiveWS] Client connected: %s (%s) [%d total] e3d5fc38 127.0.0.1 9"}
{"timestamp":"2026-07-28T10:16:28.547Z","level":"info","component":"LiveWS","message":"[LiveWS] Client disconnected: %s [%d remaining] e3d5fc38 8"}
{"timestamp":"2026-07-28T10:16:28.863Z","level":"info","component":"LiveWS","message":"[LiveWS] Client connected: %s (%s) [%d total] ca306451 127.0.0.1 9"}
{"timestamp":"2026-07-28T10:16:31.558Z","level":"info","component":"LiveWS","message":"[LiveWS] Client connected: %s (%s) [%d total] 933dac99 127.0.0.1 10"}
{"timestamp":"2026-07-28T10:16:31.563Z","level":"info","component":"LiveWS","message":"[LiveWS] Client disconnected: %s [%d remaining] 933dac99 9"}
{"timestamp":"2026-07-28T10:16:31.651Z","level":"info","component":"LiveWS","message":"[LiveWS] Client disconnected: %s [%d remaining] b2e3a25f 7"}
{"timestamp":"2026-07-28T10:16:31.653Z","level":"info","component":"LiveWS","message":"[LiveWS] Client disconnected: %s [%d remaining] ca12d8a7 7"}
{"timestamp":"2026-07-28T10:16:31.877Z","level":"info","component":"LiveWS","message":"[LiveWS] Client connected: %s (%s) [%d total] 22551c6e 127.0.0.1 8"}
{"timestamp":"2026-07-28T10:16:33.555Z","level":"info","component":"LiveWS","message":"[LiveWS] Client connected: %s (%s) [%d total] 483d05f4 127.0.0.1 9"}
{"timestamp":"2026-07-28T10:16:33.558Z","level":"info","component":"LiveWS","message":"[LiveWS] Client disconnected: %s [%d remaining] 483d05f4 8"}
{"timestamp":"2026-07-28T10:16:33.872Z","level":"info","component":"LiveWS","message":"[LiveWS] Client connected: %s (%s) [%d total] ef577a15 127.0.0.1 9"}
{"timestamp":"2026-07-28T10:16:34.555Z","level":"info","component":"LiveWS","message":"[LiveWS] Client connected: %s (%s) [%d total] 73373443 127.0.0.1 10"}
{"timestamp":"2026-07-28T10:16:34.558Z","level":"info","component":"LiveWS","message":"[LiveWS] Client disconnected: %s [%d remaining] 73373443 9"}
{"timestamp":"2026-07-28T10:16:34.873Z","level":"info","component":"LiveWS","message":"[LiveWS] Client connected: %s (%s) [%d total] eca813d9 127.0.0.1 10"}
{"timestamp":"2026-07-28T10:16:37.543Z","level":"info","component":"LiveWS","message":"[LiveWS] Client connected: %s (%s) [%d total] e62c511b 127.0.0.1 11"}
{"timestamp":"2026-07-28T10:16:37.546Z","level":"info","component":"LiveWS","message":"[LiveWS] Client disconnected: %s [%d remaining] e62c511b 10"}
{"timestamp":"2026-07-28T10:16:37.860Z","level":"info","component":"LiveWS","message":"[LiveWS] Client connected: %s (%s) [%d total] f43b3b9e 127.0.0.1 11"}
{"timestamp":"2026-07-28T10:16:40.548Z","level":"info","component":"LiveWS","message":"[LiveWS] Client connected: %s (%s) [%d total] 178c9248 127.0.0.1 12"}
{"timestamp":"2026-07-28T10:16:40.552Z","level":"info","component":"LiveWS","message":"[LiveWS] Client disconnected: %s [%d remaining] 178c9248 11"}
{"timestamp":"2026-07-28T10:16:40.864Z","level":"info","component":"LiveWS","message":"[LiveWS] Client connected: %s (%s) [%d total] d99ac979 127.0.0.1 12"}
{"timestamp":"2026-07-28T10:16:43.550Z","level":"info","component":"LiveWS","message":"[LiveWS] Client connected: %s (%s) [%d total] ec9cde24 127.0.0.1 13"}
{"timestamp":"2026-07-28T10:16:43.553Z","level":"info","component":"LiveWS","message":"[LiveWS] Client disconnected: %s [%d remaining] ec9cde24 12"}
{"timestamp":"2026-07-28T10:16:43.865Z","level":"info","component":"LiveWS","message":"[LiveWS] Client connected: %s (%s) [%d total] 03d88511 127.0.0.1 13"}
{"timestamp":"2026-07-28T10:16:46.549Z","level":"info","component":"LiveWS","message":"[LiveWS] Client connected: %s (%s) [%d total] bbf6111d 127.0.0.1 14"}
{"timestamp":"2026-07-28T10:16:46.553Z","level":"info","component":"LiveWS","message":"[LiveWS] Client disconnected: %s [%d remaining] bbf6111d 13"}
{"timestamp":"2026-07-28T10:16:46.659Z","level":"info","component":"LiveWS","message":"[LiveWS] Client disconnected: %s [%d remaining] 22c390bd 11"}
{"timestamp":"2026-07-28T10:16:46.661Z","level":"info","component":"LiveWS","message":"[LiveWS] Client disconnected: %s [%d remaining] c3ac0d8a 11"}
{"timestamp":"2026-07-28T10:16:46.866Z","level":"info","component":"LiveWS","message":"[LiveWS] Client connected: %s (%s) [%d total] aad2587c 127.0.0.1 12"}
{"timestamp":"2026-07-28T10:16:47.547Z","level":"info","component":"LiveWS","message":"[LiveWS] Client connected: %s (%s) [%d total] 4ba92862 127.0.0.1 13"}
{"timestamp":"2026-07-28T10:16:47.550Z","level":"info","component":"LiveWS","message":"[LiveWS] Client disconnected: %s [%d remaining] 4ba92862 12"}
{"timestamp":"2026-07-28T10:16:47.866Z","level":"info","component":"LiveWS","message":"[LiveWS] Client connected: %s (%s) [%d total] c0eda08a 127.0.0.1 13"}
{"timestamp":"2026-07-28T10:16:49.546Z","level":"info","component":"LiveWS","message":"[LiveWS] Client connected: %s (%s) [%d total] fe2994a5 127.0.0.1 14"}
{"timestamp":"2026-07-28T10:16:49.549Z","level":"info","component":"LiveWS","message":"[LiveWS] Client disconnected: %s [%d remaining] fe2994a5 13"}
{"timestamp":"2026-07-28T10:16:49.863Z","level":"info","component":"LiveWS","message":"[LiveWS] Client connected: %s (%s) [%d total] a3c0fdd2 127.0.0.1 14"}
{"timestamp":"2026-07-28T10:16:52.547Z","level":"info","component":"LiveWS","message":"[LiveWS] Client connected: %s (%s) [%d total] b7119133 127.0.0.1 15"}
{"timestamp":"2026-07-28T10:16:52.550Z","level":"info","component":"LiveWS","message":"[LiveWS] Client disconnected: %s [%d remaining] b7119133 14"}
{"timestamp":"2026-07-28T10:16:52.865Z","level":"info","component":"LiveWS","message":"[LiveWS] Client connected: %s (%s) [%d total] 84fc1d4e 127.0.0.1 15"}
{"timestamp":"2026-07-28T10:16:55.552Z","level":"info","component":"LiveWS","message":"[LiveWS] Client connected: %s (%s) [%d total] 150cb7cf 127.0.0.1 16"}
{"timestamp":"2026-07-28T10:16:55.555Z","level":"info","component":"LiveWS","message":"[LiveWS] Client disconnected: %s [%d remaining] 150cb7cf 15"}
{"timestamp":"2026-07-28T10:16:55.870Z","level":"info","component":"LiveWS","message":"[LiveWS] Client connected: %s (%s) [%d total] b0df8c33 127.0.0.1 16"}
{"timestamp":"2026-07-28T10:16:58.554Z","level":"info","component":"LiveWS","message":"[LiveWS] Client connected: %s (%s) [%d total] 083a633d 127.0.0.1 17"}
{"timestamp":"2026-07-28T10:16:58.557Z","level":"info","component":"LiveWS","message":"[LiveWS] Client disconnected: %s [%d remaining] 083a633d 16"}
{"timestamp":"2026-07-28T10:16:58.873Z","level":"info","component":"LiveWS","message":"[LiveWS] Client connected: %s (%s) [%d total] 3c502932 127.0.0.1 17"}
{"timestamp":"2026-07-28T10:17:01.557Z","level":"info","component":"LiveWS","message":"[LiveWS] Client connected: %s (%s) [%d total] 39decb30 127.0.0.1 18"}
{"timestamp":"2026-07-28T10:17:01.561Z","level":"info","component":"LiveWS","message":"[LiveWS] Client disconnected: %s [%d remaining] 39decb30 17"}
{"timestamp":"2026-07-28T10:17:01.666Z","level":"info","component":"LiveWS","message":"[LiveWS] Client disconnected: %s [%d remaining] 3e37469a 13"}
{"timestamp":"2026-07-28T10:17:01.668Z","level":"info","component":"LiveWS","message":"[LiveWS] Client disconnected: %s [%d remaining] 2e6dbeae 13"}
{"timestamp":"2026-07-28T10:17:01.668Z","level":"info","component":"LiveWS","message":"[LiveWS] Client disconnected: %s [%d remaining] bae00934 13"}
{"timestamp":"2026-07-28T10:17:01.669Z","level":"info","component":"LiveWS","message":"[LiveWS] Client disconnected: %s [%d remaining] 69dd30f9 13"}
{"timestamp":"2026-07-28T10:17:01.873Z","level":"info","component":"LiveWS","message":"[LiveWS] Client connected: %s (%s) [%d total] f10b9deb 127.0.0.1 14"}
{"timestamp":"2026-07-28T10:17:02.555Z","level":"info","component":"LiveWS","message":"[LiveWS] Client connected: %s (%s) [%d total] ca2bcbd7 127.0.0.1 15"}
{"timestamp":"2026-07-28T10:17:02.558Z","level":"info","component":"LiveWS","message":"[LiveWS] Client disconnected: %s [%d remaining] ca2bcbd7 14"}
{"timestamp":"2026-07-28T10:17:02.876Z","level":"info","component":"LiveWS","message":"[LiveWS] Client connected: %s (%s) [%d total] c79493a9 127.0.0.1 15"}
{"timestamp":"2026-07-28T10:17:03.556Z","level":"info","component":"LiveWS","message":"[LiveWS] Client connected: %s (%s) [%d total] d4e12032 127.0.0.1 16"}
{"timestamp":"2026-07-28T10:17:03.560Z","level":"info","component":"LiveWS","message":"[LiveWS] Client disconnected: %s [%d remaining] d4e12032 15"}
{"timestamp":"2026-07-28T10:17:03.873Z","level":"info","component":"LiveWS","message":"[LiveWS] Client connected: %s (%s) [%d total] a26b277f 127.0.0.1 16"}
{"timestamp":"2026-07-28T10:17:04.555Z","level":"info","component":"LiveWS","message":"[LiveWS] Client connected: %s (%s) [%d total] 95ef8e80 127.0.0.1 17"}
{"timestamp":"2026-07-28T10:17:04.557Z","level":"info","component":"LiveWS","message":"[LiveWS] Client disconnected: %s [%d remaining] 95ef8e80 16"}
{"timestamp":"2026-07-28T10:17:04.870Z","level":"info","component":"LiveWS","message":"[LiveWS] Client connected: %s (%s) [%d total] 0fe10a13 127.0.0.1 17"}
{"timestamp":"2026-07-28T10:17:07.547Z","level":"info","component":"LiveWS","message":"[LiveWS] Client connected: %s (%s) [%d total] d9946c04 127.0.0.1 18"}
{"timestamp":"2026-07-28T10:17:07.550Z","level":"info","component":"LiveWS","message":"[LiveWS] Client disconnected: %s [%d remaining] d9946c04 17"}
{"timestamp":"2026-07-28T10:17:07.871Z","level":"info","component":"LiveWS","message":"[LiveWS] Client connected: %s (%s) [%d total] 2ada5a41 127.0.0.1 18"}
{"timestamp":"2026-07-28T10:17:10.548Z","level":"info","component":"LiveWS","message":"[LiveWS] Client connected: %s (%s) [%d total] 8dc33146 127.0.0.1 19"}
{"timestamp":"2026-07-28T10:17:10.552Z","level":"info","component":"LiveWS","message":"[LiveWS] Client disconnected: %s [%d remaining] 8dc33146 18"}
{"timestamp":"2026-07-28T10:17:10.856Z","level":"info","component":"LiveWS","message":"[LiveWS] Client connected: %s (%s) [%d total] 6fc3db16 127.0.0.1 19"}
{"timestamp":"2026-07-28T10:17:13.545Z","level":"info","component":"LiveWS","message":"[LiveWS] Client connected: %s (%s) [%d total] b8c4c8a3 127.0.0.1 20"}
{"timestamp":"2026-07-28T10:17:13.549Z","level":"info","component":"LiveWS","message":"[LiveWS] Client disconnected: %s [%d remaining] b8c4c8a3 19"}
{"timestamp":"2026-07-28T10:17:13.860Z","level":"info","component":"LiveWS","message":"[LiveWS] Client connected: %s (%s) [%d total] 412ff03e 127.0.0.1 20"}
{"timestamp":"2026-07-28T10:17:16.536Z","level":"info","component":"LiveWS","message":"[LiveWS] Client connected: %s (%s) [%d total] e9038c65 127.0.0.1 21"}
{"timestamp":"2026-07-28T10:17:16.539Z","level":"info","component":"LiveWS","message":"[LiveWS] Client disconnected: %s [%d remaining] e9038c65 20"}
{"timestamp":"2026-07-28T10:17:16.675Z","level":"info","component":"LiveWS","message":"[LiveWS] Client disconnected: %s [%d remaining] d99ac979 14"}
{"timestamp":"2026-07-28T10:17:16.677Z","level":"info","component":"LiveWS","message":"[LiveWS] Client disconnected: %s [%d remaining] f43b3b9e 14"}
{"timestamp":"2026-07-28T10:17:16.678Z","level":"info","component":"LiveWS","message":"[LiveWS] Client disconnected: %s [%d remaining] eca813d9 14"}
{"timestamp":"2026-07-28T10:17:16.679Z","level":"info","component":"LiveWS","message":"[LiveWS] Client disconnected: %s [%d remaining] ef577a15 14"}
{"timestamp":"2026-07-28T10:17:16.681Z","level":"info","component":"LiveWS","message":"[LiveWS] Client disconnected: %s [%d remaining] 22551c6e 14"}
{"timestamp":"2026-07-28T10:17:16.682Z","level":"info","component":"LiveWS","message":"[LiveWS] Client disconnected: %s [%d remaining] ca306451 14"}
{"timestamp":"2026-07-28T10:17:16.843Z","level":"info","component":"LiveWS","message":"[LiveWS] Client connected: %s (%s) [%d total] be17f1f7 127.0.0.1 15"}
{"timestamp":"2026-07-28T10:17:17.543Z","level":"info","component":"LiveWS","message":"[LiveWS] Client connected: %s (%s) [%d total] 9c148e63 127.0.0.1 16"}
{"timestamp":"2026-07-28T10:17:17.552Z","level":"info","component":"LiveWS","message":"[LiveWS] Client disconnected: %s [%d remaining] 9c148e63 15"}
{"timestamp":"2026-07-28T10:17:17.855Z","level":"info","component":"LiveWS","message":"[LiveWS] Client connected: %s (%s) [%d total] de19468a 127.0.0.1 16"}
{"timestamp":"2026-07-28T10:17:18.538Z","level":"info","component":"LiveWS","message":"[LiveWS] Client connected: %s (%s) [%d total] 40091b13 127.0.0.1 17"}
{"timestamp":"2026-07-28T10:17:18.849Z","level":"info","component":"LiveWS","message":"[LiveWS] Client connected: %s (%s) [%d total] f95feadd 127.0.0.1 18"}
{"timestamp":"2026-07-28T10:17:19.225Z","level":"info","component":"LiveWS","message":"[LiveWS] Client disconnected: %s [%d remaining] f95feadd 17"}
{"timestamp":"2026-07-28T10:17:19.544Z","level":"info","component":"LiveWS","message":"[LiveWS] Client connected: %s (%s) [%d total] ce5da005 127.0.0.1 18"}
{"timestamp":"2026-07-28T10:17:19.858Z","level":"info","component":"LiveWS","message":"[LiveWS] Client connected: %s (%s) [%d total] 89ffa412 127.0.0.1 19"}
{"timestamp":"2026-07-28T10:17:31.689Z","level":"info","component":"LiveWS","message":"[LiveWS] Client disconnected: %s [%d remaining] b0df8c33 13"}
{"timestamp":"2026-07-28T10:17:31.691Z","level":"info","component":"LiveWS","message":"[LiveWS] Client disconnected: %s [%d remaining] 84fc1d4e 13"}
{"timestamp":"2026-07-28T10:17:31.693Z","level":"info","component":"LiveWS","message":"[LiveWS] Client disconnected: %s [%d remaining] a3c0fdd2 13"}
{"timestamp":"2026-07-28T10:17:31.694Z","level":"info","component":"LiveWS","message":"[LiveWS] Client disconnected: %s [%d remaining] c0eda08a 13"}
{"timestamp":"2026-07-28T10:17:31.695Z","level":"info","component":"LiveWS","message":"[LiveWS] Client disconnected: %s [%d remaining] aad2587c 13"}
{"timestamp":"2026-07-28T10:17:31.696Z","level":"info","component":"LiveWS","message":"[LiveWS] Client disconnected: %s [%d remaining] 03d88511 13"}
{"timestamp":"2026-07-28T10:17:33.545Z","level":"info","component":"LiveWS","message":"[LiveWS] Client connected: %s (%s) [%d total] 078bbfb4 127.0.0.1 14"}
{"timestamp":"2026-07-28T10:17:33.548Z","level":"info","component":"LiveWS","message":"[LiveWS] Client disconnected: %s [%d remaining] 078bbfb4 13"}
{"timestamp":"2026-07-28T10:17:33.850Z","level":"info","component":"LiveWS","message":"[LiveWS] Client connected: %s (%s) [%d total] 042aec01 127.0.0.1 14"}
{"timestamp":"2026-07-28T10:17:46.692Z","level":"info","component":"LiveWS","message":"[LiveWS] Client disconnected: %s [%d remaining] 6fc3db16 7"}
{"timestamp":"2026-07-28T10:17:46.694Z","level":"info","component":"LiveWS","message":"[LiveWS] Client disconnected: %s [%d remaining] 2ada5a41 7"}
{"timestamp":"2026-07-28T10:17:46.696Z","level":"info","component":"LiveWS","message":"[LiveWS] Client disconnected: %s [%d remaining] 0fe10a13 7"}
{"timestamp":"2026-07-28T10:17:46.698Z","level":"info","component":"LiveWS","message":"[LiveWS] Client disconnected: %s [%d remaining] a26b277f 7"}
{"timestamp":"2026-07-28T10:17:46.699Z","level":"info","component":"LiveWS","message":"[LiveWS] Client disconnected: %s [%d remaining] c79493a9 7"}
{"timestamp":"2026-07-28T10:17:46.701Z","level":"info","component":"LiveWS","message":"[LiveWS] Client disconnected: %s [%d remaining] f10b9deb 7"}
{"timestamp":"2026-07-28T10:17:46.702Z","level":"info","component":"LiveWS","message":"[LiveWS] Client disconnected: %s [%d remaining] 3c502932 7"}
{"timestamp":"2026-07-28T10:17:48.544Z","level":"info","component":"LiveWS","message":"[LiveWS] Client connected: %s (%s) [%d total] 374d9218 127.0.0.1 8"}
{"timestamp":"2026-07-28T10:17:48.862Z","level":"info","component":"LiveWS","message":"[LiveWS] Client connected: %s (%s) [%d total] b1a03115 127.0.0.1 9"}
{"timestamp":"2026-07-28T10:18:01.691Z","level":"info","component":"LiveWS","message":"[LiveWS] Client disconnected: %s [%d remaining] 89ffa412 3"}
{"timestamp":"2026-07-28T10:18:01.694Z","level":"info","component":"LiveWS","message":"[LiveWS] Client disconnected: %s [%d remaining] ce5da005 3"}
{"timestamp":"2026-07-28T10:18:01.695Z","level":"info","component":"LiveWS","message":"[LiveWS] Client disconnected: %s [%d remaining] 40091b13 3"}
{"timestamp":"2026-07-28T10:18:01.697Z","level":"info","component":"LiveWS","message":"[LiveWS] Client disconnected: %s [%d remaining] de19468a 3"}
{"timestamp":"2026-07-28T10:18:01.699Z","level":"info","component":"LiveWS","message":"[LiveWS] Client disconnected: %s [%d remaining] be17f1f7 3"}
{"timestamp":"2026-07-28T10:18:01.700Z","level":"info","component":"LiveWS","message":"[LiveWS] Client disconnected: %s [%d remaining] 412ff03e 3"}
{"timestamp":"2026-07-28T10:18:03.554Z","level":"info","component":"LiveWS","message":"[LiveWS] Client connected: %s (%s) [%d total] 15a04cb3 127.0.0.1 4"}
{"timestamp":"2026-07-28T10:18:03.559Z","level":"info","component":"LiveWS","message":"[LiveWS] Client disconnected: %s [%d remaining] 15a04cb3 3"}
{"timestamp":"2026-07-28T10:18:03.871Z","level":"info","component":"LiveWS","message":"[LiveWS] Client connected: %s (%s) [%d total] a73cef10 127.0.0.1 4"}
{"timestamp":"2026-07-28T10:18:04.556Z","level":"info","component":"LiveWS","message":"[LiveWS] Client connected: %s (%s) [%d total] c9f06b65 127.0.0.1 5"}
{"timestamp":"2026-07-28T10:18:04.559Z","level":"info","component":"LiveWS","message":"[LiveWS] Client disconnected: %s [%d remaining] c9f06b65 4"}
{"timestamp":"2026-07-28T10:18:04.872Z","level":"info","component":"LiveWS","message":"[LiveWS] Client connected: %s (%s) [%d total] 88bd6c23 127.0.0.1 5"}
{"timestamp":"2026-07-28T10:18:09.554Z","level":"info","component":"LiveWS","message":"[LiveWS] Client connected: %s (%s) [%d total] c9a1cb68 127.0.0.1 6"}
{"timestamp":"2026-07-28T10:18:09.558Z","level":"info","component":"LiveWS","message":"[LiveWS] Client disconnected: %s [%d remaining] c9a1cb68 5"}
{"timestamp":"2026-07-28T10:18:09.872Z","level":"info","component":"LiveWS","message":"[LiveWS] Client connected: %s (%s) [%d total] e3713449 127.0.0.1 6"}
{"timestamp":"2026-07-28T10:18:12.558Z","level":"info","component":"LiveWS","message":"[LiveWS] Client connected: %s (%s) [%d total] 7f8a15b4 127.0.0.1 7"}
{"timestamp":"2026-07-28T10:18:12.560Z","level":"info","component":"LiveWS","message":"[LiveWS] Client disconnected: %s [%d remaining] 7f8a15b4 6"}
{"timestamp":"2026-07-28T10:18:12.873Z","level":"info","component":"LiveWS","message":"[LiveWS] Client connected: %s (%s) [%d total] 200d4bee 127.0.0.1 7"}
{"timestamp":"2026-07-28T10:18:15.546Z","level":"info","component":"LiveWS","message":"[LiveWS] Client connected: %s (%s) [%d total] 8bae54ec 127.0.0.1 8"}
{"timestamp":"2026-07-28T10:18:15.548Z","level":"info","component":"LiveWS","message":"[LiveWS] Client disconnected: %s [%d remaining] 8bae54ec 7"}
{"timestamp":"2026-07-28T10:18:15.865Z","level":"info","component":"LiveWS","message":"[LiveWS] Client connected: %s (%s) [%d total] 8fc1c596 127.0.0.1 8"}
{"timestamp":"2026-07-28T10:18:16.699Z","level":"info","component":"LiveWS","message":"[LiveWS] Client disconnected: %s [%d remaining] 042aec01 7"}
{"timestamp":"2026-07-28T10:18:18.540Z","level":"info","component":"LiveWS","message":"[LiveWS] Client connected: %s (%s) [%d total] 790fab79 127.0.0.1 8"}
{"timestamp":"2026-07-28T10:18:18.543Z","level":"info","component":"LiveWS","message":"[LiveWS] Client disconnected: %s [%d remaining] 790fab79 7"}
{"timestamp":"2026-07-28T10:18:18.854Z","level":"info","component":"LiveWS","message":"[LiveWS] Client connected: %s (%s) [%d total] 31c73467 127.0.0.1 8"}
{"timestamp":"2026-07-28T10:18:23.542Z","level":"info","component":"LiveWS","message":"[LiveWS] Client connected: %s (%s) [%d total] 5080761c 127.0.0.1 9"}
{"timestamp":"2026-07-28T10:18:23.546Z","level":"info","component":"LiveWS","message":"[LiveWS] Client disconnected: %s [%d remaining] 5080761c 8"}
{"timestamp":"2026-07-28T10:18:23.850Z","level":"info","component":"LiveWS","message":"[LiveWS] Client connected: %s (%s) [%d total] 849743b9 127.0.0.1 9"}
{"timestamp":"2026-07-28T10:18:26.543Z","level":"info","component":"LiveWS","message":"[LiveWS] Client connected: %s (%s) [%d total] 27364527 127.0.0.1 10"}
{"timestamp":"2026-07-28T10:18:26.547Z","level":"info","component":"LiveWS","message":"[LiveWS] Client disconnected: %s [%d remaining] 27364527 9"}
{"timestamp":"2026-07-28T10:18:26.859Z","level":"info","component":"LiveWS","message":"[LiveWS] Client connected: %s (%s) [%d total] d580114f 127.0.0.1 10"}
{"timestamp":"2026-07-28T10:18:29.554Z","level":"info","component":"LiveWS","message":"[LiveWS] Client connected: %s (%s) [%d total] f3e86618 127.0.0.1 11"}
{"timestamp":"2026-07-28T10:18:29.557Z","level":"info","component":"LiveWS","message":"[LiveWS] Client disconnected: %s [%d remaining] f3e86618 10"}
{"timestamp":"2026-07-28T10:18:29.868Z","level":"info","component":"LiveWS","message":"[LiveWS] Client connected: %s (%s) [%d total] a159f090 127.0.0.1 11"}
{"timestamp":"2026-07-28T10:18:31.712Z","level":"info","component":"LiveWS","message":"[LiveWS] Client disconnected: %s [%d remaining] b1a03115 9"}
{"timestamp":"2026-07-28T10:18:31.714Z","level":"info","component":"LiveWS","message":"[LiveWS] Client disconnected: %s [%d remaining] 374d9218 9"}
{"timestamp":"2026-07-28T10:18:32.540Z","level":"info","component":"LiveWS","message":"[LiveWS] Client connected: %s (%s) [%d total] e9dd60b2 127.0.0.1 10"}
{"timestamp":"2026-07-28T10:18:32.543Z","level":"info","component":"LiveWS","message":"[LiveWS] Client disconnected: %s [%d remaining] e9dd60b2 9"}
{"timestamp":"2026-07-28T10:18:32.849Z","level":"info","component":"LiveWS","message":"[LiveWS] Client connected: %s (%s) [%d total] a20ef412 127.0.0.1 10"}
{"timestamp":"2026-07-28T10:18:37.542Z","level":"info","component":"LiveWS","message":"[LiveWS] Client connected: %s (%s) [%d total] 6a827f26 127.0.0.1 11"}
{"timestamp":"2026-07-28T10:18:37.545Z","level":"info","component":"LiveWS","message":"[LiveWS] Client disconnected: %s [%d remaining] 6a827f26 10"}
{"timestamp":"2026-07-28T10:18:37.858Z","level":"info","component":"LiveWS","message":"[LiveWS] Client connected: %s (%s) [%d total] 81891341 127.0.0.1 11"}
{"timestamp":"2026-07-28T10:18:40.542Z","level":"info","component":"LiveWS","message":"[LiveWS] Client connected: %s (%s) [%d total] 38bdd915 127.0.0.1 12"}
{"timestamp":"2026-07-28T10:18:40.545Z","level":"info","component":"LiveWS","message":"[LiveWS] Client disconnected: %s [%d remaining] 38bdd915 11"}
{"timestamp":"2026-07-28T10:18:40.850Z","level":"info","component":"LiveWS","message":"[LiveWS] Client connected: %s (%s) [%d total] 74a18512 127.0.0.1 12"}
{"timestamp":"2026-07-28T10:18:43.549Z","level":"info","component":"LiveWS","message":"[LiveWS] Client connected: %s (%s) [%d total] 6f11f24a 127.0.0.1 13"}
{"timestamp":"2026-07-28T10:18:43.551Z","level":"info","component":"LiveWS","message":"[LiveWS] Client disconnected: %s [%d remaining] 6f11f24a 12"}
{"timestamp":"2026-07-28T10:18:43.862Z","level":"info","component":"LiveWS","message":"[LiveWS] Client connected: %s (%s) [%d total] c850c546 127.0.0.1 13"}
{"timestamp":"2026-07-28T10:18:46.552Z","level":"info","component":"LiveWS","message":"[LiveWS] Client connected: %s (%s) [%d total] 152db884 127.0.0.1 14"}
{"timestamp":"2026-07-28T10:18:46.556Z","level":"info","component":"LiveWS","message":"[LiveWS] Client disconnected: %s [%d remaining] 152db884 13"}
{"timestamp":"2026-07-28T10:18:46.725Z","level":"info","component":"LiveWS","message":"[LiveWS] Client disconnected: %s [%d remaining] e3713449 10"}
{"timestamp":"2026-07-28T10:18:46.727Z","level":"info","component":"LiveWS","message":"[LiveWS] Client disconnected: %s [%d remaining] 88bd6c23 10"}
{"timestamp":"2026-07-28T10:18:46.729Z","level":"info","component":"LiveWS","message":"[LiveWS] Client disconnected: %s [%d remaining] a73cef10 10"}
{"timestamp":"2026-07-28T10:18:46.869Z","level":"info","component":"LiveWS","message":"[LiveWS] Client connected: %s (%s) [%d total] bcc0d778 127.0.0.1 11"}
{"timestamp":"2026-07-28T10:18:48.550Z","level":"info","component":"LiveWS","message":"[LiveWS] Client connected: %s (%s) [%d total] e9802a16 127.0.0.1 12"}
{"timestamp":"2026-07-28T10:18:48.553Z","level":"info","component":"LiveWS","message":"[LiveWS] Client disconnected: %s [%d remaining] e9802a16 11"}
{"timestamp":"2026-07-28T10:18:48.868Z","level":"info","component":"LiveWS","message":"[LiveWS] Client connected: %s (%s) [%d total] fe5cc852 127.0.0.1 12"}
{"timestamp":"2026-07-28T10:18:49.551Z","level":"info","component":"LiveWS","message":"[LiveWS] Client connected: %s (%s) [%d total] 980e870f 127.0.0.1 13"}
{"timestamp":"2026-07-28T10:18:49.555Z","level":"info","component":"LiveWS","message":"[LiveWS] Client disconnected: %s [%d remaining] 980e870f 12"}
{"timestamp":"2026-07-28T10:18:49.868Z","level":"info","component":"LiveWS","message":"[LiveWS] Client connected: %s (%s) [%d total] 83c35010 127.0.0.1 13"}
{"timestamp":"2026-07-28T10:18:52.548Z","level":"info","component":"LiveWS","message":"[LiveWS] Client connected: %s (%s) [%d total] 00575b92 127.0.0.1 14"}
{"timestamp":"2026-07-28T10:18:52.551Z","level":"info","component":"LiveWS","message":"[LiveWS] Client disconnected: %s [%d remaining] 00575b92 13"}
{"timestamp":"2026-07-28T10:18:52.864Z","level":"info","component":"LiveWS","message":"[LiveWS] Client connected: %s (%s) [%d total] 3bc3394b 127.0.0.1 14"}
{"timestamp":"2026-07-28T10:18:55.547Z","level":"info","component":"LiveWS","message":"[LiveWS] Client connected: %s (%s) [%d total] 687e7d49 127.0.0.1 15"}
{"timestamp":"2026-07-28T10:18:55.551Z","level":"info","component":"LiveWS","message":"[LiveWS] Client disconnected: %s [%d remaining] 687e7d49 14"}
{"timestamp":"2026-07-28T10:18:55.864Z","level":"info","component":"LiveWS","message":"[LiveWS] Client connected: %s (%s) [%d total] 3665abcc 127.0.0.1 15"}
{"timestamp":"2026-07-28T10:18:58.547Z","level":"info","component":"LiveWS","message":"[LiveWS] Client connected: %s (%s) [%d total] 7cbf3a2b 127.0.0.1 16"}
{"timestamp":"2026-07-28T10:18:58.551Z","level":"info","component":"LiveWS","message":"[LiveWS] Client disconnected: %s [%d remaining] 7cbf3a2b 15"}
{"timestamp":"2026-07-28T10:18:58.866Z","level":"info","component":"LiveWS","message":"[LiveWS] Client connected: %s (%s) [%d total] ee004840 127.0.0.1 16"}
{"timestamp":"2026-07-28T10:19:01.549Z","level":"info","component":"LiveWS","message":"[LiveWS] Client connected: %s (%s) [%d total] d4c5dd4b 127.0.0.1 17"}
{"timestamp":"2026-07-28T10:19:01.552Z","level":"info","component":"LiveWS","message":"[LiveWS] Client disconnected: %s [%d remaining] d4c5dd4b 16"}
{"timestamp":"2026-07-28T10:19:01.738Z","level":"info","component":"LiveWS","message":"[LiveWS] Client disconnected: %s [%d remaining] 849743b9 12"}
{"timestamp":"2026-07-28T10:19:01.740Z","level":"info","component":"LiveWS","message":"[LiveWS] Client disconnected: %s [%d remaining] 31c73467 12"}
{"timestamp":"2026-07-28T10:19:01.742Z","level":"info","component":"LiveWS","message":"[LiveWS] Client disconnected: %s [%d remaining] 8fc1c596 12"}
{"timestamp":"2026-07-28T10:19:01.743Z","level":"info","component":"LiveWS","message":"[LiveWS] Client disconnected: %s [%d remaining] 200d4bee 12"}
{"timestamp":"2026-07-28T10:19:01.867Z","level":"info","component":"LiveWS","message":"[LiveWS] Client connected: %s (%s) [%d total] 7d3dc853 127.0.0.1 13"}
{"timestamp":"2026-07-28T10:19:02.549Z","level":"info","component":"LiveWS","message":"[LiveWS] Client connected: %s (%s) [%d total] 64aa5374 127.0.0.1 14"}
{"timestamp":"2026-07-28T10:19:02.551Z","level":"info","component":"LiveWS","message":"[LiveWS] Client disconnected: %s [%d remaining] 64aa5374 13"}
{"timestamp":"2026-07-28T10:19:02.867Z","level":"info","component":"LiveWS","message":"[LiveWS] Client connected: %s (%s) [%d total] 5cc7822e 127.0.0.1 14"}
{"timestamp":"2026-07-28T10:19:03.550Z","level":"info","component":"LiveWS","message":"[LiveWS] Client connected: %s (%s) [%d total] 26ddd04f 127.0.0.1 15"}
{"timestamp":"2026-07-28T10:19:03.553Z","level":"info","component":"LiveWS","message":"[LiveWS] Client disconnected: %s [%d remaining] 26ddd04f 14"}
{"timestamp":"2026-07-28T10:19:03.868Z","level":"info","component":"LiveWS","message":"[LiveWS] Client connected: %s (%s) [%d total] 38c994a7 127.0.0.1 15"}
{"timestamp":"2026-07-28T10:19:04.551Z","level":"info","component":"LiveWS","message":"[LiveWS] Client connected: %s (%s) [%d total] e6ab370c 127.0.0.1 16"}
{"timestamp":"2026-07-28T10:19:04.554Z","level":"info","component":"LiveWS","message":"[LiveWS] Client disconnected: %s [%d remaining] e6ab370c 15"}
{"timestamp":"2026-07-28T10:19:04.868Z","level":"info","component":"LiveWS","message":"[LiveWS] Client connected: %s (%s) [%d total] 79525a8b 127.0.0.1 16"}
{"timestamp":"2026-07-28T10:19:07.552Z","level":"info","component":"LiveWS","message":"[LiveWS] Client connected: %s (%s) [%d total] 3500bf75 127.0.0.1 17"}
{"timestamp":"2026-07-28T10:19:07.556Z","level":"info","component":"LiveWS","message":"[LiveWS] Client disconnected: %s [%d remaining] 3500bf75 16"}
{"timestamp":"2026-07-28T10:19:07.871Z","level":"info","component":"LiveWS","message":"[LiveWS] Client connected: %s (%s) [%d total] e936ffdf 127.0.0.1 17"}
{"timestamp":"2026-07-28T10:19:10.552Z","level":"info","component":"LiveWS","message":"[LiveWS] Client connected: %s (%s) [%d total] 6d7a5d36 127.0.0.1 18"}
{"timestamp":"2026-07-28T10:19:10.555Z","level":"info","component":"LiveWS","message":"[LiveWS] Client disconnected: %s [%d remaining] 6d7a5d36 17"}
{"timestamp":"2026-07-28T10:19:10.871Z","level":"info","component":"LiveWS","message":"[LiveWS] Client connected: %s (%s) [%d total] 7958c393 127.0.0.1 18"}
{"timestamp":"2026-07-28T10:19:13.556Z","level":"info","component":"LiveWS","message":"[LiveWS] Client connected: %s (%s) [%d total] 18956cbf 127.0.0.1 19"}
{"timestamp":"2026-07-28T10:19:13.558Z","level":"info","component":"LiveWS","message":"[LiveWS] Client disconnected: %s [%d remaining] 18956cbf 18"}
{"timestamp":"2026-07-28T10:19:13.873Z","level":"info","component":"LiveWS","message":"[LiveWS] Client connected: %s (%s) [%d total] 75f2259e 127.0.0.1 19"}
{"timestamp":"2026-07-28T10:19:16.540Z","level":"info","component":"LiveWS","message":"[LiveWS] Client connected: %s (%s) [%d total] 802d1647 127.0.0.1 20"}
{"timestamp":"2026-07-28T10:19:16.544Z","level":"info","component":"LiveWS","message":"[LiveWS] Client disconnected: %s [%d remaining] 802d1647 19"}
{"timestamp":"2026-07-28T10:19:16.746Z","level":"info","component":"LiveWS","message":"[LiveWS] Client disconnected: %s [%d remaining] 74a18512 14"}
{"timestamp":"2026-07-28T10:19:16.748Z","level":"info","component":"LiveWS","message":"[LiveWS] Client disconnected: %s [%d remaining] 81891341 14"}
{"timestamp":"2026-07-28T10:19:16.750Z","level":"info","component":"LiveWS","message":"[LiveWS] Client disconnected: %s [%d remaining] a20ef412 14"}
{"timestamp":"2026-07-28T10:19:16.751Z","level":"info","component":"LiveWS","message":"[LiveWS] Client disconnected: %s [%d remaining] a159f090 14"}
{"timestamp":"2026-07-28T10:19:16.753Z","level":"info","component":"LiveWS","message":"[LiveWS] Client disconnected: %s [%d remaining] d580114f 14"}
{"timestamp":"2026-07-28T10:19:16.860Z","level":"info","component":"LiveWS","message":"[LiveWS] Client connected: %s (%s) [%d total] f5eb2911 127.0.0.1 15"}
{"timestamp":"2026-07-28T10:19:18.558Z","level":"info","component":"LiveWS","message":"[LiveWS] Client connected: %s (%s) [%d total] aa48d25c 127.0.0.1 16"}
{"timestamp":"2026-07-28T10:19:18.875Z","level":"info","component":"LiveWS","message":"[LiveWS] Client connected: %s (%s) [%d total] f738dc91 127.0.0.1 17"}
{"timestamp":"2026-07-28T10:19:19.225Z","level":"info","component":"LiveWS","message":"[LiveWS] Client disconnected: %s [%d remaining] f738dc91 16"}
{"timestamp":"2026-07-28T10:19:19.541Z","level":"info","component":"LiveWS","message":"[LiveWS] Client connected: %s (%s) [%d total] 19a7823a 127.0.0.1 17"}
{"timestamp":"2026-07-28T10:19:19.860Z","level":"info","component":"LiveWS","message":"[LiveWS] Client connected: %s (%s) [%d total] 4f091190 127.0.0.1 18"}
{"timestamp":"2026-07-28T10:19:31.753Z","level":"info","component":"LiveWS","message":"[LiveWS] Client disconnected: %s [%d remaining] 3665abcc 12"}
{"timestamp":"2026-07-28T10:19:31.756Z","level":"info","component":"LiveWS","message":"[LiveWS] Client disconnected: %s [%d remaining] 3bc3394b 12"}
{"timestamp":"2026-07-28T10:19:31.758Z","level":"info","component":"LiveWS","message":"[LiveWS] Client disconnected: %s [%d remaining] 83c35010 12"}
{"timestamp":"2026-07-28T10:19:31.759Z","level":"info","component":"LiveWS","message":"[LiveWS] Client disconnected: %s [%d remaining] fe5cc852 12"}
{"timestamp":"2026-07-28T10:19:31.761Z","level":"info","component":"LiveWS","message":"[LiveWS] Client disconnected: %s [%d remaining] bcc0d778 12"}
{"timestamp":"2026-07-28T10:19:31.762Z","level":"info","component":"LiveWS","message":"[LiveWS] Client disconnected: %s [%d remaining] c850c546 12"}
{"timestamp":"2026-07-28T10:19:33.546Z","level":"info","component":"LiveWS","message":"[LiveWS] Client connected: %s (%s) [%d total] 594b5382 127.0.0.1 13"}
{"timestamp":"2026-07-28T10:19:33.550Z","level":"info","component":"LiveWS","message":"[LiveWS] Client disconnected: %s [%d remaining] 594b5382 12"}
{"timestamp":"2026-07-28T10:19:33.863Z","level":"info","component":"LiveWS","message":"[LiveWS] Client connected: %s (%s) [%d total] 99b63ab7 127.0.0.1 13"}
{"timestamp":"2026-07-28T10:19:46.756Z","level":"info","component":"LiveWS","message":"[LiveWS] Client disconnected: %s [%d remaining] 7958c393 6"}
{"timestamp":"2026-07-28T10:19:46.759Z","level":"info","component":"LiveWS","message":"[LiveWS] Client disconnected: %s [%d remaining] e936ffdf 6"}
{"timestamp":"2026-07-28T10:19:46.760Z","level":"info","component":"LiveWS","message":"[LiveWS] Client disconnected: %s [%d remaining] 79525a8b 6"}
{"timestamp":"2026-07-28T10:19:46.761Z","level":"info","component":"LiveWS","message":"[LiveWS] Client disconnected: %s [%d remaining] 38c994a7 6"}
{"timestamp":"2026-07-28T10:19:46.762Z","level":"info","component":"LiveWS","message":"[LiveWS] Client disconnected: %s [%d remaining] 5cc7822e 6"}
{"timestamp":"2026-07-28T10:19:46.763Z","level":"info","component":"LiveWS","message":"[LiveWS] Client disconnected: %s [%d remaining] 7d3dc853 6"}
{"timestamp":"2026-07-28T10:19:46.770Z","level":"info","component":"LiveWS","message":"[LiveWS] Client disconnected: %s [%d remaining] ee004840 6"}
{"timestamp":"2026-07-28T10:19:48.553Z","level":"info","component":"LiveWS","message":"[LiveWS] Client connected: %s (%s) [%d total] 7bad13b0 127.0.0.1 7"}
{"timestamp":"2026-07-28T10:19:48.871Z","level":"info","component":"LiveWS","message":"[LiveWS] Client connected: %s (%s) [%d total] e36c96ba 127.0.0.1 8"}
{"timestamp":"2026-07-28T10:20:01.760Z","level":"info","component":"LiveWS","message":"[LiveWS] Client disconnected: %s [%d remaining] 4f091190 3"}
{"timestamp":"2026-07-28T10:20:01.762Z","level":"info","component":"LiveWS","message":"[LiveWS] Client disconnected: %s [%d remaining] 19a7823a 3"}
{"timestamp":"2026-07-28T10:20:01.763Z","level":"info","component":"LiveWS","message":"[LiveWS] Client disconnected: %s [%d remaining] aa48d25c 3"}
{"timestamp":"2026-07-28T10:20:01.764Z","level":"info","component":"LiveWS","message":"[LiveWS] Client disconnected: %s [%d remaining] f5eb2911 3"}
{"timestamp":"2026-07-28T10:20:01.765Z","level":"info","component":"LiveWS","message":"[LiveWS] Client disconnected: %s [%d remaining] 75f2259e 3"}
{"timestamp":"2026-07-28T10:20:03.556Z","level":"info","component":"LiveWS","message":"[LiveWS] Client connected: %s (%s) [%d total] d5360f9f 127.0.0.1 4"}
{"timestamp":"2026-07-28T10:20:03.558Z","level":"info","component":"LiveWS","message":"[LiveWS] Client disconnected: %s [%d remaining] d5360f9f 3"}
{"timestamp":"2026-07-28T10:20:03.871Z","level":"info","component":"LiveWS","message":"[LiveWS] Client connected: %s (%s) [%d total] 44f803ff 127.0.0.1 4"}
{"timestamp":"2026-07-28T10:20:04.555Z","level":"info","component":"LiveWS","message":"[LiveWS] Client connected: %s (%s) [%d total] a0054c63 127.0.0.1 5"}
{"timestamp":"2026-07-28T10:20:04.558Z","level":"info","component":"LiveWS","message":"[LiveWS] Client disconnected: %s [%d remaining] a0054c63 4"}
{"timestamp":"2026-07-28T10:20:04.873Z","level":"info","component":"LiveWS","message":"[LiveWS] Client connected: %s (%s) [%d total] f7f35434 127.0.0.1 5"}
